static const unsigned int TTF_SFPROTEXT_compressed_size = 110596;
static const unsigned int TTF_SFPROTEXT_compressed_data[110596/4] =
{
    0x0000bc57, 0x00000000, 0x58bd0300, 0x00000400, 0x00010037, 0x000f0000, 0x00030080, 0x54464670, 0x19eda34d, 0xbd03004f, 0x2c15823c, 0x4544471c, 
    0x00270046, 0xa3020018, 0x380f8248, 0x4f504720, 0x32762853, 0xae020057, 0x0f010030, 0x5553470c, 0x7a091142, 0x301f8269, 0x0a000068, 0x2f534fc6, 
    0xedd4dc32, 0x0100004a, 0x362f8278, 0x616d6360, 0x26680070, 0x110000b6, 0x06000024, 0x73616720, 0x82ffff70, 0xa3022269, 0x381f8240, 0x796c6708, 
    0x1e3e8466, 0x1e000039, 0x740100ec, 0x616568a8, 0x988a3664, 0x201b82cd, 0x210382fc, 0x10826836, 0x15f61a23, 0x204f8250, 0x280f8234, 0x746d6824, 
    0xba251678, 0x3c0f8252, 0x0f0000d8, 0x636f6c4c, 0x645c0861, 0x17000090, 0x07000044, 0x78616da8, 0x001c0470, 0x201f826c, 0x082f8258, 0x616e2020, 
    0xd12a656d, 0x0100638e, 0x00009493, 0x6f7002e5, 0x678f7473, 0x0200e234, 0x00009878, 0xfb84a82a, 0x0000012e, 0x137d2247, 0xf53c0f5f, 0x00080b00, 
    0xe1230083, 0x83990265, 0xb1e22b07, 0xacfe844b, 0xa91412fe, 0x0f82a107, 0x02000822, 0x02830582, 0x07273382, 0x0012fe9e, 0x82fa1400, 0x1470221f, 
    0x834984a9, 0x21038619, 0x1183d303, 0x00d30325, 0x84070069, 0x00022412, 0x84010000, 0x82f98325, 0x04002c0c, 0x90010005, 0x00000500, 0x83028a02, 
    0x854b20ad, 0x5e012407, 0x82027800, 0x852283c1, 0x00e12b03, 0x4152ff02, 0x0004ffed, 0x11832080, 0x50504129, 0x0040004c, 0x85fdff20, 0x9e072783, 
    0x0060ee01, 0x54849f01, 0xa3053622, 0x20240782, 0x00080500, 0x02200089, 0x022b7382, 0x03b4007d, 0x05d300d2, 0x821e000a, 0x07903003, 0x05870067, 
    0x027300b1, 0x03d30060, 0x82f2000e, 0x036e2403, 0x829200c6, 0x8274201b, 0x82762013, 0x8293200b, 0xae280807, 0x00007002, 0x87000a05, 0x8300b603, 
    0x9700d404, 0x8d000405, 0x75002605, 0x9800f204, 0x80001805, 0x61008e04, 0x82001c05, 0x2f840b83, 0x76006022, 0x8d202f82, 0x81200382, 0x8d3a0382, 
    0x50001a04, 0x8f005807, 0x45006405, 0xb8004205, 0x8000ba05, 0xb800d005, 0x0382c404, 0x0f829420, 0x0f82f920, 0xb800f024, 0x0f822402, 0x56004e24, 
    0x07824505, 0xb8008b24, 0x1b82fe06, 0x06211782, 0x201f822c, 0x830f8215, 0x823a2007, 0x00192a13, 0x00120573, 0x00e6055e, 0x295383b6, 0x5a00be07, 
    0x59006e05, 0x5f823e05, 0x90004b26, 0x0c010e03, 0xcf82b383, 0x7f825020, 0xab048234, 0x00040000, 0x6a044101, 0xea046200, 0x7a04ac00, 0x07826c00, 
    0x92046c2a, 0xe5026c00, 0xe0043700, 0xb5360f82, 0xfa01ac00, 0xf9018600, 0x5804eaff, 0x0602ac00, 0xf606ac00, 0x3b82a200, 0xba04a222, 0xe2201f82, 
    0x27820b82, 0x820c0321, 0x00302607, 0x00e8026b, 0x2c1b823c, 0x00560498, 0x00320644, 0x00320444, 0x24378248, 0x00500444, 0x23778389, 0xb8001202, 
    0x81207f86, 0x82077b41, 0x82ae208b, 0x826d2003, 0x82672003, 0x83372003, 0xc8043323, 0x0004c000, 0x2707b500, 0x1f038000, 0x4b055300, 0x1b82b300, 
    0x8c058124, 0x17828000, 0xc603b924, 0x0f829500, 0xbb02a128, 0xd6024f00, 0xc7844b00, 0x8382ea20, 0x6000c826, 0xae006002, 0x43280f82, 0x42001902, 
    0x63005803, 0x06293b83, 0x0642003d, 0x07420081, 0x262b8205, 0x056e001a, 0x93450064, 0xae072103, 0xba201782, 0xc4206382, 0x86068741, 0x24022707, 
    0x2402f8ff, 0x0782b800, 0x0382c420, 0x0d06d225, 0x41053d00, 0x06230683, 0x8b80002c, 0x28978203, 0x002606ab, 0x00e60579, 0x20038cb6, 0x205b823e, 
    0x26578200, 0x04e100fa, 0x9362006a, 0x39072103, 0x7a241782, 0x92046c00, 0x0127038d, 0x01d5fffa, 0x82a600fa, 0x82a32007, 0x04b22203, 0x201f82a8, 
    0x20ef82ab, 0x8e0782ba, 0x287f8203, 0x00ba0461, 0x00ab045b, 0x24038c98, 0x04440058, 0x823382e2, 0x82052007, 0x907f83ff, 0x82fb8307, 0x9705207f, 
    0x00d02807, 0x009e05b8, 0x8223056c, 0x82c42077, 0x9ea783cb, 0xf9052507, 0xe0048000, 0x07973382, 0x4782f020, 0xcfffb52e, 0x3d006906, 0x3900ee04, 
    0xc4ff2402, 0xa220e382, 0xd9200782, 0x0620f382, 0xc3200782, 0xa1240f82, 0x13002402, 0xfb200782, 0xa0200782, 0xa6321782, 0xb8007206, 0x8600f303, 
    0x56004e04, 0xa1fff901, 0x47824505, 0xac00582c, 0xab005904, 0xb8008b04, 0x0b820602, 0x48200785, 0xba200f84, 0xf0200f86, 0x84270782, 0x8d023d00, 
    0x83053900, 0x00ab227b, 0x210797a2, 0xbb822c06, 0x6c00ba22, 0x0925078f, 0x07800015, 0x20d382c3, 0x2083823a, 0x853f820c, 0x053e2107, 0x1f280785, 
    0x73001905, 0x6b003004, 0x12270798, 0xe8025e00, 0x8a053c00, 0x1c032b07, 0xe6055000, 0xab04b600, 0x07a79800, 0x00be072d, 0x0032065a, 0x003e0544, 
    0x85580445, 0x4b052707, 0x50049000, 0x078f8900, 0x00e5023b, 0x002906ea, 0x00b70614, 0x00c40414, 0x00e2058e, 0x00e80476, 0xff94046e, 0x281b82fd, 
    0x00bc0427, 0x00dc0245, 0x0847415c, 0x19007022, 0x2107d742, 0xeb82ba04, 0x90003722, 0xe3209784, 0x77209f82, 0xab2c6f82, 0xca044400, 0xfa016400, 
    0x7303ac00, 0x24080382, 0x025100b6, 0x0b870012, 0x0ab8001b, 0x09b80020, 0x086c003a, 0x06b800d9, 0x03b80084, 0x0aac00ff, 0x07b8003e, 0x220f82e9, 
    0x42a200a4, 0xeb410777, 0x41a32006, 0xf7a7075f, 0x00a60423, 0x0fbb4276, 0x00ae072d, 0x00390745, 0x00140662, 0x42150580, 0x45260a6f, 0x5804b800, 
    0xc341cdff, 0xf901230f, 0xab8ba1ff, 0x4208a742, 0x23430713, 0x26578806, 0x04790026, 0x865b00ba, 0x86302077, 0x04622807, 0x048d00c4, 0x824e0092, 
    0x82b82007, 0x826c2007, 0x012824d3, 0x42fafefa, 0x778607b7, 0xe3885920, 0x96003a26, 0x76ff0c03, 0x20062b42, 0x20f3861d, 0x42fb884c, 0x1b42073b, 
    0x061f4307, 0x67846f8a, 0x0f8fcf8f, 0x82071342, 0x83ea20e7, 0x07d3433b, 0x00f0032f, 0x00600246, 0x01000476, 0x00000474, 0x821b833d, 0x05ae2a0f, 
    0x064500cf, 0x034500fb, 0x2007822f, 0x2a0382ae, 0x0745007e, 0x02450001, 0x8451ff66, 0x00422a3f, 0x007e04b8, 0x007205b8, 0x2deb8367, 0x90004b05, 
    0xb800f005, 0x80003906, 0x17822402, 0x03824520, 0x53005822, 0x23079f46, 0x8e003f05, 0x05219383, 0x201782dc, 0x82038215, 0x339383cf, 0x7600b406, 
    0x59006e05, 0xa9008c06, 0x87003606, 0xd2ff2402, 0xf633ab84, 0x21046200, 0xe9046c00, 0x66025500, 0x6f04a200, 0x83047c00, 0x82d62013, 0x005b260b, 
    0x00960448, 0x231f835c, 0x57009703, 0x04232383, 0x846c00b6, 0x82982027, 0x0070231f, 0x23820419, 0x00b50335, 0x00ba0458, 0x005d056c, 0x00c20446, 
    0x00520498, 0x82110562, 0x00132257, 0x224f823c, 0x82c60594, 0x00482a0b, 0x006d0525, 0x001a0694, 0x20db8276, 0x831783ac, 0x83078333, 0x88042b13, 
    0xb703c200, 0xd804ab00, 0x0383c200, 0x00b70623, 0x08138368, 0x00e2052d, 0x002d058a, 0x0038027d, 0xff3802c2, 0x006204dc, 0x008c0860, 0x00eb0828, 
    0x002507c2, 0x00590568, 0x000406c2, 0x002605c2, 0x82f0054f, 0x82782007, 0x82152007, 0x82562007, 0x82538247, 0x83282013, 0x2908274f, 0xe8044400, 
    0x2b836400, 0x37822f84, 0x00a50525, 0x85120728, 0x4006213f, 0x3f836782, 0x3b822920, 0x0b82ce20, 0x5b822620, 0x06295382, 0x057b00a4, 0x06630082, 
    0x2417822b, 0x0786008c, 0x207782b4, 0x243382ed, 0x075e0025, 0x20138228, 0x2303821f, 0x088000e2, 0x60260783, 0x7e046e00, 0x6f826c00, 0xa7827620, 
    0xcf84ab20, 0x2200e82c, 0x7600a604, 0x34004706, 0x1f823704, 0xe382d720, 0xa0240383, 0x05063200, 0xc8200b82, 0xce240382, 0xbe047600, 0xf6240782, 
    0x8e04ac00, 0x08280b82, 0x6c045000, 0xeb054e00, 0x46240b82, 0xf6045200, 0x8c281b82, 0x8a069700, 0xc406ab00, 0xe3240b82, 0xd6054800, 0x22200782, 
    0x8e240382, 0x5e065f00, 0x40200782, 0x67823382, 0x05236b83, 0x84430002, 0x008e2a7b, 0x00440475, 0x000e0275, 0x26038290, 0xff0d0200, 0x82bd06f4, 
    0x00e62277, 0x212383ab, 0x8b865904, 0x7f836b82, 0x0068062c, 0x00bd0469, 0x003f0650, 0x9382048a, 0x001d0627, 0x00a90445, 0x2607864e, 0x0019064a, 
    0x82f404c2, 0x005f2a3b, 0x005a0440, 0x00150538, 0x209b82b8, 0x08bb41ac, 0x4000c824, 0x1782ef03, 0x27824020, 0xab008228, 0x44007108, 0xf7828d06, 
    0x6400e823, 0x21fb8204, 0x1782a205, 0x0521c382, 0x200782d1, 0x204782f9, 0x30478299, 0x06390092, 0x045e005f, 0x062800fa, 0x05c2003d, 0x24378200, 
    0x06b8004a, 0x3007827b, 0x07c200bb, 0x07ab003e, 0x068b00c9, 0x0576008b, 0x209782ce, 0x2e07828e, 0x04680026, 0x05500008, 0x044f0052, 0x88440056, 
    0x00b03807, 0x007d0463, 0x00590752, 0x00be055f, 0x00c5055e, 0x00c40486, 0x82c80597, 0x00b02407, 0x82ae0586, 0x00c92a77, 0x00e406b6, 0x00bd053c, 
    0x25078741, 0xc2003802, 0xab822908, 0x34004724, 0x23822405, 0x9b825020, 0x2800b828, 0x3200bb04, 0x0f820406, 0xab00c824, 0x07821706, 0x1782e520, 
    0x4b828c20, 0x97008c30, 0xc2003107, 0xab002106, 0xb6001a02, 0x87827805, 0x6c007e22, 0x07290787, 0x074500ae, 0x046c004d, 0x203382d8, 0x23af82a6, 
    0x058000f6, 0x04200382, 0x67870b82, 0x13410420, 0x9d042306, 0x63846c00, 0x6382d720, 0x07836b83, 0x7f414020, 0x25078e06, 0x8000e205, 0xdb828e04, 
    0x6f822620, 0x4e006c23, 0x86078f05, 0x078f419b, 0x0028072d, 0x00d605c2, 0x00c804ab, 0x821f0440, 0x00822e2f, 0x00410464, 0x00820552, 0x00460463, 
    0x36838252, 0x0037046e, 0x00a50575, 0x00a00428, 0x00d20732, 0x00460664, 0x822b064e, 0x82f620b7, 0x8201208f, 0x8208203f, 0x82de20df, 0x00d6271f, 
    0x00000432, 0x03820800, 0x02310787, 0x020000aa, 0x01000000, 0x05000054, 0x0200000a, 0x200b8260, 0x20108220, 0x82038290, 0x0a052f02, 0xab045100, 
    0xfe065100, 0x8b035100, 0x1f82b800, 0x0383a120, 0x00ac0323, 0x230387a1, 0x5c002804, 0x032c0383, 0x031601c6, 0x06e800c6, 0x01ae0070, 0x0a234382, 
    0x87870069, 0xf8042b2b, 0x9004a100, 0x90034500, 0x0383b300, 0x001a0428, 0x00cf0450, 0x13820400, 0x00490723, 0x283782ac, 0xfed00193, 0x006605ac, 
    0x21178378, 0x8b82c701, 0x4500d93a, 0x5d006601, 0x4000e902, 0x5300cc02, 0x4500e102, 0x37009302, 0x4300e402, 0xb0260b84, 0xb0023b00, 0x03844200, 
    0x9c00212b, 0x47002102, 0x83004d03, 0x21378202, 0x17821902, 0xac06e34a, 0x001f3e3f, 0x003b0353, 0x00580361, 0x00f70263, 0x00540343, 0x0012038a, 
    0x006e0190, 0x00ec0472, 0x2f5f8393, 0x8b007403, 0x5b00f602, 0x30000e02, 0x49000a05, 0x47200382, 0x7a200382, 0x20068b4b, 0x2007824b, 0x2c038228, 
    0x00260841, 0x002607a8, 0x00c80528, 0x200f823c, 0x20038285, 0x20038250, 0x20038233, 0x20038264, 0x203b8641, 0x20078238, 0x830b866a, 0x82a12023, 
    0x8275200b, 0x822f2003, 0x825f2003, 0x824c203b, 0x06dd2c07, 0x065300ed, 0x095300c8, 0x82950080, 0xb124080f, 0x64001207, 0x64003807, 0x95005a08, 
    0xb8004809, 0x80008c05, 0x3e00bd06, 0x3300ac06, 0x45003e05, 0x42007c06, 0x42220b82, 0x0782bd08, 0x42009b28, 0x4f003d07, 0x07829106, 0x4f003b2a, 
    0x4b005607, 0x40006907, 0x07211f83, 0x2057825f, 0x201782af, 0x2013826c, 0x280b8262, 0x0237007d, 0x03b80024, 0x235382ec, 0x06b800b4, 0x05210382, 
    0x2c4f8264, 0x085c00b4, 0x0a5c007c, 0x065c0044, 0x221b829c, 0x8259006e, 0x085c2607, 0x045c0064, 0x4d0f828b, 0x062d0683, 0x01b800fe, 0x038600fa, 
    0x058600b2, 0x34038268, 0x0486005b, 0x05530074, 0x0753005b, 0x08430002, 0x054300ba, 0x20138240, 0x20138248, 0x246f823f, 0x024300e7, 0x09434d06, 
    0x00f60637, 0x00ba05a2, 0x007a0476, 0x005b075c, 0x003f0745, 0x004006c8, 0x200788c8, 0x200f82ac, 0x23038e1d, 0x068c008c, 0x08210382, 0x3a2782e0, 
    0x07a000da, 0x04a000b9, 0x057e00b1, 0x05670072, 0x05a300e8, 0x05d0000e, 0x8281000a, 0x05802403, 0x823f010a, 0x05d82403, 0x82c40080, 0x074b2703, 
    0x044e003c, 0x1782004e, 0x23831f84, 0x8d200387, 0x8d242f82, 0x8c006707, 0x4120039c, 0x038a7382, 0x0012023b, 0x00fc0db8, 0x00fa1451, 0x00360451, 
    0x007c038c, 0x001704a2, 0x0034026b, 0x2c1b82b8, 0x00ca04ac, 0x0045086c, 0x00000048, 0x22038603, 0x8201001c, 0x04002409, 0x84030016, 0x001c2409, 
    0x82fa0304, 0xb2b80811, 0x06008000, 0x7e003200, 0x0f01ac00, 0x48011001, 0x81017f01, 0x92018a01, 0xa901a101, 0xed01b701, 0x1b02f501, 0x33021f02, 
    0x42023c02, 0x7e035902, 0x8c038a03, 0xa303a103, 0xbc03bb03, 0xdd03ce03, 0x3a043904, 0x63045f04, 0xd8047704, 0xdf04d904, 0xff04e004, 0x1d051305, 
    0x2f052705, 0x0b202b1d, 0x44202920, 0x60205420, 0x8e207120, 0x9c209320, 0xb520ae20, 0x0921bf20, 0x2b211721, 0x5e214421, 0x84217f21, 0x94218921, 
    0xbb219921, 0xea21c521, 0x12220722, 0x1e221b22, 0x3c222b22, 0x65224822, 0xa1229c22, 0x0225c522, 0x3b2eb825, 0x31a70330, 0xafa78ca7, 0xfffffdff, 
    0x2024bb82, 0xae00a000, 0x1122b382, 0xb3844a01, 0x94018e22, 0xaf2cb382, 0xf001c001, 0x1e02f801, 0x37022602, 0x8420b386, 0x8e20b382, 0xa420b382, 
    0xbd24b382, 0x0004dc03, 0x3b26b382, 0x72046204, 0xb3828a04, 0xb382da20, 0x1005e128, 0x24051c05, 0xb3822e05, 0x0c20003c, 0x53202f20, 0x70205f20, 
    0x90207420, 0xa1209520, 0xb820b120, 0x16210021, 0xb3822021, 0x60215024, 0xb3828321, 0x96219024, 0xb382ba21, 0x0222e726, 0x17220f22, 0x6024b388, 
    0x9d229522, 0x3a20b386, 0x3022b382, 0xb38589a7, 0xffe3ff35, 0xffc1ffc2, 0xffc0ff81, 0xffbeffbf, 0x00b3ffb6, 0x82a5ff00, 0xff942803, 0xff90ff92, 
    0x8288ff8e, 0x7e35080b, 0x43fe18ff, 0x3dfe3efe, 0xabfd3cfe, 0xbafc3afe, 0x2cfe39fe, 0xbefc0afe, 0x07fe09fe, 0xe7fdf9fd, 0xe6fd98fc, 0xe5fd73fc, 
    0xcdfdd5fd, 0xc1fdc7fd, 0xf1e219e5, 0x2f008200, 0x0000c6e2, 0xaae2ace2, 0xa8e2a9e2, 0xa2e2a4e2, 0x00361282, 0x000050e2, 0x1be226e2, 0x17e21ae2, 
    0x0de213e2, 0xece10ce2, 0x1983e3e1, 0xe100002b, 0xe197e199, 0xe17be18b, 0x2c0b8270, 0xe0000028, 0xddc7deed, 0xd390d551, 0x211f83c9, 0x0582225c, 
    0x03820120, 0xa020028f, 0xb8201082, 0x02870382, 0x0887be20, 0x922207ae, 0x3182cc00, 0x0382f420, 0xea270289, 0x0000f800, 0x90000801, 0x0c012500, 
    0x1c011201, 0x01211689, 0x20278218, 0x210f8a20, 0x0d82011e, 0x82240121, 0x83462015, 0x47012915, 0x49014801, 0x4a010000, 0x07820d83, 0x4c014b28, 
    0x4f014d01, 0x0f835001, 0x01510123, 0x22078452, 0x84bc0153, 0x01bd2807, 0x02bf01be, 0x83fc02fc, 0x1000290d, 0xfd021000, 0xff02fe02, 0x20063e43, 
    0x20078201, 0x24038202, 0x03040303, 0x27078205, 0x03070306, 0x00090308, 0x03210082, 0x2e04820a, 0x03020002, 0x000c030b, 0x030d0300, 0x820f030e, 
    0x25028211, 0x11031003, 0x08821203, 0x13030026, 0x14030000, 0x15300382, 0x17031603, 0x1b031803, 0x5803fc02, 0x5a035903, 0x5b2a1382, 0x5d035c03, 
    0x5f035e03, 0x0d826003, 0x62036126, 0x64036303, 0x65263584, 0x00006803, 0x0b836903, 0x01000022, 0x2506b341, 0x86002e00, 0x1383a903, 0x03aa0323, 
    0x820783ab, 0x03d02e1b, 0x00ad03ac, 0x03ae0300, 0x03b903af, 0x3f1583ba, 0xbc03bb03, 0xc503be03, 0xc703c603, 0xcd03c803, 0x1d00ce03, 0xcf030000, 
    0xd203d003, 0x0a020600, 0xd6822383, 0x09830282, 0x01230388, 0x85000200, 0x20078700, 0x85009600, 0x03320839, 0x05000400, 0x07000600, 0x09000800, 
    0x0b000a00, 0x0d000c00, 0x0f000e00, 0x11001000, 0x13001200, 0x15001400, 0x17001600, 0x19001800, 0x1b001a00, 0x87821c00, 0x001e8608, 0x0020001f, 
    0x00220021, 0x00240023, 0x00260025, 0x00280027, 0x002a0029, 0x002c002b, 0x002e002d, 0x0030002f, 0x00320031, 0x00340033, 0x00360035, 0x00380037, 
    0x003a0039, 0x003c003b, 0x003e003d, 0x0040003f, 0x00420041, 0x00440043, 0x00460045, 0x00480047, 0x004a0049, 0x004c004b, 0x004e004d, 0x0050004f, 
    0x00520051, 0x00540053, 0x00560055, 0x00580057, 0x005a0059, 0x005c005b, 0x005e005d, 0x0060005f, 0x08d98261, 0x860085a8, 0x8a008800, 0x97009200, 
    0xa2009d00, 0xa300a100, 0xa400a500, 0xa800a600, 0xa900aa00, 0xac00ab00, 0xad00ae00, 0xb000af00, 0xb400b200, 0xb500b300, 0xb600b700, 0xba00bb00, 
    0xbd00bc00, 0x71000603, 0x65006400, 0x08036900, 0xa0007700, 0x6b006f00, 0x75006903, 0xb9036a00, 0x99008700, 0x7200b503, 0xbc03bb03, 0x76006700, 
    0xae03ab03, 0xf901ad03, 0x6c00b603, 0xe3017b00, 0xb900a700, 0x63008000, 0xb3036e00, 0xb8034501, 0x6d00d001, 0x0a037c00, 0x81006200, 0x96008400, 
    0x12011101, 0xff02fe02, 0x04030303, 0x73430103, 0x01c02606, 0x03180337, 0x08594250, 0x7800073e, 0x05030203, 0x83000c03, 0x82008b00, 0x89008c00, 
    0x8f008e00, 0x8d009000, 0x95009400, 0x93283582, 0x9c009b00, 0xf1009a00, 0x00220b82, 0x05847000, 0x79000022, 0x06890786, 0x001cba08, 0x006a0032, 
    0x011401c4, 0x017e0170, 0x01b8019c, 0x02f401dc, 0x02100202, 0x02360226, 0x027c0268, 0x03f402ac, 0x0354031a, 0x04b603a2, 0x04520404, 0x049a047a, 
    0x04c204ae, 0x051205d6, 0x05a00582, 0x061006d8, 0x06500638, 0x06a00666, 0x06c406b8, 0x070007e4, 0x07300710, 0x07800748, 0x08ec07a8, 0x08600816, 
    0x08900872, 0x08ca08a6, 0x090809ee, 0x09340920, 0x09580944, 0x0978096c, 0x09c80988, 0x0a2c0afa, 0x0a940a5e, 0x0bfa0ab4, 0x0b340b1a, 0x0b740b58, 
    0x0bb40b80, 0x0c000cd4, 0x0c660c32, 0x0cc20c82, 0x0d040de4, 0x0d3c0d1a, 0x0d820d5c, 0x0dcc0d9a, 0x0e0a0eda, 0x0d01822c, 0x8a0e481a, 0x040fbe0e, 
    0x440f300f, 0xd40fae0f, 0x7e104410, 0xb410a410, 0x20111211, 0x6a114a11, 0xdc119811, 0x1a12ea11, 0x50123812, 0x8c127812, 0xda12b412, 0x50130e13, 
    0xf213b613, 0x42141a14, 0xb4147014, 0x3215f014, 0xb0155a15, 0xf215d215, 0x4c161816, 0x78166216, 0xbc169216, 0x2c17ee16, 0xac176c17, 0x4e18f217, 
    0xc418a218, 0x34190e19, 0x86195a19, 0xe219c019, 0x4e1a101a, 0xde1a961a, 0x8e1b2a1b, 0x4e1cee1b, 0x021db41c, 0x7e1d401d, 0x161ec01d, 0x421e2c1e, 
    0x8a1e5c1e, 0x181fd41e, 0x821f4e1f, 0x0c20bc1f, 0x86205820, 0xf420ca20, 0x4a211c21, 0xba218c21, 0x3222ec21, 0x9e225822, 0x2823d422, 0xac235a23, 
    0x2624ec23, 0xaa246c24, 0x2c25ee24, 0xb2257225, 0x2426ea25, 0x7e265e26, 0xea26ba26, 0x5a273427, 0xc8279c27, 0x38281228, 0xc2287a28, 0x64291429, 
    0x042abe29, 0x982a562a, 0x0c2be62a, 0x602b3a2b, 0xba2b882b, 0x002cec2b, 0x382c142c, 0x7a2c5a2c, 0xc02ca62c, 0xf22ccc2c, 0x562d282d, 0x9e2d7a2d, 
    0xde2dc22d, 0x0c2ef62d, 0x3a2e242e, 0x6a2e542e, 0xb02e8e2e, 0xe42ecc2e, 0x2e2f062f, 0x762f4e2f, 0xcc2f9e2f, 0x1a30f02f, 0x8e305a30, 0x1e31dc30, 
    0xa2316631, 0x4032ea31, 0x9a327432, 0xf032cc32, 0x56332a33, 0xf033a833, 0x92344634, 0x5635f834, 0xfa35ac35, 0x6c362a36, 0xb8368c36, 0x0037d636, 
    0x86374237, 0xd437ac37, 0x3e380838, 0xc0388038, 0x1c39ec38, 0x86395239, 0xe839b839, 0x423a103a, 0x9a3a783a, 0xe23abc3a, 0x303b083b, 0x703b583b, 
    0xec3bb63b, 0x3e3c043c, 0xa63c863c, 0x0e3dd23c, 0x4e3d243d, 0xb23d763d, 0x303eec3d, 0x863e683e, 0xd83eae3e, 0x2e3ffc3e, 0x703f623f, 0xa63f843f, 
    0x0e40c43f, 0xaa405840, 0xfe40d240, 0x5a412841, 0xce419041, 0x4a42fc41, 0x82426642, 0x0243c842, 0x5c432e43, 0xe843a843, 0x78443644, 0x1045ca44, 
    0xa0455e45, 0x2446d645, 0xbe468446, 0x44471447, 0xf847b247, 0x8e484648, 0x0c49e048, 0x86493849, 0x1c4ac849, 0x8a4a664a, 0x004bc44a, 0x864b444b, 
    0xf64bd44b, 0x6e4c204c, 0x104dde4c, 0xd04d7e4d, 0x4c4e1c4e, 0xd24e9c4e, 0x4e4f264f, 0xc44f944f, 0x2c500e50, 0x6e504a50, 0xd8509050, 0x62511451, 
    0xe051a451, 0x4e520c52, 0xae528052, 0x1453de52, 0x9c534a53, 0x0054e453, 0x52542c54, 0xac548054, 0x2e55f854, 0xe6558055, 0x94563456, 0x2c57e856, 
    0xb8576457, 0x1e58fc57, 0x60584a58, 0xe2589258, 0x5c592a59, 0x8a597c59, 0xd859b059, 0x105af059, 0x445a305a, 0xa65a845a, 0x225be85a, 0x785b405b, 
    0xa45b885b, 0xd45bbc5b, 0x2a5cec5b, 0x525c365c, 0x885c685c, 0xbc5ca05c, 0x065df45c, 0x405d2e5d, 0x9a5d5a5d, 0xe85dbe5d, 0x4c5e225e, 0xc85e825e, 
    0x485f125f, 0xb05f6a5f, 0x3460ee5f, 0x9e605860, 0x1861e260, 0x78614661, 0xba619261, 0x0c62ee61, 0x84625862, 0xda62a862, 0x44631263, 0x8c636463, 
    0x0a64ce63, 0x78643c64, 0xfa64b264, 0x5c652e65, 0xb665a065, 0xee65cc65, 0x56662266, 0xaa666e66, 0x0067f466, 0x4a672a67, 0xbc678a67, 0x0868e467, 
    0x64682a68, 0x9a687c68, 0xfc68c468, 0x36690c69, 0x7a694e69, 0xda69c269, 0x226a066a, 0x686a486a, 0xb86a806a, 0xf26aca6a, 0x3c6b2a6b, 0xa66b646b, 
    0xe46bca6b, 0x1e6c066c, 0x646c3a6c, 0xb66c906c, 0x2e6df06c, 0x9a6d5a6d, 0x186ee06d, 0x546e2a6e, 0xb46e8a6e, 0x106ff86e, 0x5c6f3c6f, 0x946f7c6f, 
    0xd26fc06f, 0x36700470, 0x70704a70, 0xd070b070, 0x0a71ea70, 0x3e712271, 0x8e716471, 0xe871b071, 0x4a721e72, 0xde728872, 0x2a731273, 0xa2736273, 
    0xf273bc73, 0x4e741674, 0xa4747c74, 0xea74c874, 0x3c752275, 0x98756c75, 0x2c76e675, 0x72765076, 0xda76a676, 0x40770e77, 0x9c777077, 0x1478d077, 
    0x3a782678, 0x6e785478, 0xd278a078, 0x34790479, 0xca798079, 0x0e7aec79, 0x5c7a347a, 0xa67a807a, 0xe67ac67a, 0x207b027b, 0x567b3a7b, 0xbe7b8a7b, 
    0x6c7c1a7c, 0xde7ca87c, 0x0e7df67c, 0x427d287d, 0x847d647d, 0xd27dac7d, 0x0e7ef07d, 0x5c7e367e, 0xb07e887e, 0xf27ed27e, 0x807f3a7f, 0x1680cc7f, 
    0x60802280, 0xd0809e80, 0x2c810081, 0x76815481, 0xb8819a81, 0x0082d881, 0x4c822682, 0x7e827282, 0x0283b082, 0x9e833e83, 0x2c84c683, 0xa0845884, 
    0x3085da84, 0xcc858485, 0x7c861886, 0x1687e086, 0x5a873887, 0xca879087, 0x6a881e88, 0xd688a488, 0x7e892c89, 0x2c8ad489, 0x888a5c8a, 0x128bcc8a, 
    0x7c8b488b, 0xfa8bba8b, 0x268c108c, 0xbc8c708c, 0x0c8de28c, 0x788d428d, 0xca8da28d, 0x568e128e, 0xb08e868e, 0xf68ed48e, 0x288f108f, 0x728f4e8f, 
    0xc28f9c8f, 0xd03a0198, 0xec8fde8f, 0x10900090, 0x34901e90, 0x60904a90, 0x9e907a90, 0xd490ba90, 0x01820a91, 0x88917a3c, 0xba919e91, 0xe491ce91, 
    0x4092fc91, 0x74925c92, 0xe292d492, 0x2693f092, 0x01824093, 0x9368a209, 0x93a69384, 0x941c94dc, 0x947a9430, 0x94d094ba, 0x95f294de, 0x9526950c, 
    0x956c9546, 0x95ac957e, 0x961096f0, 0x96869646, 0x97e4969a, 0x97389724, 0x97589744, 0x978c9772, 0x98f697c6, 0x983a981e, 0x9876985a, 0x98b89884, 
    0x990899d6, 0x996a9948, 0x9a0e9ac4, 0x9a709a2c, 0x9bee9aac, 0x9b889b20, 0x9cfc9bca, 0x9c8a9c44, 0x9ddc9cb0, 0x9d709d26, 0x9ef89daa, 0x9e569e3c, 
    0x9eb89e82, 0x9f129fe2, 0xa0a09f5a, 0xa086a00a, 0xa11ea1e2, 0xa2c6a176, 0xa244a200, 0xa3f8a29c, 0xa33ca322, 0xa4b8a364, 0xa458a400, 0xa514a5ca, 
    0xa6f2a578, 0xa7a0a64c, 0xa874a716, 0xa882a802, 0xa9eea8e2, 0xa91ca902, 0xa94ea938, 0xa98ea96a, 0xaae0a9b8, 0xaa2caa04, 0xaa6aaa5a, 0xaacaaaa2, 
    0xab04abea, 0xab6eab30, 0xabacab96, 0xac0eacd4, 0xac8cac5a, 0xade0acac, 0xad32ad26, 0xad96ad64, 0xae00aeca, 0xae9eae32, 0xaf08afd2, 0xaf72af3c, 
    0xb0f4afc2, 0xb058b026, 0xb1e0b08a, 0xb194b134, 0xb25cb2e6, 0xb2b8b29a, 0xb2f0b2d0, 0xb326b3fe, 0xb35ab348, 0xb4cab374, 0xb44ab422, 0xb4a8b46c, 
    0xb5e8b4cc, 0xb51eb502, 0xb6ceb580, 0xb68ab638, 0xb72eb7d4, 0xb812b8b0, 0xb888b856, 0xb906b9cc, 0xb922b914, 0xb946b930, 0xb9a2b95c, 0xb9beb9b0, 
    0x0054baf8, 0xffb40002, 0x05c901ee, 0x000300a4, 0x1300000c, 0x02033303, 0x36342622, 0x14151632, 0x11c811eb, 0x4e4e7a15, 0xe0014d7a, 0x3cfcc403, 
    0x7a4e0efe, 0x3d3e4e4f, 0x28008200, 0x03d30002, 0x05ff026a, 0x203782a3, 0x20378507, 0x243b8233, 0x15ba15e8, 0x820382e2, 0xfd39231b, 0x038202c7, 
    0x1e242b84, 0xed040000, 0x1b2a2b82, 0x00001f00, 0x23132321, 0x03843337, 0x21033323, 0x08368213, 0x0323073e, 0x03210721, 0x37211323, 0x01211321, 
    0xeb528e45, 0xf84aed1c, 0x8e50f81d, 0x50490150, 0x1cf9508f, 0x04014bfa, 0x53fbfe1c, 0xb7fe538f, 0x4a49011e, 0x9301b7fe, 0x8f6c0190, 0x7bfe8501, 
    0x8f250383, 0xfe9094fe, 0x8213846d, 0x90240891, 0x73046fff, 0x29003406, 0x3a003100, 0x35050000, 0x3527012e, 0x011e1537, 0x2e271117, 0x34013d01, 
    0x33353736, 0x15210e83, 0x351a8307, 0x011e1711, 0x0614011d, 0x14011507, 0x0e111716, 0x27011501, 0x27833e11, 0x02264108, 0x06fbba4b, 0x7c830eae, 
    0xe1c0bf17, 0xebb178b5, 0x830aae06, 0xc8c91f67, 0xa0febbf5, 0x7b6d7c6c, 0x85066601, 0xa9916e7d, 0x01a8d611, 0x80640201, 0x06e1010e, 0x0290b12e, 
    0xa911cf9e, 0xa2d510a9, 0x3b081482, 0xfe0d7a63, 0xb1310735, 0xcfac0297, 0xa804a80f, 0x011e6c4d, 0x4c7a0fae, 0xfe015ffe, 0x5c790b3a, 0x006a5602, 
    0xff870005, 0x05e006ed, 0x000b00b6, 0x001b000f, 0x00330027, 0x26200000, 0x2021ab83, 0x269c8216, 0x33012303, 0x82363200, 0x2226220f, 0x8b0f8206, 
    0x8a04201b, 0x38023617, 0x9d9decfe, 0xbc9e1401, 0xa2d603a2, 0x539474fb, 0x05529453, 0x21148630, 0x0f848efe, 0xd1ac0227, 0xd0b401b4, 0x2b0482d0, 
    0xa30583fc, 0x7f8f80fd, 0x8e8e7f01, 0xfc210482, 0x2019883b, 0x8214885a, 0x00033889, 0x05e5ff73, 0x00c50595, 0x00300022, 0x0500003b, 0x013d2422, 
    0x41372510, 0x3321054e, 0x22a38332, 0x82010706, 0x15332ca0, 0x15130710, 0x01062723, 0x41171614, 0x75080545, 0x15062223, 0x33161403, 0x07013732, 
    0x0215010e, 0xeffed75b, 0x65352201, 0xa09ed251, 0x01a98fd0, 0x78a84b62, 0xb280e2fc, 0x59433ffe, 0x586e6a85, 0xb3996f56, 0xfe83d491, 0x6e68306b, 
    0x02b5e61b, 0x1a8f0501, 0x024a9770, 0x8db7b88a, 0x5aae6c02, 0xde9c86fe, 0xcdfe1a19, 0x01f3fec9, 0x9204a88d, 0x45606f37, 0x53024b78, 0xfd536a68, 
    0x8b967913, 0x3217bb01, 0x8a4c5993, 0x03d32805, 0x058d016a, 0x420300a3, 0xe82005a5, 0x2c089d42, 0xf2000100, 0xa00298fe, 0x0b00e205, 0x080c8200, 
    0x01101128, 0x11020633, 0x02171210, 0x01e4fe0e, 0x906d921c, 0x98fe6d90, 0x2c027901, 0x77012e02, 0xfeeafd8a, 0xfdfafefb, 0x57858bec, 0x3b826e20, 
    0x3b861c20, 0x12362328, 0x27021011, 0x43820033, 0x37840020, 0x1c019234, 0x028b98fe, 0x01060114, 0x8a160205, 0xd2fd89fe, 0x3882d4fd, 0x00012b08, 
    0x03d40292, 0x00910534, 0x01000011, 0x37270713, 0x03173727, 0x17370733, 0x27071707, 0x0b9f0117, 0xe8e844d4, 0x890bd444, 0x0883d30b, 0x020bd335, 
    0x860001d4, 0x6a7a7b6a, 0xff000186, 0x7b7a6a85, 0x82ff856a, 0x7400273a, 0x96042a00, 0xbb836004, 0x35132008, 0x11331121, 0x11211521, 0x01741123, 
    0xc001a2c0, 0x01a240fe, 0xca01a2f4, 0xfea236fe, 0x83ca0136, 0x7622082f, 0x940191fe, 0x0300ca00, 0x011b0000, 0x57760333, 0x91fe9dc7, 0xc7fd3902, 
    0x93000100, 0x3303f401, 0x1b839602, 0x15234b82, 0x82a00293, 0x82a2203d, 0x261b82ae, 0x01f6ffae, 0x83fa00b2, 0x22053567, 0x36343526, 0x15163233, 
    0x30010614, 0x354d4d35, 0x0a4c4c36, 0x36220584, 0x2b824d35, 0x98fe0026, 0xe2056f02, 0x093b4783, 0x02012301, 0xa738fe6f, 0xe205c801, 0x4a07b6f8, 
    0x00020000, 0x04deff87, 0x82c50583, 0x0019294b, 0x00200400, 0x00103511, 0x15240582, 0x12320510, 0x41080b82, 0x02222302, 0x12101511, 0x24fe7203, 
    0x0f01f1fe, 0x1101dc01, 0xaf9b01fe, 0xae9a9baf, 0x950122ae, 0x01025e01, 0xfe94015e, 0x02a3fe6b, 0x01f9a3fe, 0x02150141, 0x3f011501, 0xebfec1fe, 
    0xfeeafe02, 0x838200c0, 0x68828320, 0xa305b631, 0x00000700, 0x01231121, 0x11330135, 0x82100202, 0xb3802afc, 0xf6fedb04, 0xfa1401be, 0x2027835d, 
    0x20818297, 0x258b8247, 0x3300001d, 0xa7420135, 0x07340809, 0x2436012f, 0x1d043233, 0x07061401, 0x15211501, 0x90e801a1, 0x827d945e, 0x02ac019e, 
    0xcf0b0101, 0x89ff00be, 0x02b8fec3, 0x10027cac, 0x025b999c, 0x7f9c9674, 0xc02b1882, 0x02aee6f8, 0xfec9e57c, 0x83a210ad, 0xff8d345f, 0x058104e8, 
    0x003100bb, 0x24220500, 0x1733012f, 0x4333011e, 0x2b2205a8, 0x09863501, 0x06222326, 0x3723010f, 0x40437083, 0x1e153f05, 0x14011d01, 0xdc8c0204, 
    0x010fedfe, 0xb70b01ad, 0xb0b08e8f, 0x80adb599, 0x80848fa4, 0x12820ba7, 0x01113108, 0xfbcdc905, 0xc1a08ba7, 0xdc18e4fe, 0x6b0a0cae, 0x02739085, 
    0x8d989183, 0x7d71026d, 0x0a0a6d7f, 0xa5cfd7b1, 0x1db38202, 0x98bc0e04, 0x00eeb502, 0x02220082, 0xef827500, 0xa305b134, 0x11000b00, 0x11210000, 
    0x01003521, 0x15331121, 0x06821123, 0x00232a08, 0xfd340303, 0x013c0141, 0xcd05012e, 0x0249fdcd, 0xf2fe0c08, 0xa42b01ee, 0xc1011302, 0xfea129fc, 
    0x03cb01d5, 0xfe6cfe31, 0x264b826f, 0xff980001, 0x827104de, 0x9124204b, 0x22232cdb, 0x23070607, 0x21152113, 0x823e3303, 0x820020f0, 0x020026ce, 
    0xf5fec77b, 0x08bb8210, 0x7dad0d3b, 0x8cb5b490, 0x182a5c94, 0x23034c9c, 0x10316bfd, 0xcb63a130, 0xe6fe0701, 0x0bb0e422, 0xb98e6a08, 0xb9900293, 
    0x032e2858, 0x18fea13d, 0xeffe4e48, 0xfeda02d1, 0x000200ec, 0x26738280, 0x00c50598, 0x83330025, 0x32208275, 0x21001001, 0x011f1632, 0x012e2723, 
    0x030e2223, 0x89150607, 0x14012272, 0x09634116, 0x02156408, 0x8e97539f, 0x24013f68, 0xfeb40701, 0x04b50325, 0x4d6c9522, 0x1e3c567c, 0x2b130103, 
    0x01cb8bca, 0xfde2fe0e, 0x8889bddd, 0x8d8cb7be, 0x6d2e22bc, 0x029dfda4, 0x9b017101, 0x0b0da1c2, 0x653b685c, 0x0b5da28e, 0xfe805f17, 0xd802d0ed, 
    0xf301e7fe, 0x8cc2c58f, 0xb9ba9002, 0x0000008c, 0x00610001, 0x421c0400, 0x33370573, 0x35213501, 0xdd011521, 0xfcfc8802, 0x7efdbb03, 0xa10ef404, 
    0x8204fba7, 0x00032827, 0x04e8ff82, 0x45bb059a, 0x042207df, 0x8b462420, 0x012e2105, 0x24210782, 0x05734220, 0x22050242, 0x82362000, 0x20262613, 
    0x14011d06, 0x2f0b8a12, 0x34fe7403, 0x8babdafe, 0x0c018b77, 0x0c019801, 0x32080882, 0x0172fdab, 0xfea3a304, 0x0190a3fc, 0xfebfc02a, 0xe918bfd4, 
    0xcc8502b5, 0xab250420, 0xd7a40271, 0x7102a4d7, 0x200425ab, 0xb50285cc, 0x69866f02, 0x83866902, 0xbffc2b04, 0x77027597, 0x02779898, 0x5f410075, 
    0x32012a0f, 0x011d031e, 0x22210010, 0x07b94226, 0x37033e2a, 0x0e233536, 0x00222301, 0x00219882, 0x05ca4213, 0x83222321, 0x02162ba0, 0x8e975379, 
    0xdcfe3f68, 0x5f41f9fe, 0xf2fe2d14, 0x8dda1e01, 0x8889bdbc, 0xc505b7be, 0x23055e41, 0x65fe8ffe, 0x2b0e5e41, 0x02d01301, 0xfc1901d8, 0x018cb9c7, 
    0x20066141, 0x2d9b8300, 0x01f6ffae, 0x000004b2, 0x0017000b, 0x85440100, 0x8a03200a, 0x0891440b, 0x99443620, 0xfc022106, 0x21079a44, 0xa444fafc, 
    0x224f8408, 0x8691fe76, 0x8e0f204f, 0x3313224f, 0x23478803, 0x9dc757f0, 0xfb224389, 0xce480295, 0x00260805, 0x008d0001, 0x047d0433, 0x00060056, 
    0x01351300, 0x15010915, 0xfcf0038d, 0x015103af, 0xbd01a9f0, 0xfe97fea5, 0xb783ab96, 0xe7008126, 0xa4038904, 0x23062349, 0x01152135, 0x812d0382, 
    0xf8fb0804, 0x02030804, 0xe5fda2a2, 0x052b44a2, 0x01204f89, 0x2a082382, 0x04350109, 0x0310fc7d, 0x02affc51, 0x43fea999, 0x016a01a5, 0x0200ab69, 
    0xeeff5000, 0xae05ac03, 0x27001e00, 0x35010000, 0x44373626, 0x0f2408b7, 0x013e3502, 0x24058647, 0x1d010e07, 0x08c54901, 0x01890136, 0x49586861, 
    0x88716e87, 0x09aa0208, 0xedbbcae1, 0x0d455ed1, 0x3c05d749, 0x90625cbe, 0x4f6b363e, 0x7c785e02, 0x0201016b, 0x9bced9aa, 0x387eda02, 0xfe415064, 
    0x07ed4930, 0x00022708, 0x0616ff8f, 0x009b05eb, 0x004c003e, 0x00200500, 0x12343511, 0x32332436, 0x011d1204, 0x22230214, 0x23012f26, 0x0782010e, 
    0x34013d23, 0x24848236, 0x33353317, 0x06804311, 0x21001027, 0x1d020422, 0x25078201, 0x15373632, 0x38420306, 0x0386080c, 0xfe7dfeda, 0x01d87938, 
    0x01eab633, 0xaccccb6d, 0x010c7956, 0x58822010, 0x9ac2c09c, 0x101d7e4f, 0x5e363b97, 0xfe8afe71, 0xcdfec1d4, 0x017f01ac, 0x2fb96741, 0x7a67f98e, 
    0x71646679, 0xc301ea71, 0xb7027f01, 0x7ada3601, 0xd6b1feba, 0xe0fef402, 0x4c064959, 0x02beea53, 0x414ce6b6, 0x35b5fd7a, 0x02b8dc3a, 0x51010e01, 
    0xcdbafeb6, 0xfec0fe02, 0x7e161a83, 0x98260231, 0x977f027f, 0x82028393, 0x02000095, 0xd5824500, 0xa3051f31, 0x0b000700, 0x01330000, 0x03230133, 
    0x82010321, 0x45270803, 0x02b21402, 0xfd91bd14, 0xa80191c2, 0xe2d401e2, 0x5dfaa305, 0x63fe9d01, 0x7cfdba04, 0x00008402, 0x00b80003, 0x82d40400, 
    0x0011243b, 0x8223001a, 0x2111213d, 0x43060b49, 0x042005c7, 0x11284a82, 0x013d2021, 0x21032634, 0x36201b82, 0x45080982, 0xc62802b8, 0x946891e5, 
    0xe6fdfeae, 0x01b2fe31, 0x95490120, 0x01adfe81, 0x05a8a364, 0x02a6c1a3, 0x1013b370, 0x028ebd13, 0x0405d6be, 0x02e631fe, 0x96fd796e, 0x7d8105fe, 
    0x0100fb02, 0xdeff8000, 0xc5054405, 0xb3821f00, 0x24054147, 0x17003221, 0x05044507, 0x11025108, 0x33121015, 0x013f3632, 0x04061533, 0xdafefd02, 
    0x5601a9fe, 0x01e42601, 0xb5012044, 0x95d82401, 0xd0f4f3d0, 0x0222d697, 0xc3fe24b6, 0x01960122, 0x5d01025c, 0xfcfe9601, 0x8b0202d0, 0xfec2fea3, 
    0xf1fe02f1, 0x7c91c3fe, 0xedc60202, 0x02000000, 0x0521df83, 0x22df8250, 0x84130009, 0x247382dd, 0x21001015, 0x08758225, 0x10351131, 0xb8212300, 
    0x4101ef01, 0x99fe6801, 0xc5febefe, 0x01f12f01, 0xf0f3fe0c, 0xa305d1fe, 0xacfe84fe, 0xfeabfe02, 0x2601a284, 0x01020701, 0x82280108, 0x00b824bf, 
    0x82360400, 0x840b204f, 0x2115234d, 0x03842111, 0x7e03b833, 0xa50236fd, 0xca025bfd, 0xfea2a305, 0x10fea031, 0x207f82a2, 0x217f8301, 0x7f842404, 
    0x86330021, 0x11212a2b, 0xfd6c03b8, 0xfd7f0248, 0x232b8381, 0x8ffda010, 0x1b412a82, 0x05732406, 0x412100c5, 0x04200a1b, 0x41072046, 0x3d24071b, 
    0x21352101, 0x4108c282, 0xd5fe0e03, 0x66019dfe, 0x01ee2801, 0xb6022b41, 0xa1d62c03, 0xdafdffd7, 0x6bfeefc1, 0xb0fe4902, 0x01990122, 0x5501025a, 
    0xd0f69d01, 0x948c0a0a, 0xf4fec0fe, 0xfef0fe02, 0x23b7e2c3, 0xf5feb09e, 0x7482bbfe, 0x05219f84, 0x82cf8738, 0x331124a1, 0x82112311, 0x03b431a1, 
    0xfcb4b418, 0xfda305e8, 0xfa700290, 0xfd91025d, 0x82053b47, 0x6c0121ff, 0x20058f4a, 0x2d2b8233, 0xa305b4b8, 0x01005dfa, 0xdeff5600, 0x17829603, 
    0xbb821120, 0x21097545, 0x23823536, 0x0106143f, 0x0cd4b6ed, 0x0901b401, 0x7e786672, 0xc922e1b4, 0x580a0ea1, 0x04848b70, 0xcdeefb10, 0x208788e6, 
    0x233f820b, 0x3300000c, 0x33363382, 0x01093301, 0x11070123, 0x0210b4b8, 0xbffde278, 0xfde97602, 0x8e82adf7, 0xbd02432b, 0xccfc91fd, 0xfebfb702, 
    0x068f4108, 0x37822420, 0x37850520, 0xb8152125, 0x82b802b4, 0xa2ff2193, 0x82055341, 0x460621af, 0x0f201f82, 0x01201f84, 0xdf825782, 0x5a822320, 
    0xb811233d, 0x10ee01d1, 0xa8d1ee01, 0x9838fe0b, 0x050b38fe, 0x044cfba3, 0x045dfab4, 0x83b2fb4e, 0x121f4103, 0x82330121, 0x2a3d829b, 0x03afb811, 
    0xafb2100f, 0x8210f1fc, 0x049d2235, 0x22358263, 0x46a1fb5f, 0x05270587, 0x00c505ac, 0x411b000d, 0x744209c5, 0x32253705, 0x10351100, 0x00222300, 
    0x00101511, 0xcbfe1603, 0x64019ffe, 0x94823201, 0xfe633508, 0xddcdfe9d, 0xfffe0101, 0xfefedcdd, 0x0122ff00, 0x025c0197, 0x96015c01, 0xa5fe69fe, 
    0xfea5fe02, 0x4001a668, 0x01020d01, 0xfe3d010f, 0x02f2fec2, 0xc1fef2fe, 0x2106df42, 0xdf82a704, 0x15000b22, 0x212ae183, 0x011d0032, 0x21230014, 
    0xae430111, 0x26280807, 0xcc2002b8, 0xfdfe0301, 0x0194fecc, 0x01c2fe3e, 0xabab9a3e, 0x00ffa305, 0xfecd02cd, 0x05fdfdfc, 0xa0a0fd03, 0xa08f028f, 
    0x0224ef82, 0x5dff8000, 0x1222bf84, 0xbf8d2500, 0x07021430, 0x06272313, 0x03373227, 0x013e1733, 0xc996013d, 0xbc7c842d, 0x927680ca, 0xcaba4b54, 
    0x965c557e, 0xfed02fd0, 0xfefe61bf, 0x19a630b1, 0x4dad0001, 0xd7959df7, 0xd782d720, 0x18000e22, 0x260b9544, 0x21012301, 0x45210119, 0x37080684, 
    0x2702b821, 0x889afcd0, 0xfed34e01, 0x019dfecb, 0x9e978b63, 0x05a5fe8c, 0x02c2eba3, 0xfd2bdc96, 0xfd3b02a9, 0x8fdb02c5, 0x92810284, 0x73000100, 
    0xa604deff, 0x2f00c505, 0x2211f749, 0x822e012f, 0x243623d2, 0x70433233, 0x0e072806, 0x14011d01, 0x4a011f16, 0x510806d1, 0xdcfee991, 0x01b40110, 
    0x949dcc0a, 0xa09287bf, 0x0101c8d6, 0x01d4df1c, 0xb4010b19, 0x89b00f02, 0x9083b38c, 0xfec5dfa0, 0xb3de22de, 0x806b0b0b, 0x5c016e8a, 0x2f23207a, 
    0xb3019fc8, 0x0ea4dde5, 0x017b620d, 0x016e7e01, 0x24207458, 0x019ebc32, 0x9f42ecca, 0x005e2405, 0x82b40400, 0x000738e7, 0x21112100, 0x21152135, 
    0xfe2f0211, 0xfe56042f, 0xa201052f, 0x82fffaa2, 0xffb624b7, 0x423005de, 0x042905c3, 0x11350020, 0x16141133, 0x055a4320, 0xfdfd033d, 0xb4cbfeee, 
    0xd07001d2, 0x230122b4, 0xfcb303ef, 0xceceaa59, 0xfca703aa, 0x8200ef4d, 0x091b463b, 0x01210023, 0x32018433, 0xecfd5902, 0x10a801bd, 0xfdbda801, 
    0xfba305ec, 0x4cba0446, 0x5a240553, 0x64070000, 0x2b876785, 0x233b3183, 0x01012301, 0xbc77fee3, 0x010c1f01, 0x4301b643, 0xbc1f010c, 0xfeaa77fe, 
    0x82fe0cb4, 0x6bfb23ba, 0x03839504, 0x045dfa25, 0x838dfb73, 0x00592473, 0x85130500, 0x01332247, 0x22738435, 0x82150133, 0x232a0845, 0xec015901, 
    0x01d91afe, 0x86010682, 0x010dfecd, 0x80fed8e8, 0x027bfe06, 0xca0204d5, 0x4502bbfd, 0xfd042dfd, 0xfd400234, 0x478300c0, 0x0421bb82, 0x053b45f9, 
    0x86112121, 0x02113946, 0xcd00fe45, 0x01108501, 0x00fecd85, 0x36036d02, 0x81027ffd, 0x93fdcafc, 0x00273282, 0x00900001, 0x82bb0400, 0x000b2533, 
    0x01353300, 0x0805cc4a, 0x15211524, 0xfc310390, 0xfcfe03eb, 0x803e03d3, 0xa2107104, 0x108ffb80, 0x010000a2, 0x98fe0c01, 0xe205be02, 0x0c820700, 
    0x2f069f45, 0xb2010c01, 0x0a01f6fe, 0x4a0798fe, 0x88c6f988, 0x01215882, 0x0a1b4e00, 0xc9821320, 0xc801a726, 0x0538fea7, 0x27061a4e, 0x50000100, 
    0x020298fe, 0x21234786, 0x82112135, 0x02022303, 0x45824efe, 0x4d82f620, 0x06889823, 0x2447853a, 0x04300382, 0x249f8288, 0x01000006, 0x34d38223, 
    0x3a010123, 0xa2b201b8, 0xfeb8b201, 0x023003b5, 0x018dfd73, 0x344f82e8, 0x04fafe00, 0x009cffab, 0x11000003, 0x04152135, 0xa2fafeab, 0x26af82a2, 
    0x02cc0441, 0x832006c0, 0x03012e17, 0x28021333, 0x04b1cee7, 0xfe5401cc, 0x3ba682ac, 0x62000200, 0xce03edff, 0x1d004904, 0x00002900, 0x3d262205, 
    0x37363401, 0x26343525, 0x2a06ab4d, 0x3233013e, 0x23111516, 0x4c062335, 0x47080763, 0x15010e05, 0xcb9dca01, 0x3501bdcc, 0x7d60787a, 0x01ae0115, 
    0xc4abe615, 0x6910aed6, 0x607a6dfe, 0xe0feae84, 0xaf13727a, 0xa48f0291, 0x6462130b, 0x033f4569, 0xbe9b8006, 0x9f1efda9, 0x504401b2, 0x62749a5d, 
    0x51570712, 0x022c8082, 0xedffac00, 0xe2057e04, 0x1f001300, 0x27277f84, 0x11231523, 0x83331133, 0x1d122577, 0x24021401, 0x080a0d4c, 0x70ba0237, 
    0xae1032ae, 0xb52c10ae, 0xf7f6ce6f, 0x260178fe, 0xdafea7a7, 0x5b6413a9, 0xfde205ac, 0xfe6657aa, 0xfc02fdd0, 0xd69acffe, 0xd6bd02bd, 0xbb02bbd8, 
    0x00010000, 0x2063826c, 0x20e3821e, 0x2461831e, 0x34351100, 0x47d38200, 0x06200727, 0x3d086482, 0x3f323316, 0x010e0702, 0xfee25b02, 0xe20c01f3, 
    0x0119edbd, 0x921501ad, 0xacab916f, 0x023dd890, 0xe22302ac, 0x01300113, 0x01fc0201, 0x0697c02d, 0xd86c5403, 0xddba02b7, 0x0b0106b8, 0xc784b599, 
    0x3e206383, 0x0224c789, 0x1234013d, 0x17206582, 0x1126ca82, 0x0e233523, 0xc78b2601, 0xf7cd3027, 0xb56fcef6, 0x3bcb832c, 0x01dbae32, 0xfea9a926, 
    0x0113a7da, 0xfd02fc31, 0x57663001, 0x1efa5602, 0x9a645bac, 0xd820c183, 0x6388cb83, 0xc7822620, 0x8b001721, 0x1d1225c9, 0x011e2101, 0x82050549, 
    0x034008c3, 0x21070622, 0x5a02012e, 0x01f8fee6, 0xfddadb08, 0xab04f8fc, 0x188b6691, 0x1e02ae04, 0xa47bbfec, 0x0d54020e, 0x2b01139e, 0xfb01ff00, 
    0xd8fe3601, 0xbba644f4, 0x0809374f, 0xc103ab77, 0x9f9b96a4, 0x002e6a82, 0x00370001, 0x05970200, 0x001400ec, 0xc0823300, 0x35332c08, 0x17322110, 
    0x22232615, 0x33011d06, 0xea112315, 0x3901b3b3, 0x371a3341, 0xf5f5535b, 0x7890a603, 0x8b0a3e01, 0x735a5905, 0x825afc90, 0x6c00253a, 0x3e0484fe, 
    0x2129ab82, 0x00002e00, 0x27262201, 0x08115037, 0x010e2324, 0x20412223, 0x33352409, 0x4b041411, 0x20200626, 0x4c085d82, 0x5e021614, 0x0215f0c0, 
    0x8e0f01b4, 0x10a39171, 0xcf6fb033, 0x70d0f8f5, 0xae0c32ae, 0x94e4fcfe, 0xdafeadac, 0x84fea5a5, 0x0101879f, 0x77834d3f, 0x016159da, 0xe602e620, 
    0x5d682301, 0xb5d9fbb2, 0xc94e02d6, 0xcca302a3, 0xa402a4cb, 0x2acc82c8, 0x00ac0001, 0x051d0400, 0x831200e2, 0x113323cb, 0xd2423633, 0x11230805, 
    0x06202634, 0xaeac1115, 0xb5e45610, 0xfe7baec4, 0xe20598fe, 0xcfb5b2fd, 0x0246fdc0, 0xa48d9290, 0x8282fd8d, 0x0002223f, 0x26c18286, 0x00f60576, 
    0x820b0007, 0x2622350f, 0x16323634, 0x33110314, 0x64300111, 0x46644646, 0x0605aed0, 0x46270682, 0x04b4fa64, 0x82cafb36, 0xff022623, 0x018efeea, 
    0x20338474, 0x24338913, 0x33352301, 0x05884532, 0x2e010622, 0xfe273b84, 0x581a1e94, 0x86a0ae49, 0x42f92a41, 0x0459479a, 0xa595fb6e, 0x20368298, 
    0x20bb8500, 0x48bb822e, 0xb5820fe7, 0xd3d20139, 0xf5012afe, 0x656cfedb, 0x7dfce205, 0x3bfed701, 0xfb018ffd, 0x8567fe62, 0x5a012137, 0x82059b52, 
    0x23e482f1, 0x1efae205, 0xa2261782, 0x5e060000, 0xbb4b4904, 0x50332005, 0x16220541, 0xe6433317, 0x34112a07, 0x15062223, 0x34112311, 0x08088426, 
    0x10aea233, 0x6a699624, 0x2c102799, 0xb2a56eb0, 0x8b6ee1ae, 0x69667aae, 0xa436048f, 0x57665f58, 0xa9b76657, 0xc10217fd, 0xfd6991ee, 0x60dc024b, 
    0xfd73a073, 0x21b88264, 0x67820001, 0x82130421, 0x05734167, 0x73411520, 0x4156820e, 0x04220873, 0x7241a236, 0x0200270f, 0xedff6c00, 0x3f824e04, 
    0x17000b22, 0x200d3b53, 0x0a474304, 0x43032f08, 0xf5fe34fe, 0xce010a01, 0x77fd0a01, 0xa6a73001, 0x13a6cefe, 0x03012a01, 0x01030102, 0xfed6fe2a, 
    0xfdfe02fd, 0x02bfd490, 0xc0d3d3c0, 0x5782bf02, 0x98fea224, 0x57827404, 0x1f001326, 0x11130000, 0x20060141, 0x06d84d12, 0x11232722, 0x820b7d50, 
    0xae3222a6, 0x07ab4370, 0x6d44a520, 0x98fe3306, 0x5bac9e05, 0xfccffe64, 0xd0fefd02, 0xeefd5766, 0x6f44ef01, 0x82bb820a, 0x84402063, 0x00212463, 
    0x42110100, 0x012011ef, 0x080d144e, 0x2c109234, 0xf8cd73b2, 0xb56ccef7, 0xfeae0c34, 0xacab921a, 0xa8a79492, 0x0a0298fe, 0x31015f56, 0x01fe02fc, 
    0xb45d6a2f, 0xef0162fa, 0xba02b9da, 0x02bcd7d9, 0xcb41d6bd, 0xd7022105, 0x10236782, 0x87330000, 0x05a343c9, 0x82111521, 0x941f34ba, 0x3c282f6d, 
    0x049f7d2f, 0x5d56a036, 0x910aa907, 0x8264fd76, 0x6b002590, 0xc403edff, 0x2b203782, 0x20057145, 0x08a95333, 0x4e05d548, 0x232505d3, 0x2223012e, 
    0x0ad34806, 0x02064508, 0x0fe6b414, 0x658216b2, 0x625a8b6d, 0xe58d98a7, 0x12dca9ac, 0x5f7c12ab, 0x5f567d61, 0xf6939aa6, 0x4586a013, 0x02495e50, 
    0x28184c38, 0x01748b24, 0x849db486, 0x475a4e42, 0x17483702, 0x728c2528, 0x00b68f02, 0x3c287f83, 0x8602f8ff, 0x15004d05, 0x35237f84, 0x82352311, 
    0x08c082be, 0x14112334, 0x37323316, 0x21020615, 0xaaaa94a7, 0x48ececb4, 0x392b2554, 0x029a8608, 0x1701908e, 0xfd90e9fe, 0x04535f9e, 0x01000a94, 
    0xedff9800, 0x36040904, 0x43861300, 0x2206804f, 0x82331135, 0x06233f4e, 0xbdb60b02, 0x8d7f73ae, 0x10aeae96, 0xc1ce1353, 0x70fdba02, 0x90a18c93, 
    0xcafb7e02, 0x3f82b4a1, 0x00004424, 0x3f821204, 0x48000721, 0x013408e7, 0xb871fed3, 0x01102701, 0x71feb827, 0x88fc3604, 0xcafb7803, 0x2b82af83, 
    0x82ee0521, 0x840f202b, 0x3313212b, 0x01370185, 0x03230323, 0xd2fe7201, 0xf110d4ae, 0xd410f1a5, 0xafd2fead, 0x82f010f1, 0x03a22339, 0x0382fc5e, 
    0x03cafb25, 0x82befc42, 0x246f82f2, 0x03000048, 0x274382ea, 0x3300000d, 0x01330109, 0x09214482, 0x08418201, 0x014c0124, 0xcd8bfe71, 0xfd100001, 
    0x0192fec3, 0x10ffcc73, 0x1b0200ff, 0x6ffe1b02, 0xecfd9101, 0x9701defd, 0x3f8269fe, 0x86fe4424, 0x3f821404, 0x0000122c, 0x35272213, 0x36323316, 
    0xe348013f, 0x010e2f06, 0x1a2429fe, 0x1d5d4c2e, 0xba71fe14, 0xc1822801, 0x5bfeb736, 0x86fe9e42, 0x4e058f06, 0x3704405b, 0x770389fc, 0x84b488fb, 
    0x89208b85, 0xc7208b82, 0xf3484b82, 0x0289350e, 0x0393fd6e, 0x0295fd3a, 0x18037e6e, 0xfc819010, 0x009010eb, 0x50207b82, 0x2006f348, 0x290c8221, 
    0x11352622, 0x35232634, 0x07823632, 0x013b362c, 0x06222315, 0x07141115, 0x05821615, 0x0f821620, 0x87023008, 0x7c60aab1, 0xb1aa607c, 0x5c6a2837, 
    0x6a5cdbdb, 0xa998fe28, 0x781a01af, 0x785dbe5d, 0xa9af1801, 0xfe78698d, 0x1816d4c0, 0xbefed416, 0x858d6978, 0xfeb82593, 0x055a0198, 0x2a05b758, 
    0xb8113311, 0x0798fea2, 0x82f5f80b, 0x052b491c, 0xe205be23, 0x207f8200, 0x06414513, 0x35373422, 0x2b248884, 0x32333501, 0x33217a84, 0x21888415, 
    0x76888706, 0x88863720, 0x8298fe21, 0x42012171, 0x01217184, 0x23718240, 0xe8feafa9, 0x34088d84, 0xa9afe6fe, 0x81000100, 0x8904a801, 0x1400ea02, 
    0x22010000, 0x2223032e, 0x33363507, 0x33021e32, 0x06153732, 0x6a306d03, 0x2b625c5d, 0xb06c6e9e, 0x8169893a, 0x2b088233, 0x3123a801, 0x9e802331, 
    0x3440347c, 0x002e0582, 0xb4000200, 0xc90192fe, 0x08004804, 0xb3820c00, 0x14163238, 0x35262206, 0x23011b34, 0x7a010113, 0x4d7a4e4e, 0x11c811de, 
    0x64524804, 0x5cfe2505, 0xc4033cfc, 0x02362782, 0x0000ae00, 0xa2057504, 0x27001f00, 0x35210000, 0x013d0226, 0xae5b1234, 0x010f2d06, 0x27012e27, 
    0x3f013e11, 0x010e1702, 0x0809ae5b, 0xc9640238, 0x78c8eeed, 0x0211d9ae, 0x791201a8, 0x147a5f62, 0x1401a902, 0x83fea6df, 0x8c79798c, 0x210115b2, 
    0x01e602e9, 0xaeaf1624, 0x018dd110, 0x72550201, 0x0bf0fc0d, 0x0a82596a, 0x0fc5942d, 0xa6d102b0, 0x0a0316c8, 0x82a4ca16, 0x34ff8282, 0x041e006d, 
    0x008e0593, 0x37000023, 0x35013e35, 0x35212734, 0x08bd8233, 0x32332456, 0x012e1517, 0x15062223, 0x15211714, 0x14151621, 0x15211507, 0x1aab896d, 
    0x33e0e6fe, 0xbcf11401, 0x52a82970, 0x0132b79f, 0x1756fee1, 0x1e1203d1, 0x74b61f98, 0x73884e44, 0x35e1c55c, 0x8a1f17a0, 0x88775c79, 0x6cd44645, 
    0x02009a0e, 0xb4006700, 0xef04a204, 0x2f23eb82, 0x82010000, 0x07172b4c, 0x012b0627, 0x27072722, 0xf7822637, 0x3727372f, 0x013b3617, 0x17371732, 
    0x34071607, 0x241a8226, 0x14011d06, 0x2b128216, 0x21043536, 0xc86ac847, 0x8101816a, 0xc8210582, 0x250c8c47, 0x0277a382, 0x0484a377, 0x93d20221, 
    0x242d8520, 0x76a4a476, 0x82048302, 0x823720f3, 0x05d329f3, 0x00170085, 0x21351300, 0x4c430183, 0x82e78206, 0x112135e3, 0x01d81123, 0x01adfe53, 
    0xcb46fe19, 0x01068001, 0x46fecb80, 0xad200c82, 0xb42d1483, 0xa0782b01, 0xfdca0278, 0xfd890277, 0x240a8236, 0x0d01f3fe, 0x21008200, 0xc7420002, 
    0x06035505, 0x11012808, 0x33021923, 0xa25a0111, 0xfda405a2, 0xf8ce0232, 0xfdce02f4, 0x02000032, 0x02ffc000, 0xc5050b04, 0x4b003d00, 0x51050000, 
    0x3d230a01, 0x45263401, 0x37220787, 0x62542635, 0x0cad4a06, 0x2b06644e, 0x16150706, 0x0614011d, 0x013e1703, 0x2f232682, 0x82010e01, 0x022f080e, 
    0x0ee7ad69, 0x0c01b001, 0x856a648b, 0xa68d6c64, 0xe1697e9e, 0xd9a7b7e4, 0x01ad0216, 0x6961820b, 0x8d665e81, 0x6b7f9fa8, 0x50fdebea, 0x82b57b6c, 
    0xfe3d0803, 0x060a87a8, 0x4f615849, 0x1b503d02, 0x6e972b24, 0x21955f02, 0x03bd580e, 0x849bb492, 0x5043060c, 0x3c034c5e, 0x2b241c50, 0x65026b91, 
    0x580d2198, 0xbb9302bc, 0x0d15ab02, 0x8502566e, 0x2006842f, 0x26d38384, 0x030e05b5, 0x56eb054c, 0x212011b7, 0x290bb756, 0x41412e24, 0x41412d2e, 
    0x04828c01, 0x0c822d20, 0x840e0521, 0x830a830f, 0x3b078217, 0x80000300, 0xa706beff, 0x1b00e505, 0x4f002f00, 0x15010000, 0x2b030e14, 0x032e2201, 
    0x3e2ae982, 0x32013b03, 0x3407031e, 0x12822402, 0x82020421, 0x041221f5, 0x24231282, 0x4c013512, 0x332605c1, 0x15171632, 0xc2463523, 0x32333508, 
    0x33013f36, 0x06010e15, 0xc0904ea7, 0x820782f0, 0x4e90c0f0, 0x842c0a8a, 0xb4d5fead, 0xd5feb407, 0x2b01adad, 0x013c0882, 0x7efdad2b, 0x9eb6b79e, 
    0x870daf7f, 0x5c44620e, 0x455d6b6b, 0x87010e5f, 0xd502ac0e, 0x48843d90, 0x3382b420, 0x2308458c, 0xabc692fe, 0x90c6ab01, 0x3b030670, 0x01708249, 
    0x39438270, 0x89700604, 0x02000000, 0xfd025300, 0xb0059c02, 0x2620df82, 0xb585dd82, 0x35013f29, 0x0f222334, 0x4d372301, 0x27200a75, 0x08065856, 
    0x1506073d, 0x82653a01, 0x90be7d87, 0x84011b77, 0x76990d01, 0x0b878f82, 0x3a49ee41, 0x8eac684f, 0x5a6dfd02, 0x08665901, 0x486c3a0a, 0x65540502, 
    0x38fe6a76, 0x2bce685d, 0x373e5333, 0x8456090a, 0x00b33373, 0x03980491, 0x000700d9, 0x2500000f, 0x33013501, 0x03821501, 0x022b0785, 0x01a2fe11, 
    0xa1fecc5e, 0x88ef5f01, 0x01912a09, 0xa00108a0, 0xfe1064fe, 0x82098964, 0x0130084b, 0x2a008100, 0x96028904, 0x00000500, 0x11213513, 0x04811123, 
    0xf401a208, 0x0194fda2, 0x040000ca, 0x39018000, 0xc5050c05, 0x27001700, 0x40003600, 0x1535e382, 0x2b020e14, 0x022e2201, 0x3e34013d, 0x32013b02, 
    0x3407021e, 0x24118200, 0x14011d00, 0x220f8200, 0x56013500, 0x1725084d, 0x15232723, 0x08405c11, 0x5a0c052d, 0x0777d69b, 0x5a9bd777, 0x82d79b5a, 
    0xd6250808, 0xfe805a9b, 0xbe07bdfb, 0x0501fbfe, 0x01bd07be, 0x0152fd05, 0x3c756a03, 0x73958334, 0x3730716a, 0x03703038, 0x83308d83, 0x89288242, 
    0xdbfe3336, 0x5b675002, 0x155a3801, 0x01d0d0e6, 0x01272e36, 0xa8822f26, 0x05b90027, 0x05470338, 0x071f5ec0, 0x8e02b926, 0x88883805, 0x0029f682, 
    0x02950002, 0x053103e4, 0x05af5380, 0x82096d42, 0x270621c2, 0x080cd549, 0x90e30127, 0x8f90bebe, 0x518fbfbf, 0x52516767, 0xe4026566, 0x8c028cc1, 
    0x028bc2c1, 0x708cc28b, 0x6f520251, 0x5102526f, 0x31538270, 0x041500a1, 0x00750469, 0x000f000b, 0x21112500, 0xdf5e2135, 0x35053f06, 0x36021521, 
    0x95016bfe, 0xfe94019f, 0x03ccfd6c, 0x8501cac8, 0xfe8401a2, 0x7bfea27c, 0x9b5f8bb5, 0x034f2d06, 0x05710208, 0x001d00ff, 0x25351300, 0x22082359, 
    0x582f011d, 0x9c83059f, 0x010f3208, 0x57152115, 0x3650ff00, 0x4d3e3b46, 0x7a990180, 0x694f9271, 0x0360019c, 0x4dee6508, 0x3102264c, 0x0336433d, 
    0x846a0201, 0x40025f77, 0x06895d7a, 0x34f08279, 0x024b0001, 0x059102f8, 0x003000fc, 0x26220100, 0x1533012f, 0x06bd4a1e, 0x220cd65d, 0x59231507, 
    0x06210890, 0x83238207, 0x01460873, 0x089d7e6f, 0x57068401, 0x4c545386, 0x4f40595c, 0x503d3e45, 0x94098005, 0x5b917775, 0xa1685749, 0x6379f802, 
    0x382c0607, 0x3601303d, 0x2e396c3a, 0x37362f01, 0x6306052f, 0x01586d76, 0x030e5a43, 0x014b5c08, 0x87837c64, 0xc7500120, 0x13232b0b, 0x98d90133, 
    0xcc04ceb1, 0x96825401, 0xfea20027, 0x049f0498, 0x06d14b36, 0x33101122, 0x2506634d, 0x37323316, 0xaf590615, 0x273e0809, 0xaea21123, 0xae9882f2, 
    0x1819382c, 0x686f2d25, 0x2b100210, 0x3c9e6a85, 0x0598fe10, 0xfe72fd9e, 0x028da5de, 0x47d7fc7e, 0x0a940436, 0x610c5d4b, 0x2afe825d, 0x60000200, 
    0x100424ff, 0x9f41a305, 0x11052c05, 0x27242223, 0x3b243435, 0x82331101, 0x38023a01, 0xfcfec013, 0xc1050101, 0xdca098b2, 0xafe74203, 0xf9efb602, 
    0xf97f0681, 0x269b8381, 0x01c301ae, 0x82c702b2, 0x0cc95b3b, 0x2908755b, 0x354dc301, 0x364c4c36, 0xe6824d35, 0x0101002c, 0x0212fe43, 0x001600eb, 
    0x2f820019, 0x0805e749, 0x34013d37, 0x35012b26, 0x07153337, 0x011d1632, 0x01010e14, 0x3b4e53e4, 0x4c4b3546, 0x7f612555, 0x4d76614a, 0x1212fe72, 
    0x28250d74, 0x5a232f02, 0x64681690, 0x5e470254, 0x28508227, 0x03420001, 0x05960108, 0x05af52ec, 0x82072321, 0x01112f45, 0xcbc1090c, 0x02080389, 
    0x86887f55, 0xd7421cfd, 0x02632605, 0x05f502fb, 0x20a782b0, 0x0d896318, 0xd5420520, 0x06222105, 0x16307982, 0xcefe4502, 0x3201b0b0, 0x5bb6feb0, 
    0x63b46463, 0xb9243582, 0xb9a101a1, 0x43250483, 0x6c016c78, 0x22048478, 0x44000200, 0x09260c6b, 0x23011501, 0x03823501, 0x032b0785, 0xfe5e013a, 
    0x5f01cca2, 0x88efa1fe, 0xd9032b09, 0xfe0860fe, 0x109c0160, 0x09899c01, 0x0400002a, 0x00004200, 0xa305fd05, 0x0b28c382, 0x1d001700, 0x11010000, 
    0x0335c985, 0x03330123, 0x36352135, 0x33113313, 0x25152315, 0x06231133, 0x34df8507, 0xd603a22f, 0x84fe2da2, 0x69c3bd80, 0xfe80fe69, 0x02619508, 
    0x35f286bf, 0xa30541fd, 0x77895dfa, 0xfe1101d3, 0xfe89791e, 0x9ad17301, 0x67830300, 0x86370621, 0x8d292067, 0x43012065, 0x718a1c57, 0x43e0fe21, 
    0x788e1263, 0x30197043, 0x004b0004, 0x05c50600, 0x003000b3, 0x00400034, 0x32754346, 0x14411320, 0x1f8b4315, 0x03a23425, 0x4122a2d6, 0xaf200d2f, 
    0x21239e43, 0x4c4151fd, 0x00002f12, 0x6e000200, 0xca0388fe, 0x08004804, 0x134b2700, 0x1513270a, 0x0e070616, 0x4e541d01, 0x023f2305, 0x4a5d0e15, 
    0x3e372c06, 0x01013d01, 0x4e4e7aef, 0x5def4d7a, 0x3e4b13c5, 0x5d7e2008, 0x002219c7, 0xdf5c0300, 0x77072105, 0x0b290982, 0x00000f00, 0x13330301, 
    0x0ae55c09, 0xdd750226, 0x3cfda8c9, 0x270feb5c, 0x44013306, 0xcdf9bcfe, 0xf35ccd83, 0x0045240d, 0x8a1f0500, 0x1323224f, 0x254f8c33, 0xc9a894f4, 
    0x4f9374fc, 0x8f89f821, 0x209f8b4d, 0x209d8207, 0x269f8213, 0x23133313, 0x8b072327, 0x64012a53, 0xb4e7cee7, 0xfe921092, 0x2357932d, 0xd6d6bcfe, 
    0x5b89a991, 0x1b004d26, 0x27002300, 0x25063d42, 0x1d222326, 0xcb642301, 0x011f2a05, 0x3d323316, 0x14153301, 0x2b6f8b06, 0x50333f03, 0x242d0b2c, 
    0x5b658848, 0xfc210988, 0x297b90ab, 0x0b2b2c39, 0x0a048e2d, 0x08888e7c, 0x91c7f921, 0x410420e3, 0x48240683, 0x13000900, 0x1f258b82, 0x22000000, 
    0x24818226, 0x14151632, 0x41098804, 0x0a270c45, 0x58404058, 0x84680140, 0x53fc2106, 0x6f287a90, 0x402c2d40, 0x402d2c40, 0xf9210786, 0x27779951, 
    0x000d00a1, 0x0022001a, 0x60095b49, 0x0621052b, 0x0ba34726, 0xb4307e8c, 0x577a7a57, 0x867a7a58, 0x2f40415c, 0xfffd402e, 0x0a368090, 0x55015477, 
    0x01557676, 0x3f607754, 0x3e2d012c, 0x2c012d3e, 0x858f57f9, 0xfb830220, 0x05200723, 0x05dd41a3, 0x21013324, 0x29582115, 0x08078206, 0x0109033c, 
    0x02451121, 0xfd50048b, 0xfd6d026e, 0xfc920293, 0xd1f1fdba, 0xcafe4d02, 0xa305c901, 0xa027fea2, 0x01a21afe, 0x0535fecb, 0x0258fd0c, 0x010000a8, 
    0x12fe8000, 0xc5054405, 0x13463700, 0x00242511, 0x00103511, 0x2118125f, 0x3146010f, 0xdf022f06, 0x473a4e53, 0x554c4b35, 0xf9fe3d25, 0x255fd1fe, 
    0xfe212416, 0x4634ccec, 0x5b250e4f, 0x01900119, 0x18375f46, 0x12e8b623, 0x086f4649, 0xb800022a, 0x36040000, 0x03007707, 0x0025fd82, 0x13330301, 
    0x28fb8901, 0xdd3a0215, 0xeafda8c9, 0x08fb5e03, 0x5f097343, 0x438f0903, 0x33132322, 0xb925438c, 0xfdc9a894, 0x21438d22, 0x455f89f8, 0x213f8909, 
    0x5d430007, 0x21438b0a, 0x5d432901, 0x8ddb2007, 0x07574347, 0xef608d87, 0x07362105, 0x4205c742, 0x598c16c5, 0xc542cf20, 0x01fd210b, 0xbf425e8a, 
    0x28678713, 0x00f8ff02, 0x076c0100, 0x085f6c77, 0x1103132a, 0xddd51133, 0xb4b1a8c9, 0x23092441, 0x00005dfa, 0x2105a360, 0x2b873102, 0x13230124, 
    0x2b820133, 0x94540126, 0x87fec9a8, 0x76442d84, 0x212b8305, 0x3082c4ff, 0x2b826020, 0x0b000725, 0x44030000, 0x13200669, 0x3c202f82, 0x20060241, 
    0x44318440, 0x00230950, 0x82d2ff03, 0x86522033, 0x001723f3, 0xb9431200, 0x20718312, 0x23ea8b6a, 0x06b466fe, 0xb284e193, 0x3d26b382, 0x8d050000, 
    0x374ba305, 0x11332605, 0x11333523, 0x105b6121, 0x15211125, 0x61b8f521, 0x01281661, 0x02b0fe50, 0x86029687, 0x22126861, 0x41961cfe, 0x05250517, 
    0x004d0738, 0x1ff9441b, 0x995fbd82, 0x85032108, 0x2013f944, 0x08af5fd8, 0xf2440620, 0x5ffb2016, 0x002a09c5, 0x80000300, 0xac05deff, 0x09827707, 
    0x1f001129, 0x03010000, 0x62031333, 0xcd5f06af, 0xd9022513, 0x57a8c9dd, 0x411ad15f, 0xab2006f4, 0x9125d85f, 0x1323237f, 0x7f9a0133, 0x94580326, 
    0xe1fec9a8, 0xf821809e, 0x8a7ea567, 0x000724ff, 0x46230015, 0x132009d3, 0x0121839a, 0x068242c8, 0x869e9a20, 0xd6bcfe24, 0x0941f9d6, 0x098b4126, 
    0x1b004d24, 0x33452900, 0x2f262205, 0x16034701, 0x211ba341, 0x1942a303, 0x9be82012, 0x132a42ab, 0x4241a520, 0x04002126, 0x44064342, 0x2122056b, 
    0x33472f00, 0x1bd54115, 0x436e0221, 0xc0200c92, 0xac43ab9b, 0xa62f2010, 0x013f08a8, 0x5800ab00, 0x31045e04, 0x00000b00, 0x01093713, 0x07010917, 
    0x01270109, 0x6d016dab, 0xfe6d6c01, 0x6d700190, 0x93fe94fe, 0x0370016d, 0x82fe6bc6, 0xfe6b7e01, 0x6b7efe7f, 0x82fe7e01, 0x8282016b, 0x030038d6, 
    0xccff7900, 0xd805ae05, 0x1e001500, 0x00002700, 0x07272005, 0x46263727, 0x7e0805cc, 0x07173717, 0x10151116, 0x17140100, 0x22232601, 0x32011100, 
    0x34351100, 0x03160127, 0xa700ff13, 0x8d946b88, 0x30016301, 0x6b89a9fe, 0xa0fe8d95, 0x0255e7fc, 0xe0bd7bc9, 0xe601fafe, 0x550501e1, 0x227c37fd, 
    0xb05aa290, 0x023701c4, 0x96015c01, 0xb15aa390, 0x02ccfec6, 0x68fea5fe, 0x96d9f302, 0xfe724f03, 0xfdf0fec1, 0x014101ad, 0x94d9030f, 0x0071b1fc, 
    0x00020000, 0x05deffb6, 0x82770730, 0x0013279d, 0x33030100, 0x3d611213, 0xb602250e, 0xb3a8c9dd, 0x43094161, 0x486108a4, 0x234b8f0f, 0x02331323, 
    0x03254b8e, 0xc9a89435, 0x214b8d15, 0x926167f8, 0x22978a11, 0x43170007, 0x00200959, 0x01214f8e, 0x064d43a5, 0x8da40121, 0x063d4354, 0xe582a28f, 
    0x6f42ef85, 0x42232005, 0xb58f156d, 0x424b0221, 0x36200b61, 0x4f42698a, 0x68729012, 0x0423057b, 0x827707f9, 0x820d207d, 0x132323cb, 0xa9610133, 
    0x94e12509, 0x87fec9a8, 0x250aae61, 0x44013306, 0xb46189f8, 0x05df470e, 0xa3058735, 0x1b001100, 0x11330000, 0x32211133, 0x011d021e, 0x64020e14, 
    0x2e080dc7, 0x537501b4, 0x46467598, 0xfe539877, 0xfe42018d, 0x824201be, 0xa3059f9f, 0x6738f6fe, 0x6002609f, 0xfe39689f, 0xfef903a7, 0x027c8400, 
    0x8200827c, 0x00012d00, 0x04ecffe1, 0x00f6058e, 0x0500002d, 0x4f066759, 0x5f6d067f, 0x2311240a, 0x4a363411, 0xec500651, 0x02410807, 0x3e3f52c8, 
    0xaf968a47, 0x6f333d9e, 0x756e7f80, 0xbce7ab86, 0x5d7ee8b7, 0x14fcb294, 0x99109b0f, 0xa080027d, 0x02819490, 0x83928e6b, 0x5a04b7fb, 0xaddbdebe, 
    0x1fb77802, 0xa1c00f12, 0x00f6b802, 0x058b6103, 0x82200621, 0x83212009, 0x0301247f, 0x54031333, 0x91610519, 0xe7f22423, 0x61c0b1ce, 0x04271f95, 
    0xfe5401cc, 0x6121fbac, 0x8f91229c, 0x33132322, 0xa206f152, 0x7602268f, 0xfeceb198, 0x2190a36d, 0x8ea2cdf9, 0x280a1f41, 0x00250007, 0x1b000031, 
    0x05374d01, 0x23411320, 0xf2d92828, 0x9bb8f2d2, 0xa3399b10, 0xacfe2395, 0x2841e3e3, 0x06274123, 0x00f30527, 0x0039001b, 0x1d734d45, 0x2a2a3f41, 
    0x2e5436c8, 0x4c25300b, 0x885f698c, 0xa3fe2109, 0xd321b9a0, 0x2435822f, 0x820b0498, 0x21088893, 0x5f411afb, 0x42042023, 0xbf57057f, 0x00352206, 
    0x0d2b6e41, 0x410cc357, 0x01212871, 0x0fed5757, 0x9f8cfe21, 0x110f58c2, 0xa2dffa21, 0x26bf86c0, 0x0b009006, 0x84001700, 0x850020bf, 0x163224a7, 
    0x7614011d, 0x31420b35, 0x94022e29, 0xc08686c0, 0x68e6fe86, 0x49684949, 0x27ba9f13, 0x5d83d004, 0x82825d01, 0x1e260482, 0x33013348, 0x04824747, 
    0xa270fa21, 0x00002cbd, 0xff620003, 0x04cd06ec, 0x4232004a, 0x8d650547, 0x0862550e, 0x3705ad61, 0x21011d12, 0x33011e15, 0x33373632, 0x2223010e, 
    0x0e232726, 0x2e210101, 0x06260a82, 0x3d363201, 0x63510501, 0x017f0805, 0xccd2abdf, 0x7c3701bd, 0x12806178, 0xade911ae, 0x102bb57c, 0xd672c330, 
    0x0700fdf2, 0x845694b0, 0xe825ac21, 0x2bda8a9e, 0x01d23510, 0x034c025f, 0xa4807f9c, 0xaa8021fe, 0x7379defe, 0x93ae147d, 0x0ba48f02, 0x857c2f13, 
    0x02024046, 0x54669e82, 0xe7fe6852, 0xa11244f9, 0x8a474abb, 0x6e6781a1, 0x8b93027a, 0x79fda6a6, 0x135b75a2, 0x02515608, 0x00005d51, 0xfe6c0001, 
    0x041e0412, 0x4e360049, 0x262311b3, 0x65013d02, 0xb14e1882, 0x4e3f2009, 0x472208b1, 0x9465ebc9, 0xb81e2314, 0xac4e4096, 0x146a240e, 0x65ef2b01, 
    0x872312a5, 0x4e5a14ae, 0x032e06a5, 0xedff6c00, 0x20062604, 0x1b000300, 0x9f822200, 0x13330324, 0x17662203, 0x65122006, 0x1024154d, 0x4eb1cee7, 
    0x451c5165, 0x58650759, 0x237b911c, 0x01331323, 0x94257b9e, 0xfeceb198, 0x217ca0df, 0x7a9ccdf9, 0xf787ed82, 0x1f000724, 0x3f452600, 0x20fb9c0b, 
    0x063445f7, 0x81a0ab20, 0x9b053145, 0x41042085, 0x6344057b, 0x422f2006, 0x6577051d, 0x0d634409, 0x0121959c, 0x10584475, 0xa09cfe20, 0x9b135544, 
    0x020029aa, 0x0000d5ff, 0x20065401, 0x250d934f, 0xb1cee7bc, 0xed41aeae, 0x65342006, 0x002507ef, 0x020000a6, 0x4f2b8727, 0x40250893, 0xfeceb198, 
    0x212d847f, 0x1b66e0f9, 0x82a32008, 0x8259202b, 0x10934f2b, 0x6a415d20, 0x844b2006, 0xacfe2431, 0x85fbe3e3, 0xff032261, 0x203382b2, 0x06374149, 
    0x00001b23, 0x0a515d13, 0x230c3541, 0x21113311, 0x21101941, 0xfd92ae9e, 0xbb88f220, 0xecff6c28, 0xff053c04, 0xf5481f00, 0x68002005, 0x273308bb, 
    0x0527012e, 0x27263727, 0x37171637, 0x11000717, 0x5a001015, 0x54080de5, 0xfee35902, 0x60cbfaf6, 0x080f25af, 0xfe6a8c33, 0x5de041fc, 0x81a23483, 
    0x01b843d8, 0xdffcfe84, 0x8da4a68b, 0x14abab90, 0x02f41c01, 0x652701f1, 0xb379134d, 0x8c56a24b, 0x3b633935, 0x7356874c, 0x18fee4fe, 0xfef4fe02, 
    0xabcb9ac8, 0xd3d1b302, 0xcbab02b1, 0x29ea8200, 0x0000a200, 0xf3051304, 0x3f681b00, 0x18c14d06, 0x33110122, 0x210f5d66, 0x3a47ef02, 0x54fd2112, 
    0x200ae767, 0x13254704, 0x89662d20, 0x05af4311, 0x20064e26, 0x0f000300, 0x154c8b82, 0x08c97907, 0x250b8d66, 0xcee71b02, 0x916690b1, 0x081a4412, 
    0x82199866, 0x4c6b91f3, 0x6b950535, 0xb1989f23, 0x13fd66ce, 0xf9216b83, 0x1a0267cd, 0x83060744, 0x6b0720d3, 0x01200575, 0x20061552, 0x05ab4f00, 
    0x15210582, 0x21d78b10, 0x96420201, 0x89012106, 0xe323dc98, 0x9a21fbe3, 0x22db8674, 0x7d00f305, 0x012106eb, 0x19934f22, 0x87960220, 0x41f10221, 
    0x0d2012d6, 0xdd419293, 0x9a1a2013, 0x4400209e, 0x4e200597, 0x22065f43, 0x482f0023, 0x9d9719fb, 0x43800121, 0x24200f76, 0x87439a92, 0x9adf2012, 
    0x00032a98, 0x044a0061, 0x004004aa, 0x067f420b, 0x240af743, 0x15213501, 0x2e0f8a01, 0x45308602, 0x44313045, 0x04aafd44, 0x86dbfd49, 0x5603210c, 
    0x31271384, 0x9efe4530, 0x88fea2a2, 0x0300290d, 0xccff5b00, 0x6a045e04, 0x6308834f, 0x10220788, 0x83633300, 0x011d2105, 0x0808834f, 0x0115065a, 
    0x013d3632, 0x16012734, 0x7db55c02, 0x6477626d, 0xb5e50901, 0x78626e7d, 0xfdf7fe64, 0xe2012bd8, 0xa99a7b4f, 0xa99b4301, 0x501efe2c, 0x53826113, 
    0x02df8e8d, 0x2a010301, 0x8e538260, 0xfe02df8f, 0x02d6fefe, 0x025f872c, 0xc0d5433a, 0xc0d569fe, 0xfd608802, 0x020044c5, 0x2105cb67, 0x91822006, 
    0x8d471720, 0x35262207, 0x0fd16711, 0xcee70e24, 0xd5679bb1, 0x0755430a, 0x2110dc67, 0x53900000, 0x33132324, 0x53922201, 0xb1989225, 0x8e92fece, 
    0xcdf92154, 0xa3895290, 0x1b000722, 0x900c794c, 0x43f520a7, 0x5e20062c, 0xfe25558e, 0xfbe3e3ac, 0x20599021, 0x24f58200, 0x04edff98, 0x067b4209, 
    0x79422b20, 0x21c19319, 0x75427301, 0xb1fe210f, 0x6e42788a, 0x29829213, 0x44000200, 0x140486fe, 0x8d822006, 0x81821620, 0x33132323, 0x11656801, 
    0x98690226, 0xaefdceb1, 0x25146b68, 0x5401cc04, 0x6f6866f8, 0x00022713, 0x0498fea2, 0xe36f0574, 0x6f132006, 0x23220cdd, 0x736b2622, 0x4a072326, 
    0x746ba8fd, 0x85032018, 0x064341bf, 0x43412a20, 0x103b691b, 0x414a0121, 0xfd210f42, 0x41e294cd, 0xf921114c, 0x5cf09278, 0x1d26077f, 0x0b000300, 
    0x8b820f00, 0x15213522, 0x250b6a5a, 0x72027901, 0x5e5a5afc, 0x85982410, 0x5a68f985, 0x5b4e0e4c, 0x50c02007, 0x13200713, 0x7105f343, 0xed2426a5, 
    0x4ffe8e02, 0x251fb34c, 0x88883805, 0xa24cb5fa, 0x26d78721, 0x00110077, 0x821d0019, 0x262225d7, 0x1533013d, 0x5c069f64, 0x022c0f51, 0x8fb09eb1, 
    0x60605f60, 0xf5fcb08f, 0x332cec90, 0x010291b1, 0x59666659, 0xb1910201, 0x5011c95c, 0x0f28097b, 0x39002d00, 0x20000000, 0x32216b86, 0x4f738436, 
    0xda292a47, 0x92b7b4fe, 0x9266ca66, 0x22f64ffe, 0x0299b92c, 0x6c6c5f01, 0x9902015f, 0x134168fa, 0x00023321, 0x0512fe45, 0x00a30533, 0x001c0018, 
    0x33013300, 0xd85e0601, 0x05786205, 0x34013d23, 0x0d5c7b37, 0x3344ac2a, 0x3c392524, 0x0fab9167, 0x2c0d667b, 0x3b027f69, 0x13780a48, 0x97026b73, 
    0x0b7f5e77, 0x62000228, 0xe20312fe, 0x09414904, 0x0e154e05, 0x900a2d66, 0x23b37379, 0xbc738f89, 0x73a18c20, 0x022f0dc9, 0xdeff8000, 0x77074405, 
    0x23000300, 0x58010000, 0xad7b0a7d, 0x3d032617, 0xfec9a894, 0x1db27be3, 0x01330625, 0x7b67f844, 0x6c2623b7, 0x1e04edff, 0x7f822006, 0x7f862220, 
    0x1807554d, 0x73083241, 0x9a260ce9, 0xfeceb198, 0xee73e2da, 0x06474918, 0x871cf373, 0x000722f3, 0x11f15827, 0x0121f797, 0x06a755ad, 0xfaa19c20, 
    0x2006ba55, 0x1fb67c96, 0x2f710020, 0x20ff8305, 0x14d94d07, 0x20140341, 0x06a946fd, 0x0541a620, 0x05b8461d, 0x4119fd74, 0x4d2807fb, 0x27000700, 
    0x22000000, 0x7d061f73, 0x03271ead, 0x43435e2a, 0x4170435e, 0x69201e05, 0x43232382, 0x4232f95e, 0x05212803, 0x208782f6, 0x42878a26, 0x8a261d07, 
    0x64464664, 0x02417546, 0x73052019, 0xa12006da, 0x21190141, 0x03410000, 0x41772007, 0x01270503, 0x33032303, 0x5a373317, 0x0b42075d, 0x49042117, 
    0x20060b42, 0x1d054198, 0xfe770727, 0xd64401bc, 0x230a43d6, 0x880f0b42, 0x1c07418b, 0x42b30321, 0xa020060c, 0x29190941, 0xacfe2006, 0xe3e35401, 
    0x0a41cdf9, 0x0300211b, 0x2305437f, 0x07007707, 0x8705a157, 0x5d012081, 0x042112f1, 0x0601411e, 0x7f4efd21, 0xfa881557, 0x617f8920, 0x4c002015, 
    0x052205cf, 0x3f4a069e, 0x057b5c05, 0x76010321, 0x11210a60, 0x11817733, 0x4ea20426, 0x1dfd8bae, 0x4d148677, 0x8d7708ae, 0x056f4319, 0xe205ea29, 
    0x27001b00, 0x8b050000, 0x3521286d, 0x15333521, 0x91231533, 0x77022075, 0xfe2808f7, 0xae2c01d4, 0x10aeacac, 0x2713fd77, 0x8c844601, 0x2efb848c, 
    0x580d0178, 0x362205f7, 0xf1821d07, 0x60065548, 0x3e240c79, 0x08fd7202, 0x480a6f60, 0x5861064f, 0x05834d08, 0xc0052622, 0x2208f752, 0x52152135, 
    0x01251e7b, 0xfe8e020b, 0x1d5751c1, 0x88883824, 0x4951b5fa, 0x098f611a, 0x35481120, 0x0cdd6115, 0x35487620, 0xa3fd2108, 0x2f48cc8a, 0x52d68810, 
    0x0f240ad7, 0x2e002700, 0x52132b48, 0x02211c49, 0x082048f8, 0x481fe252, 0xf29a0c1d, 0x26058b60, 0x4d073604, 0x77000700, 0x0b630bff, 0x5ea6270b, 
    0x435e4343, 0xe58acffd, 0x2006ec44, 0x09cc6254, 0x22081750, 0x82f60526, 0x001f214b, 0x5413d944, 0x842616b3, 0x64464664, 0xbd417046, 0x08dd441d, 
    0x281e0f7a, 0x0412feb8, 0x00a3054a, 0xc742181c, 0x1073480d, 0x0ad84218, 0x88095a48, 0x0c4248cf, 0x0222db82, 0x57826c00, 0x4a042626, 0x32002b00, 
    0x23069d7b, 0x32330010, 0x1527d183, 0x32331614, 0x900e3337, 0x7a062062, 0x540807e2, 0xfafee052, 0xdade0801, 0xacf9fcfa, 0xac45d18b, 0x3d372f0d, 
    0x401b2d37, 0x38242d2f, 0x948c6445, 0xa681443c, 0x0352020a, 0x2c01149e, 0x00020101, 0xfe3001ff, 0x0842fcdd, 0x3093be9f, 0x3c3d3f57, 0x02305440, 
    0x740a483b, 0x026b7313, 0x030c788e, 0x9090aec6, 0x08bb41ae, 0xbb417720, 0x0abd4405, 0x2108c765, 0xb544c503, 0x41a72007, 0xa94409bd, 0x093f640b, 
    0x450e7355, 0xbb41108d, 0xad032115, 0x20068e45, 0x1cbd419b, 0x410a9145, 0x9b4619be, 0x07732105, 0x2920cf83, 0x1812a748, 0x21183144, 0xe586c401, 
    0x44189620, 0x055f1d39, 0xd6d62305, 0x4418abf9, 0x00212342, 0x051b7c03, 0x00200627, 0x00290007, 0x7c918a36, 0x01212d25, 0x0723410b, 0x45212d7c, 
    0xe32305d2, 0x7cb8f9e3, 0x33412535, 0x00112209, 0x13e94c33, 0x4108d947, 0x0321183d, 0x08c94411, 0x3f41a220, 0x0c0c4d1f, 0x41234541, 0x0f240943, 
    0x3e003100, 0x7d13f344, 0x03212c71, 0x0803450c, 0x4d419b20, 0x0a084523, 0x41fff821, 0x23492552, 0x07732606, 0x0007004d, 0x12274a29, 0x26194941, 
    0x43435e41, 0x4176435e, 0x294a1e45, 0x18992008, 0x4121c746, 0x0521063f, 0x208b84f6, 0x428d8a36, 0x02272d83, 0x46466498, 0x41804664, 0x464a2133, 
    0x38f92106, 0x2c262d41, 0x00020000, 0x0512fe80, 0x00c50573, 0x5b451821, 0x4132200b, 0x01231827, 0x18033313, 0x251fe547, 0xba5735fe, 0xa7432299, 
    0x34fe2620, 0xa8fe5801, 0x08ab4300, 0x09822420, 0x32002529, 0x03010000, 0x41031323, 0x03212d23, 0x20728220, 0x2121414a, 0xfe240627, 0xf85801a8, 
    0x27204160, 0xb8000227, 0x38050000, 0x07a74507, 0x0d601320, 0x11012105, 0x09954818, 0x44aa0121, 0xfe2806c1, 0x1803b45a, 0xe8fcb4b4, 0x2008ab44, 
    0xa94818cd, 0xff022c0c, 0x040000cf, 0x009e071d, 0x691a0007, 0xb97e0d27, 0xd631280e, 0x88a6d6be, 0x5837880e, 0x06290a4d, 0xfe2c0172, 0xf9c7c7d4, 
    0x3f40188e, 0x003d3415, 0x052d0600, 0x001300a3, 0x33000017, 0x33352311, 0x4a153335, 0x11290824, 0x21011921, 0xb8f52135, 0x82a383b8, 0xe8fc2905, 
    0xe8fc1803, 0xe4962904, 0x962a0082, 0x9102d7fb, 0x33036ffd, 0x008200f6, 0x39000122, 0x5622a782, 0xa583e205, 0x15214988, 0xd3401821, 0xace5230f, 
    0x9383aeac, 0x09d94018, 0x84d20427, 0xfe848c8c, 0x0d6a7fc2, 0xc4ff022c, 0x5f020000, 0x1b004d07, 0xb9601f00, 0x3311241e, 0x679f0111, 0xfe221211, 
    0x2369b4be, 0x5dfa2117, 0x0222b382, 0x6382a2ff, 0xf3055a22, 0x922063a6, 0x2212e557, 0x59aeb5fe, 0xfb2117b2, 0x206384ca, 0x226382d9, 0x5b1d074b, 
    0x032405ab, 0x01152135, 0x2726af82, 0x6dfe7202, 0x595306b4, 0x02002908, 0x00000600, 0xc005f601, 0x0aa34e18, 0x062d2782, 0xb0fef001, 0x883805ae, 
    0x04c8fa88, 0x22518236, 0x6bc3ff02, 0x11220637, 0xff451500, 0x20358214, 0x09e14501, 0x06b4f822, 0x8310a14a, 0xff0222fc, 0x264782a1, 0x0020065b, 
    0x4513000f, 0x458312a5, 0x7a45a420, 0xae4b2308, 0x5945cc04, 0x7bfa210a, 0x012d8b84, 0x12fe1300, 0xa3058001, 0x00001400, 0x49318233, 0xb8211010, 
    0x0b6a49b4, 0x495dfa21, 0x02220d65, 0x3f82fbff, 0xf6057626, 0x1b000700, 0x230ce944, 0x3734013d, 0x012b4f8c, 0x46466430, 0x67834664, 0x85aeab91, 
    0x06b64452, 0x73c6f826, 0x7797026b, 0x5c878f83, 0x00020029, 0x010000a0, 0x824d0784, 0x17431857, 0x05b1450f, 0x06b4cc22, 0x2109d14a, 0x7b825dfa, 
    0xa6000122, 0x54243382, 0x03003604, 0xa621cb85, 0x26e384ae, 0xffb80002, 0x82ba05de, 0x000322e3, 0x20198515, 0x0a137b05, 0xa5823520, 0xb8061425, 
    0x18a502b4, 0x230c174c, 0x5dfaa305, 0x111b4c18, 0x86000426, 0x6e038efe, 0x0f24ef84, 0x1f001300, 0x0420f389, 0x20069b50, 0x7e4f8201, 0x33230749, 
    0x86061411, 0xb20121f7, 0xfd23fe84, 0x18aeae38, 0x200c9443, 0xdc431846, 0x8efe210a, 0x0ba04318, 0x5600022c, 0x8a04deff, 0x07007707, 0xc9481900, 
    0x90032009, 0xee0121bb, 0x20068944, 0x44c18cb5, 0xab20088e, 0x10e24c18, 0xff020029, 0x028efea1, 0x4a200657, 0xbb6d0587, 0x18032007, 0x200a4344, 
    0x0601495f, 0xae855120, 0x2008e548, 0x2aa38dc2, 0x0512feb8, 0x00a3050b, 0x1810000c, 0x250e2d4d, 0x0333011b, 0x4d18b4b8, 0x67230b31, 0x1899ba57, 
    0x2f0e354d, 0x580112fe, 0x0200a8fe, 0x12feac00, 0xe2052e04, 0x44184796, 0x47200d91, 0x44184783, 0x47860d95, 0xab000128, 0x15040000, 0x47823604, 
    0x23010024, 0x4d182311, 0x902f09be, 0x37aeae37, 0xfed1a101, 0xdff8011b, 0x82feeb01, 0x3dfe2824, 0x04fec301, 0x4b00c6fd, 0x24270697, 0x03007707, 
    0x54000900, 0x3a820563, 0x6e152121, 0x022c07f9, 0x013306b8, 0x0589f844, 0xa2fffaa3, 0xac202f83, 0x0c220482, 0x2f829307, 0x2f890720, 0x893f0132, 
    0xa0feba9c, 0x016706ae, 0x056df82c, 0x001efae2, 0xdb825b84, 0xa3052424, 0x5b830500, 0x57853320, 0x03331328, 0xb802b4b8, 0xcb8390fd, 0xc1865483, 
    0x48202f83, 0x5a220b82, 0x5b85e205, 0x01202f83, 0xac232d82, 0x84eefeae, 0x1efa21f7, 0xb7872a88, 0xb7855b82, 0x01202782, 0x02265f84, 0x87b64758, 
    0x6182eafd, 0x01060427, 0xfb63fe9d, 0x87b986fa, 0x60ba20bb, 0x3386084f, 0x4ebe0126, 0x7dfe8bae, 0x84087d60, 0x000225bd, 0x040000b8, 0x3b43bb85, 
    0x15212606, 0x06141503, 0x0624572b, 0x32013b23, 0x24c78316, 0x02364b4b, 0x84048536, 0xe3022168, 0x4b210e87, 0x26008200, 0x00ac0002, 0x84f00200, 
    0x421320d3, 0x01200527, 0xac28458e, 0x439601ae, 0x43310231, 0x7d830484, 0x87be0221, 0x8243200d, 0x01002342, 0x8b823d00, 0xeb821d20, 0x41830d20, 
    0x37350722, 0x253ee982, 0x21110515, 0x7474b115, 0xfe9601b4, 0x02b8026a, 0x3aa13a34, 0x8cfdce02, 0xfecba1cb, 0x3785a214, 0x7b823920, 0x7b825420, 
    0x37890b20, 0x07153737, 0xb8b8f111, 0x02b5b5ae, 0x5c975ca6, 0xb2fda502, 0xfd5a975a, 0xa7511803, 0x72382008, 0x23220867, 0xd36f3313, 0x943a250c, 
    0xa1fcc9a8, 0x4209c36f, 0xb36f0617, 0x6002200c, 0xf35a0563, 0x124b600c, 0xb1989d25, 0x471efdce, 0x04250aed, 0xf95401cc, 0x112b60e0, 0xb8000226, 
    0x380512fe, 0x2207277a, 0x70331133, 0x1b230863, 0x18033301, 0x25090150, 0x99ba57d4, 0x8b89a305, 0x2d085f43, 0x0412fea2, 0x00490413, 0x00160012, 
    0x8b913300, 0x47184683, 0x51200b39, 0x878f4882, 0x490e7742, 0x93540a1f, 0x0b274106, 0x44460421, 0xfd210695, 0x082b4126, 0x410bc64e, 0x0724162f, 
    0x00001a00, 0x6109174f, 0x0321107f, 0x069744b6, 0x41a4fd21, 0xac4e0a37, 0x123b4108, 0xb800012e, 0x38058dfe, 0x1500a305, 0x23210000, 0x22063a41, 
    0x5c230614, 0x3d260584, 0x01230101, 0xa384b26a, 0x2e939028, 0x8a171a1e, 0x5118f6fc, 0x15290749, 0x8d059299, 0x04539502, 0x2994825a, 0x8dfea200, 
    0x49041304, 0x41411b00, 0x2749880c, 0x26341135, 0x11150620, 0x21064641, 0x4c829590, 0x7b901925, 0x4198fefe, 0xfc210548, 0x214d85fe, 0x4918de02, 
    0x5b7108ff, 0x711d2007, 0x352208db, 0x856f1521, 0xdd01251b, 0xc7fe7202, 0x241b7b6f, 0xf9858598, 0x266e6f46, 0x2206df52, 0x62c0054e, 0x7f820883, 
    0x23188560, 0x618e0216, 0x53137760, 0x806205a5, 0x0943721b, 0x1f001124, 0xf5482d00, 0x06d35714, 0x15240682, 0x32250010, 0x0c9f5218, 0xef4e1520, 
    0x9b9e2008, 0x0d2749fb, 0x6326d571, 0x0f20091b, 0x5c057155, 0x0f410f0f, 0x03032117, 0x20075d49, 0x12154177, 0x200d6e49, 0x1a886168, 0x71000021, 
    0x7724089f, 0x07000300, 0x2306e572, 0x13331323, 0x2a1e6973, 0x91949e02, 0xa894a7c9, 0x412efec9, 0x01251c16, 0x01bcfe44, 0x28717344, 0x6c238f83, 
    0x6404edff, 0x0720059b, 0x2005e748, 0x418f8601, 0x0129170d, 0xce9998db, 0xceb198ae, 0x140c41fc, 0xfe540125, 0x645401ac, 0x002e1d3d, 0x80000200, 
    0x8708deff, 0x1b00c505, 0x53182900, 0x322409f3, 0x35331704, 0x240aea78, 0x04062335, 0xe75e1827, 0x002e0807, 0x00101511, 0xd3fe0d03, 0x6101a0fe, 
    0x01982c01, 0x03104311, 0x0224fd7e, 0x0249fdb7, 0x1082fcdc, 0x87f1fe42, 0xd9fafad9, 0x01f9fee2, 0x1a432206, 0x015a2505, 0xed799698, 0x36064a53, 
    0xa69b7ef7, 0x11013c01, 0x01110102, 0xfec4fe3b, 0xeffe02f0, 0x8200c4fe, 0x00032e00, 0x07ecff6c, 0x004a0457, 0x002f0023, 0x0a455436, 0x296b1620, 
    0x1e172509, 0x37323301, 0x1809286b, 0x6b0b5550, 0x5f080634, 0xfee75d02, 0xe70a01f6, 0x1036d487, 0xda81ce36, 0x01f9fcfa, 0xc78faa08, 0xed26ac44, 
    0x33d08da9, 0xfedb2a10, 0xa73001dd, 0xa7d0fea7, 0x52023203, 0x81809e03, 0x2b0114a6, 0x01020301, 0x7b2b0103, 0xfe7b6e6e, 0x1340fddf, 0x8b91b79c, 
    0x676d78a0, 0xc0d49a7e, 0xd3d3c102, 0x01c002c1, 0xacac901a, 0xb82dab85, 0xd7040000, 0x03007707, 0x1c001200, 0x06c54800, 0x07435918, 0x0ead5418, 
    0x94c20226, 0x19fdc9a8, 0x14b35418, 0x1807ea48, 0x2413b954, 0x00020000, 0x220482a2, 0x822006d7, 0x48142067, 0x152508fb, 0x33013e33, 0x214c1832, 
    0xbc012807, 0xfdceb198, 0x1810aeff, 0x4609274c, 0x4c1806d9, 0x00200b2d, 0xb8284182, 0xd70412fe, 0x0e00a305, 0x1806e55e, 0x8e08a543, 0x011b23af, 
    0x55180333, 0x82231561, 0x1899ba57, 0x21146555, 0x5b4a0ff9, 0xfe3e2806, 0x04d70212, 0x4c100049, 0xab8e06e5, 0x03331323, 0x21a98aa2, 0x5082eefe, 
    0x0bd64c18, 0x2106f646, 0x5f410003, 0x00072407, 0x46200016, 0x63410ba5, 0xce032116, 0x20070247, 0x1467419e, 0x410b0e47, 0x1f20176b, 0x22066b41, 
    0x47180007, 0x6f410e17, 0xd502210b, 0x21061547, 0xc98a85fe, 0x410b1547, 0x022c0d77, 0xdeff7300, 0x7707a604, 0x33000300, 0x2006c341, 0x59611822, 
    0x182f200d, 0x251f8556, 0xc9a894dc, 0x5618d8fe, 0x0625278a, 0xf8440133, 0x8f561867, 0x0002282b, 0x03edff6b, 0x822006c4, 0x872f20a3, 0x272621a3, 
    0x28514e18, 0xb1985d25, 0x18d0fece, 0x251e564e, 0x5401cc04, 0x4e18cdf9, 0x3341245b, 0x00072209, 0x098f4d37, 0x37411320, 0x4c01212e, 0x18061442, 
    0x4d28c557, 0x3e4109c8, 0x093b4128, 0x33000722, 0x410c5366, 0xc020283f, 0x20065142, 0x2241419c, 0x4105c65f, 0x012a2245, 0x12fe7300, 0xc505a604, 
    0xbb6f4700, 0x012e2211, 0xda63182f, 0x1e80420b, 0xcd6f0620, 0x6f6d2009, 0x3e2308cd, 0x180ef9ca, 0x21221859, 0xda6f33d8, 0x135b230e, 0x5918a3d8, 
    0xbc232329, 0x6f4810e8, 0x002b06ea, 0xfe6b0001, 0x04c40312, 0x93430049, 0x286841cb, 0x0121c788, 0x794518f8, 0x9c472408, 0x18b20dc5, 0x21190d51, 
    0x9b709ac2, 0x0e69230f, 0x51187a9c, 0x7d221d1f, 0xa57015ae, 0x00002107, 0x4b0fcb42, 0x032006bf, 0x212ecb42, 0xcb42e803, 0x44a32006, 0xf2442706, 
    0x290a4408, 0x5a0ecb42, 0x0b4409e5, 0x76032129, 0x2006cc42, 0x1ecc42aa, 0x44083145, 0x002b2512, 0xfe5e0001, 0x05b40412, 0x181f00a3, 0x1809335b, 
    0x4c074947, 0x36200660, 0x2006e377, 0x4b5b1837, 0x614a2507, 0x48724d76, 0x2708b342, 0xa2010552, 0x68fffaa2, 0x18055742, 0x21086a47, 0x0082007a, 
    0x3c00012f, 0x8b0212fe, 0x2f004d05, 0x22050000, 0x215a9727, 0x5218012e, 0x1b2214e9, 0x6b86450d, 0x35463b2a, 0x25554c4b, 0xaa474e5d, 0x09fb5218, 
    0x8e610121, 0x1c892373, 0x53186d80, 0x002d0f0e, 0x005e0002, 0x07b40400, 0x00070077, 0x0983460f, 0x21110329, 0x21152135, 0x42d70311, 0xf4260603, 
    0x56042ffe, 0xe1412ffe, 0x85892008, 0x283f82d7, 0x03f8ff3c, 0x00200617, 0x06c75203, 0x22010b23, 0x24af9326, 0x8bae4e1b, 0x9d53186b, 0x0574520b, 
    0x182cfb21, 0x2011a453, 0x85888200, 0xa3052197, 0x21209583, 0x91868d83, 0x95822120, 0xfe2f0225, 0x854601ba, 0x47012f91, 0x8502b9fe, 0xa2e60196, 
    0x961afea2, 0x3b847bfd, 0xf8ff502e, 0x4d059a02, 0x00001d00, 0x11333513, 0x09265418, 0x23153322, 0x2c051d5e, 0x22230615, 0x50013d26, 0xb4aaaaaa, 
    0x3e0082ec, 0x2b255448, 0x94a72c39, 0x01841602, 0x1701900c, 0xfe90e9fe, 0x5fd284f4, 0x0a940453, 0x82fe9a86, 0x05f37ae7, 0x1b004d23, 0x05696b00, 
    0x7b185770, 0x03210ffb, 0x12fb5680, 0x007b2220, 0x15fc7d0a, 0x6b13037b, 0xf32005ef, 0x676e8382, 0x6b839805, 0x022113f1, 0x131f57e4, 0xf46bc820, 
    0x1429570a, 0xf66b1a20, 0x7c022010, 0x1d2006ef, 0x2206ef7c, 0x7b152135, 0x01240fed, 0x2f7202ba, 0xb74ee28a, 0x6dd29105, 0x0521076f, 0x06c36dc0, 
    0xbb934b82, 0x02090125, 0x8a74fe8e, 0x380525aa, 0xb5fa8888, 0xa7419a90, 0x00772708, 0x00210011, 0x696a0100, 0x0f9d4110, 0x4ef20221, 0x6c20087d, 
    0x6c4eb08a, 0x6dba8f0f, 0x0f2209d7, 0x9f572300, 0x13336e12, 0xaf57f620, 0x0de26d08, 0x910c1c62, 0x086f7dd2, 0x0d00a125, 0x6c001a00, 0x3d2005a3, 
    0x09a04d18, 0x0c994618, 0x210fdc7d, 0x4618f502, 0x01210d9d, 0x18e48a76, 0x20159746, 0x124a7e35, 0x98248382, 0x0904edff, 0x20062379, 0x79f1822b, 
    0x35201921, 0x2010816f, 0x0b0b79b0, 0xc6413820, 0x16f6780a, 0x20110441, 0x06734203, 0x2005434f, 0x05314a17, 0x1d7f1320, 0x7b022112, 0x2006354f, 
    0x20e88ac8, 0x08234f33, 0x210fc741, 0xd7830003, 0x20063222, 0x0722e182, 0x57891b00, 0x20148542, 0x06054fce, 0x8bd9fd21, 0x4ecc20c3, 0xb69107fe, 
    0x00010029, 0x0512feb6, 0x42a30530, 0x3422088d, 0x61182637, 0x02210d59, 0x09975907, 0x4e032108, 0xfc7f9167, 0xd2b4ddfe, 0xb4d07001, 0x4485c8e0, 
    0x39252433, 0x6b7312fe, 0x096c8102, 0x03e72101, 0x0a766118, 0xedfeca25, 0x6b716327, 0x002005fc, 0x012a0082, 0x12fe9800, 0x36041d04, 0x58182300, 
    0xfb5911db, 0x18352010, 0x5a0beb58, 0x58180906, 0x135a10f4, 0xb4a1210c, 0x022a6782, 0x00005a00, 0x77076407, 0x40180700, 0x09220b57, 0x01883301, 
    0x23012325, 0x46910201, 0xfe21063b, 0xd261189e, 0x08fb4a16, 0xa305cd22, 0x0edc6118, 0x44000222, 0xee22c382, 0x63902006, 0x59181320, 0xbe200c45, 
    0x2106fb47, 0x5918fcfe, 0xcc23114e, 0x77fe5401, 0xfc210609, 0x585918a2, 0x0002260e, 0x04000045, 0x20c384f9, 0x0aef4b11, 0x08534018, 0x86510121, 
    0x184020bd, 0x250e5640, 0xd6d6bcfe, 0x4018cdf9, 0x07710e5a, 0x0007220a, 0x09934b1a, 0x0b710320, 0x86cc2011, 0x708620b1, 0x8959142a, 0x70ba2008, 
    0x03201120, 0x4827b386, 0x13000900, 0x18001d00, 0x1814194b, 0x21091541, 0x4118f701, 0xfe210b71, 0x18c78b66, 0x20107341, 0x26d08e51, 0x00900002, 
    0x57bb0400, 0x62180c27, 0x02260ae5, 0xc9a894e8, 0x6218cbfc, 0x062509eb, 0xf8440133, 0xf1621889, 0x00002f0b, 0x00890002, 0x06c70300, 0x0003001c, 
    0xb150000f, 0x25438b05, 0xceb19863, 0x5a183ffd, 0x0427093b, 0xf95401c8, 0x18037ee4, 0x8309415a, 0x20878543, 0x0e0f674d, 0xd527478b, 0x5e43435e, 
    0x8a78fd43, 0x073d5c8d, 0x8f86908c, 0x9af20521, 0x6252274b, 0x47624747, 0x9589f0fd, 0x5b020521, 0xb82005c4, 0x1f41988c, 0x00072209, 0x09374913, 
    0x978a0120, 0x42f40321, 0xfd210641, 0x49998950, 0x9a8c0940, 0x990a2b41, 0x427c204f, 0xfd210639, 0x219d89c5, 0x5a6b1c06, 0x0e374106, 0xea00012e, 
    0x97020000, 0x0c00ec05, 0x11330000, 0x08836118, 0xea111522, 0x077d6118, 0xae042a08, 0x8b0a3e01, 0xfb5a5905, 0x03000057, 0x00001400, 0xa305bb05, 
    0x25001c00, 0x00002e00, 0x22231121, 0x23171415, 0x36343526, 0x07025133, 0x19aa6b18, 0x489f012b, 0x1da3189b, 0x7d0292a4, 0xb26b18c6, 0x98012817, 
    0x5a544d49, 0x18c19989, 0x821cb96b, 0x218b83b6, 0x8b823706, 0x1e001422, 0x4918898f, 0x798910fa, 0x6b184420, 0x7587145e, 0x12fc4918, 0x00000029, 
    0x008e0001, 0x820c0400, 0x000b256b, 0x35012900, 0x34086a4a, 0x82fc0c04, 0x5bfdca02, 0x36fda502, 0x01a27e03, 0xcf01a0f0, 0x2a9b83a2, 0x05deff76, 
    0x00c50558, 0x821f0017, 0x00202739, 0x35213503, 0x72180036, 0xa08409a0, 0x32054908, 0x17213736, 0xfd03011e, 0xb3fecafd, 0x012a0404, 0x8bcef7fe, 
    0xb90837bb, 0x2c014408, 0x012b01ca, 0xaf8efd5f, 0xa0fc17f0, 0x22e40e01, 0x4a017f01, 0x01e71b4f, 0x106f6927, 0xfec7b215, 0x02a5fe67, 0xfef9aefe, 
    0xf0d40fd5, 0x6e24a384, 0x8404deff, 0x31207382, 0x6982b082, 0x29052872, 0x33013f36, 0x23040607, 0x71182422, 0x68180b1c, 0x27860857, 0x013b5008, 
    0xa2cb4803, 0x9297b9b5, 0xb2010dbc, 0xe0fe0f01, 0xd4fedae0, 0x95788eb2, 0xd2cb0401, 0x02130501, 0xa20d01b2, 0xa4988683, 0x9002c388, 0x75027a8b, 
    0x086e7e90, 0xf4d8b60c, 0xbc9702b2, 0xb61d100f, 0xd9a90276, 0x0813b3ce, 0x6c7e796d, 0x828f7202, 0xfdff2982, 0x24048dfe, 0x1200a305, 0x11200c82, 
    0x550a2259, 0x012105c5, 0x066a596c, 0xfd6c0329, 0x027f0248, 0x5947fd71, 0x052f051b, 0x10fea2f1, 0x000100a0, 0x028efe27, 0x4bec0597, 0x6418069f, 
    0x508a0f21, 0x64183720, 0xe921082b, 0x067259e9, 0x0d326418, 0x59851320, 0x00f3032b, 0x00020000, 0x04deff45, 0x25978277, 0x00230014, 0xa1480400, 
    0x013f3805, 0x01093301, 0x1e170133, 0x14011d01, 0x3d363224, 0x2f263401, 0x830e0701, 0x0241080e, 0x298ee4d0, 0x42fe522a, 0x015801c1, 0x42fec158, 
    0xfe292a52, 0x263a5ad4, 0x340e0d34, 0x617d2226, 0x4c763f01, 0xfd510394, 0xfcb3024d, 0x764c94af, 0x0661013f, 0x22013039, 0x1b1b5f5c, 0x01225c5f, 
    0x22778230, 0x825c0001, 0x4280207c, 0x21200543, 0x3c0a6d4c, 0xb8b81401, 0x02b8b8b4, 0x88029685, 0xfd9678fd, 0x0100007b, 0x0000b800, 0xb5050b05, 
    0x05a95b00, 0x01331122, 0x2009ea53, 0x896c1807, 0x38212d09, 0x2f47446e, 0x3c293332, 0x0282fe20, 0x09926c18, 0x373d5b30, 0x1c12a216, 0xfc63fe22, 
    0xbeb702cc, 0x7f8407fe, 0x0000ac26, 0xec052e04, 0x21050161, 0xaa553634, 0x82152006, 0x24fa825c, 0x11070123, 0x063c41ac, 0x63181020, 0x04210afa, 
    0x053b41c1, 0x1898fd21, 0x840b0064, 0xff19244f, 0x822f04f6, 0x0022354f, 0x26220500, 0x01230327, 0x27050123, 0x012e2725, 0x35072223, 0x50085f82, 
    0x17251716, 0x011e0105, 0x15373233, 0x70e30306, 0x10c02b71, 0x01baccfe, 0x2d9dfea5, 0x2f0c7101, 0x141c5747, 0x857f3424, 0x2d4b0147, 0x1301b3fe, 
    0x17334114, 0x5e0a2419, 0xfc490284, 0x81e503df, 0x8021867c, 0x0a94044b, 0x7c79c886, 0x3ad8fc79, 0x180b8230, 0x25070b4c, 0x0d00c505, 0x6c181400, 
    0x012d11d5, 0x21070222, 0x32030226, 0x16213712, 0xd56c1812, 0xfcc92e11, 0x15b40315, 0xfed0cafb, 0x0e48fc0e, 0x060b58fc, 0x0bd96c18, 0xfe41052f, 
    0x01e8e8f5, 0x0165fb0b, 0xfef5f41e, 0x2ceb82e3, 0xff800002, 0x06ac05de, 0x001600d1, 0x09935824, 0x37033e2a, 0x07010e33, 0x011d1216, 0x1810ae5a, 
    0x2a084e6d, 0x1f539d7c, 0x6605a202, 0x18aa9e76, 0x2b18556d, 0x59482202, 0x22a29947, 0xeda4fe58, 0x195d6d18, 0x70000021, 0x5b300517, 0x15006405, 
    0x00002100, 0x11002004, 0x33001035, 0x1e218786, 0x7d878201, 0x03200b59, 0x2b06c17d, 0x498a6ee7, 0x02a2011a, 0x6e667966, 0x12c76418, 0x4c24032b, 
    0xa5a24b5d, 0xa4f44524, 0xce641802, 0x0100230c, 0x65829000, 0xa305a730, 0x00000e00, 0x01093533, 0x21152135, 0x01820115, 0x15212008, 0xfea30190, 
    0xfcf4036e, 0xfe6501f5, 0x84330385, 0x36025102, 0xfe10a298, 0xe0fd2001, 0x8200a210, 0xffb6283b, 0x064206de, 0x821700d1, 0x4d4a1843, 0x033e280b, 
    0x06143335, 0x18141107, 0x260a2d6c, 0x153e745d, 0x189a78a2, 0x2a0d336c, 0x64502704, 0x23abbd4f, 0x83efaafc, 0xff98244f, 0x822105ed, 0x4a1b20fb, 
    0x50870fb7, 0xad4a2320, 0x2151840b, 0x63189e7a, 0x53840f9f, 0x22abbf26, 0xb4a128fc, 0x4520a382, 0x6d274b82, 0x1100b505, 0x49210000, 0x362905d5, 
    0x07173233, 0x07222326, 0xdb6b1801, 0x533e2b09, 0x36465f90, 0x263f302d, 0x024984fe, 0x880b2a06, 0x3d149924, 0x93fd9efd, 0x2b9b8300, 0x0486fe44, 
    0x0049049f, 0x1300001c, 0x0a3d6318, 0xb6431320, 0x0e01270a, 0xb1222301, 0x63182e1a, 0xdb320947, 0x3574902d, 0x49212228, 0xc5fe2247, 0x29919e42, 
    0x63188cfe, 0x022c0850, 0x0b708793, 0x5d3c0998, 0x84b4a8fc, 0x00276282, 0xff640001, 0x525c04de, 0x79180567, 0x10220d03, 0x51482321, 0x1e3d0808, 
    0x14011d01, 0xd7600204, 0x010de9fe, 0xb10f02b1, 0xfeb09687, 0x95017571, 0xa40363fd, 0xfede44fe, 0xdb22e2fe, 0x6a0e0eb1, 0x0281947c, 0x019a3001, 
    0x80a2108c, 0x091049fe, 0xc402cfe6, 0x266882fa, 0xfeac0001, 0x184e0198, 0x20092b63, 0x2b6318ac, 0x83022009, 0xc702211b, 0x07201b84, 0x1121e982, 
    0x22018433, 0x86d7a2ac, 0x53631823, 0xfe512408, 0x826a0398, 0x00132327, 0x2e473700, 0x6f721806, 0x11232d09, 0xfe3c0151, 0xa23c01c4, 0xc5fe3b01, 
    0xa2390383, 0x7901a2e7, 0xfeff01a2, 0x87fea201, 0x02b1fda2, 0x0002004f, 0x01f6ff87, 0x206b848b, 0x186b850f, 0x310b9f76, 0x3551a2b8, 0x36354d4d, 
    0xb2014c4c, 0x0ffcf103, 0x5a1844fe, 0x04260ae8, 0x0000b800, 0xb74b8b0a, 0x001d2206, 0x0a7b4927, 0x20072574, 0x0b854929, 0x097f7318, 0x956e0920, 
    0xa8f72107, 0x21093174, 0x9b49b903, 0xe1f62109, 0x09957318, 0x49143d74, 0x731809b2, 0x00220aa9, 0x93830400, 0x06970929, 0x0007001c, 0x941b0011, 
    0x07741893, 0x219d8b0a, 0xd3494c09, 0x24f82106, 0x2115c574, 0xeb49ed04, 0x14d17413, 0x4afffa21, 0x04260aa1, 0xedff6c00, 0x9384b108, 0x07394118, 
    0x74060756, 0x252013e1, 0x21086542, 0xe15c1521, 0x6608210b, 0xfa219f86, 0x0cf17482, 0x89d30221, 0x14f92896, 0xa9a92601, 0x4aa7dafe, 0xd120088b, 
    0x0f8e6c18, 0x99891320, 0x6c188720, 0x022e0999, 0xdeffb800, 0xa3052108, 0x17000500, 0x3b650000, 0x14bd6705, 0x5402b822, 0x240cfd66, 0xfffaa305, 
    0x10c067a2, 0xb8000331, 0xff058efe, 0x0700f605, 0x19000d00, 0x67000000, 0x21210ab5, 0x0bb76715, 0x62b8052c, 0x47624747, 0x02b4b9fa, 0xb2676fb8, 
    0xb4fa210c, 0xad675c84, 0x0003260b, 0x038efeac, 0x2057847a, 0x8ba9830b, 0x21558b57, 0x06683403, 0xae322205, 0x22538fb4, 0x8b1efae2, 0x84002052, 
    0x860921fb, 0x0b22fb82, 0xfb841d00, 0x4108f363, 0x63631201, 0x73062108, 0x630e0741, 0x0e410968, 0x03002710, 0x8efeb800, 0xb7846407, 0x630ccd68, 
    0x6c180bc9, 0x07210b59, 0x21bf841e, 0x6f8854f9, 0x8f8e0421, 0x0b7e64c8, 0x260ad168, 0xfea20003, 0x841f068e, 0x741a206b, 0x45180b6b, 0x728b1265, 
    0x41d80521, 0x83200588, 0x210aef63, 0x748e6303, 0x6910aa64, 0xe7820c4a, 0x07675b18, 0x0f000722, 0x200b8d4d, 0xbb5b1809, 0x0004210a, 0x21068d4d, 
    0x537ef9fc, 0x0beb430f, 0x0db57818, 0x4e180020, 0xa158113b, 0x29477e07, 0x438f0321, 0xfe210643, 0x1f517ff3, 0x2009a158, 0x037118af, 0xa3571823, 
    0x083b590d, 0x11331124, 0xed866002, 0x8db4f421, 0x820020dd, 0xff022100, 0x0c474818, 0x5920378c, 0xfb21ab86, 0x188b88ae, 0x18077e48, 0x7a12ab55, 
    0xdd630ead, 0x64042113, 0x22ab5518, 0x5618a388, 0x8b822736, 0x6207c362, 0x8b8607c1, 0x46181220, 0x03211603, 0x18d986b8, 0x8813fb46, 0xff4618eb, 
    0x9b53181c, 0x00072209, 0x09774617, 0x210f5156, 0xf1864104, 0x81547020, 0x54e08a09, 0x44180f81, 0x07220b73, 0x57891b00, 0x43560320, 0xab032112, 
    0xe820c586, 0x890a8054, 0x118054bd, 0x37550420, 0x00602806, 0x00130003, 0x82330023, 0x2135235f, 0x1b4d0715, 0x013b2905, 0x011d1632, 0x21230614, 
    0x46560f8e, 0xef01310f, 0x265b0802, 0x02263434, 0x25343326, 0x3525abfe, 0x01210a86, 0x2ee489b2, 0x7878e806, 0x022535fb, 0x25333325, 0x89342602, 
    0xf1f92109, 0x21105256, 0x4f560004, 0x82b32005, 0x000d2497, 0x85290015, 0x27f38297, 0x32333634, 0x20061416, 0x2006bb45, 0x12054113, 0x02130133, 
    0x3b29637a, 0x3a2b293b, 0x544bfe3a, 0x3a543b3b, 0x0b0f4131, 0x7f7f3424, 0x14829efe, 0x1a843a20, 0xfa543a23, 0x101841e0, 0x20071741, 0x0a174192, 
    0x07333722, 0x3d236d82, 0x41363401, 0x02252817, 0xc29e9da0, 0x20184183, 0x9e9ef424, 0x1941f9fe, 0x00002126, 0x21061b41, 0x1b412207, 0x3313220a, 
    0x419b8203, 0x0225221b, 0xd1b6a108, 0x191c419c, 0x01f60527, 0xfed4fe2c, 0x1d1e41dc, 0xb6388382, 0x3005deff, 0x06009807, 0x26001600, 0x00003600, 
    0x33272301, 0x03333717, 0x420e2a42, 0x03281f3a, 0x92c2953e, 0x63927a7a, 0x25202541, 0x8282cace, 0x264155fe, 0x0a274128, 0x10000626, 0x2c001800, 
    0x0320a382, 0x2a41a284, 0xf9012825, 0xaeaea2f9, 0x4183f9a2, 0xd2211d2d, 0x2a2f41d2, 0x220b4f42, 0x42332723, 0x03252f4f, 0x9ec27946, 0x202941f3, 
    0xfe9ef423, 0x3327415b, 0x43000321, 0x0325076b, 0x22011b33, 0x234f4226, 0xb6d11224, 0x214192a1, 0x221f411d, 0x76000239, 0x3004edff, 0x17004904, 
    0x00001e00, 0x1d003201, 0x23001401, 0x673d0222, 0x0f380644, 0x3e372301, 0x36321301, 0x011e2137, 0x01e64202, 0xdbf8fe08, 0x0803fdda, 0x0e837618, 
    0x0dacfd2e, 0xfe49049e, 0xfb01ffd5, 0x2801cafe, 0x09837618, 0x183ffc21, 0x21078376, 0x0f480005, 0x07f34405, 0x2f002b22, 0x1825f544, 0x230c6b47, 
    0x5b0802ae, 0x2108e644, 0x9341abfe, 0x483b2009, 0xf7440f3f, 0x13fa2118, 0x0e954718, 0x05000029, 0xedff6200, 0x4406ce03, 0x332807f7, 0x00003f00, 
    0x15213513, 0x1814f944, 0x2026ad47, 0x100e45f7, 0x69480c20, 0x11234520, 0x20237248, 0x9f631800, 0x00642207, 0x9f631803, 0x82012007, 0x440520bd, 
    0x49410e14, 0xfbfe210f, 0x21084a41, 0x3f4192fd, 0x78ec2510, 0x2634f678, 0x21073746, 0x35410afa, 0x9f55180e, 0x82b42007, 0x000f2473, 0x4139002d, 
    0x4c180531, 0x58180bc1, 0xf72c29ed, 0xc2fe7a02, 0x293b3b29, 0x933b3b2a, 0x24202541, 0xfe7f7f35, 0x222b849e, 0x183b292a, 0x28230d57, 0x00450003, 
    0x07200700, 0x22ab821d, 0x42170013, 0x09200577, 0x12c96318, 0x02be0325, 0x1815fa72, 0x7616ce63, 0x63180778, 0x042811d4, 0xecff6200, 0xc005cd06, 
    0x36245f82, 0x49003d00, 0x8d4a6185, 0xf155180e, 0x64022636, 0xedfc8e02, 0xf55518ab, 0x3805253a, 0xb4fa8888, 0x35fa5518, 0x0001002b, 0x06deff80, 
    0x00c50514, 0x0989532b, 0x3111b57a, 0x21352337, 0x21013d36, 0x14152135, 0x23153307, 0xbb7a0406, 0xc27e3017, 0x1f01ea36, 0x026bfe05, 0xcba60549, 
    0x7ad5fe40, 0x642d18bf, 0x21259659, 0x28b09e23, 0xbda6962f, 0x2d008200, 0xfe6c0002, 0x04e00484, 0x00250049, 0x7a180035, 0x86822087, 0x04141126, 
    0x37363203, 0x70189682, 0x7a18083c, 0xa22f198e, 0xe4fcfea2, 0xfe0baa8a, 0x163901c0, 0x18937da5, 0x3318967a, 0xfd8464fe, 0x02d6b5f9, 0x8493b14e, 
    0xa4cb967f, 0x00c8a402, 0x4b0f977f, 0x31410e85, 0x052c4111, 0x04001022, 0x2007154c, 0x1d117d9e, 0x7d0aad4a, 0xeb7b2212, 0x7f202008, 0x71660897, 
    0x2d4b7e08, 0xdc4ac120, 0x7bab2006, 0x202022f3, 0x2105f75a, 0xf57b64f8, 0x57022025, 0x07210577, 0x20a38277, 0x09634b14, 0x42760120, 0x11072309, 
    0xb84bdb03, 0x91fd2106, 0x410cd976, 0x8920080e, 0x2b0edf76, 0x02000000, 0x0000cdff, 0x9e072e04, 0x0320578d, 0x0222578b, 0xfa7bd637, 0xaee52105, 
    0x2a0b7f57, 0xd4fe9e07, 0xc6c62c01, 0x760562f8, 0x56820dee, 0x0002002d, 0x0512fe80, 0x00c505ac, 0x822c001e, 0x26222caf, 0x3734013d, 0x35110024, 
    0x4d210010, 0x36600567, 0x0d50710b, 0x91676539, 0xfedefe80, 0x016401b5, 0x01330132, 0xf9e9fe63, 0x24334482, 0x188b3925, 0x600af983, 0x0e260654, 
    0x4f019501, 0x26570102, 0xfece2508, 0x70612b75, 0x21055460, 0x84187202, 0x9b82130a, 0x12fe6c24, 0x7f184e04, 0x7b4407fb, 0x26372605, 0x10013d02, 
    0x209a8300, 0x0bd16014, 0x0b9f8b18, 0x67a4022f, 0xf9d99291, 0xce010a01, 0x9eae0a01, 0x289384a9, 0x3001e5fe, 0xcefea6a7, 0x269084a6, 0x010b718b, 
    0x1802f928, 0x2508847b, 0x31eafecf, 0x8e867e6e, 0xbfd47522, 0x078f7b18, 0x1f410320, 0x1d072705, 0x22000300, 0x05453000, 0x05054605, 0x24262541, 
    0x7202dd01, 0x232841ea, 0x8598062a, 0x737af785, 0x6c81026b, 0x25312c41, 0xfe6c0003, 0x83730412, 0x00212205, 0x41a7852d, 0x01252931, 0xff8e0216, 
    0x1b354100, 0x88380525, 0x82daf888, 0x2739419d, 0x1f7a0020, 0x07ff4f0f, 0x210b9651, 0x8a435702, 0x69fe2106, 0x4e058b51, 0xf8210763, 0x09217a6e, 
    0xb8000331, 0x8b0a0000, 0x0900a305, 0x1f001500, 0x55330000, 0x67181e81, 0x77550a9f, 0x0ad95417, 0x84146d55, 0x97092173, 0x13207384, 0x6155738c, 
    0x13681816, 0x0b575516, 0x20214d55, 0x056f5000, 0x05b10824, 0x758300e2, 0x18002b21, 0x260db949, 0x35231133, 0x55010e23, 0x49181745, 0xae2409bd, 
    0xae3210ae, 0x18143c55, 0x5510c281, 0x80261733, 0x7305deff, 0x91827707, 0x4f182520, 0x41180e2f, 0x032618df, 0xc9a89454, 0xf445ddfe, 0x3306251d, 
    0x67f84401, 0x20e04118, 0x41180020, 0x202009db, 0x08db4118, 0x33132322, 0x2fa98118, 0xb198a825, 0x45cffece, 0x042321e8, 0x455401cc, 0xdf7927e4, 
    0x33032212, 0x0bed5413, 0xddbb0226, 0x69fda8c9, 0x1808df54, 0x5509216b, 0x00200948, 0x850fdf79, 0x2b5a1843, 0xe7192510, 0xf1fdb1ce, 0x630ab754, 
    0xfb2105bb, 0x0fae5434, 0x00209682, 0x2107934c, 0x87510093, 0x05934c05, 0x07333722, 0x210f4e4f, 0xa15e3327, 0x012b2705, 0x011d0622, 0x6e181614, 
    0x5f290c6a, 0x64c29e9d, 0x444b4b44, 0x2b04837c, 0x1a157377, 0x16731619, 0xe2fd1a1a, 0x2910534b, 0xfe9e9ef5, 0x023045e4, 0x04844530, 0x1014502c, 
    0x14141102, 0x14100211, 0x5f4bd7f9, 0x06934c0e, 0x869f0721, 0x0041289b, 0x0100004d, 0x7c0b3313, 0x8a820a06, 0x8f230621, 0x29754b9b, 0xa1ec012a, 
    0x563fd1b6, 0x02567575, 0x02240484, 0x2b3c3c2b, 0x3e200483, 0x2c20824b, 0xfe2c0173, 0x7237fed4, 0x71510151, 0x27048271, 0x2a3d5c72, 0x3c3c2a01, 
    0x3d220482, 0xb44ce7fa, 0x07934b23, 0x934b7720, 0x13232208, 0x13934b33, 0x94390526, 0x2ffac9a8, 0x2017944b, 0x05237e33, 0x2211944b, 0x4b000000, 
    0x06210697, 0x0a974b20, 0x4d051543, 0x974b0bc3, 0xed032636, 0xfdceb198, 0x3b984b0b, 0x01cc0425, 0x4bccf954, 0x04283598, 0xccff7900, 0x7707ae05, 
    0x1924db82, 0x2b002200, 0x18077744, 0x25267969, 0xc9a89455, 0x6918e1fe, 0x8544257e, 0x83691805, 0x00042831, 0x04ccff5b, 0x8e1f065e, 0x995a18a3, 
    0x989f2527, 0xd6feceb1, 0x219e5a18, 0x01cb0425, 0x18cef954, 0x4f29a35a, 0x7720072f, 0x9d589782, 0x13332208, 0x59741833, 0xbc012a0e, 0xd8bfc9f4, 
    0xfca8c9dd, 0x10c94389, 0x1806bc6a, 0x2a136174, 0x00040000, 0x03edff30, 0x842006ce, 0x0025255f, 0x01000031, 0x5f835b82, 0x180e134e, 0x180e1d7c, 
    0x290c9389, 0xc9ceff2f, 0xb1cee7e4, 0x8e4387fe, 0x05e3441f, 0x280a6818, 0x8b519582, 0xfb571805, 0x16322a09, 0x3523011d, 0x22232634, 0x20088406, 
    0x0ce14436, 0x8d6db220, 0x32fe2108, 0x230f0941, 0x91b17707, 0x09fb5718, 0x11217518, 0x12fb5718, 0x6a866b86, 0x29bd6518, 0x018e0129, 0x6692b74c, 
    0x599266ca, 0xbf6d22b3, 0x4486200b, 0x03232290, 0x18008d00, 0x2007eb72, 0x05af5a07, 0x18051142, 0x200c9551, 0x06114281, 0x1837fd21, 0x4609294e, 
    0x761805ae, 0xe07a076d, 0x04002706, 0xedff4e00, 0x03422604, 0x001f2206, 0x0b034226, 0x1cc15018, 0x414d0121, 0xf92007f8, 0x1c2e4e18, 0x180bf541, 
    0x221bbd50, 0x18020000, 0x2208c773, 0x821d0011, 0x10ed4187, 0x0221e38b, 0x09ed4177, 0xe589e020, 0x8711e741, 0x180020e9, 0x4113b351, 0x52180de3, 
    0xac201f97, 0x2107d841, 0xf29c6501, 0x41200621, 0xf59b0cd6, 0x28ff0322, 0x1c21f882, 0x05e34307, 0x00000b23, 0x07814313, 0x11331123, 0x06c6411c, 
    0xb49cfe22, 0x220dbd41, 0x82005dfa, 0xfe032200, 0x203b82fa, 0x06bb410d, 0x0b213b82, 0x070b4201, 0x07113322, 0x21079d41, 0x8141ae99, 0x0434240a, 
    0x82cafb36, 0x1800203a, 0x410f6b48, 0x1320106b, 0x01217f82, 0x08634112, 0x41b44521, 0x48181159, 0x1221126b, 0x0e514120, 0x58204582, 0x21083541, 
    0x1941ae05, 0x8599200d, 0x1804208d, 0x7e0ac772, 0x054107e3, 0x1afb7f07, 0x41200221, 0xf620071e, 0x2122e37e, 0x7118bcfe, 0x042228cc, 0xe37e5900, 
    0x7e8f8610, 0x582018e3, 0x20066e41, 0x1ae37e29, 0x18acfe21, 0x5d1cae62, 0x41180a23, 0x9541070b, 0x1a0f4111, 0x41160321, 0x9f2008ad, 0x411a1041, 
    0x355d0ec7, 0x0b411826, 0x0de94112, 0x18c76318, 0xfe41b720, 0x5d022007, 0x2a43153d, 0x2b42180d, 0x0004221b, 0x08c77e96, 0x4408697d, 0x8d5c08fd, 
    0x7e072005, 0x01210e1d, 0x0624428a, 0x7d2efd21, 0x57431469, 0x156b7d0d, 0x76ff0322, 0x2208d77e, 0x43180007, 0x317e0ca3, 0x4275200d, 0xfe210605, 
    0x0a6c7d19, 0x7d0d7e43, 0x03210a6e, 0x07377e00, 0x20001124, 0xf1442a00, 0x21d79516, 0xec418002, 0xd7fe2108, 0xe741d994, 0x7f89200e, 0x00231409, 
    0x861d0002, 0x820f20db, 0x43002083, 0x13220fbf, 0xe18d3311, 0xcd41d420, 0x0d4e7e07, 0x200bc441, 0x0b227f99, 0x00820020, 0x43117f73, 0x1020064d, 
    0x240bff67, 0x01141133, 0x07ac41fd, 0x9418ee20, 0x9f41072e, 0x5eab200a, 0x5b841008, 0xedff4c24, 0x83730904, 0x09c1480a, 0x21104b74, 0x9f414b01, 
    0x73ac2007, 0xfe211283, 0x296318ac, 0x09b75f12, 0x21001122, 0x5e13a141, 0x02210fed, 0x089841f3, 0x5ea90121, 0x8d4109df, 0x7273180e, 0x3f641813, 
    0x760f200a, 0x61430517, 0x1455740d, 0x5c45aa20, 0x5f182008, 0x55430cd5, 0x10c15e0c, 0x6b820020, 0x23076f7d, 0x0033002f, 0x103da118, 0x251e627d, 
    0x33130104, 0xa77e0203, 0x4bfe2428, 0x1899ba57, 0x18287296, 0x82070652, 0x07477da3, 0xe57a2b20, 0x29d77b05, 0x8e189f84, 0xfe211f39, 0x1896828c, 
    0x26223e8e, 0x580125fe, 0x8200a8fe, 0x07d37b8f, 0x0b000723, 0x09971800, 0x206b8408, 0x05517a2f, 0x82ecfe21, 0x05de7a52, 0x0b134918, 0x12fe3c2a, 
    0x4d058602, 0x19001500, 0x177d8e18, 0x8e184584, 0xfe210c81, 0x184b8299, 0x2111868e, 0x8d851afe, 0x52188f83, 0x49180d8b, 0x1125096b, 0x11331121, 
    0x18058223, 0x260a6b49, 0xb41803b4, 0x56e8fcb4, 0x9b180c90, 0x02200935, 0x0d8b5218, 0x180bd763, 0x210e8b52, 0x91563902, 0x50e72006, 0x8f560abe, 
    0xcc92180b, 0x5d032010, 0x4d210653, 0x06c54c00, 0x4b070367, 0xe1200cbd, 0x20058973, 0x0fb94b21, 0x0ccd4f18, 0x0ba26218, 0x21075f65, 0x5782f605, 
    0x31002522, 0x0f655018, 0x23519618, 0x64660227, 0x46644646, 0x1fba4ce2, 0x5a180520, 0xa24b07b1, 0x01002b22, 0x12feb800, 0xa3053604, 0x5a182400, 
    0x21200db7, 0x2017a57d, 0x09c04ab8, 0x7e9ffe21, 0xa3201005, 0x7e06c24a, 0x02221308, 0x6b826c00, 0x49042624, 0x70182f00, 0x59181bf5, 0x40180ef0, 
    0x5a180859, 0x372007d4, 0x2208747e, 0x18e4c948, 0x300fc095, 0x4094c11b, 0x724d7661, 0x0ea47b31, 0x9e0d5402, 0xf68518fe, 0x166a2409, 0x18eb2601, 
    0x230dd195, 0x5a12a269, 0x21053d7e, 0x555f9c05, 0x49052005, 0x535f06df, 0x00312207, 0x25535f3f, 0x1bc77b18, 0x5f120221, 0xa8201663, 0x5f1afb48, 
    0xf921186d, 0x184b18f1, 0x00052126, 0x5f053b66, 0x97570783, 0x11835f08, 0x20181149, 0x10725f20, 0x4a5c0121, 0x06201236, 0x1811665f, 0x28252b4a, 
    0x0003006c, 0x002b001d, 0x05654139, 0x7d220321, 0x1f210cea, 0x8b831801, 0x4f5a1808, 0x137b6707, 0x02120236, 0x3f468a08, 0x331d2c17, 0x41434f6e, 
    0x222a1741, 0xbc506e33, 0x2f1b5c41, 0xfe7878f4, 0x1d0f28fd, 0x5a080351, 0x1b0f2a5e, 0xf9210784, 0x265941ed, 0x095b4a18, 0xbf84ed20, 0x35002922, 
    0x8d4bbf9f, 0x02202c18, 0x454fa27a, 0x42234629, 0x82515978, 0x25442108, 0x06200882, 0x2c136341, 0xfe7f7f6e, 0x39223a4d, 0x7d141281, 0x21078781, 
    0x684132fb, 0xb34c181c, 0x004d2107, 0x4406ad4c, 0x4f4107cf, 0x4503271b, 0x5e43435e, 0x40417243, 0x4c5a181b, 0x01972208, 0x0a565b5c, 0x68fea522, 
    0x14579f18, 0x6b06934b, 0xc76811a3, 0x8e022717, 0x62474762, 0x08416e47, 0x08e04412, 0xa74df99a, 0x05bf6107, 0x19632120, 0x0fbf6107, 0x231b0541, 
    0x08021202, 0x200acf61, 0x1b0d4101, 0x210dd961, 0x4742e8f9, 0x05f36130, 0x27001b22, 0x1808395b, 0x410859ab, 0x01211721, 0x0ae26120, 0x2741bd20, 
    0x61062012, 0x2e410ed5, 0x777c181a, 0x001d2408, 0x860d0003, 0x09237c83, 0x72026624, 0x577b6dfe, 0x8598240b, 0x7b68f985, 0x1b7c0e4a, 0xc0052107, 
    0x16204382, 0x1807bb62, 0x24104d6c, 0xfd8e02e0, 0x14137c90, 0x88380525, 0x7c4ef988, 0x012a110f, 0x8efeeaff, 0x36045301, 0x55820b00, 0x0add5518, 
    0xb35b0820, 0x0dc36e05, 0xff456008, 0x061f055a, 0x000f0049, 0x00170014, 0x33013300, 0x03171317, 0x21032301, 0x23132703, 0x33030103, 0x33132713, 
    0x14024503, 0x90552ab2, 0xbd94018f, 0xb1e9fe91, 0x9189a390, 0x83e2a801, 0xb32f2e9d, 0x71a30560, 0xfe2c1701, 0x01b8fb2b, 0x2cbdfd9d, 0x63fe1702, 
    0x7cfdba04, 0xfd830102, 0x8211017c, 0x828020e7, 0x82442063, 0x00242563, 0x0500002e, 0x34057b55, 0x10013d02, 0x17322100, 0x1e071737, 0x23071701, 
    0x01272635, 0x7aa51816, 0x01680808, 0x01171214, 0x02222326, 0x57fd0211, 0x32902e52, 0x5601ab9d, 0x3d422601, 0x7e2c902c, 0xb60116a5, 0xaefe8b2a, 
    0xd6973f38, 0x23b50222, 0x56fdc3fe, 0x4d015e66, 0xf3d02826, 0x2c981422, 0x5f0156a3, 0x5d0102f2, 0x900c9601, 0xd63a912c, 0xa302028b, 0x0fadfb52, 
    0x02027c91, 0xf202edc6, 0x49fcfeac, 0xfe064204, 0x00f1fec2, 0x022c0082, 0x49ff6c00, 0xee041e04, 0x2b002300, 0x34229f8b, 0x9f863300, 0x23011f26, 
    0x03272627, 0x5f089f82, 0x0e07023f, 0x17140101, 0x06222313, 0x385b0215, 0x38903537, 0x0c017f74, 0x331e22e2, 0x7c643190, 0x01ad0111, 0x1ce5581a, 
    0x023dd825, 0xe22302ac, 0xdc7308fe, 0x13ab9113, 0xb82baf0b, 0xad020143, 0x2d01fc02, 0xa12ba803, 0x0666a02a, 0xfd336403, 0x06b80708, 0xb5990b01, 
    0x6edb3102, 0xb7d8da02, 0x012f8f82, 0x00004600, 0x49048503, 0x00002100, 0x18343521, 0x250aa5a8, 0x37231507, 0x7e18033e, 0x37080728, 0x011d010e, 
    0x6e587801, 0x6479404e, 0xab0a856f, 0x693b0501, 0xddb265a1, 0x3d596564, 0x5fa0656f, 0x02497344, 0x6d7d7662, 0x8a520e0a, 0xa2cc3c6a, 0x5ab46502, 
    0x614d6a4e, 0xa918f384, 0x01293ec3, 0x02cc0474, 0x0020068d, 0x05f55703, 0x92060228, 0xcc04c158, 0xba825401, 0x043d0025, 0x84c303cc, 0x000b221b, 
    0x451f8513, 0x04200747, 0x2d06bf6b, 0x31902b02, 0x645dfebf, 0x47644747, 0x06844d02, 0x82054c4f, 0x8202870f, 0x065f4aa7, 0x18a30521, 0x2008fb6e, 
    0x2b8b1823, 0x4b01260d, 0xfec14692, 0x0f594a85, 0x014f0425, 0x5a5dfa54, 0x4f820ed0, 0xae000126, 0xb2013203, 0x66051b43, 0x8f180b29, 0x0321083f, 
    0x0a567432, 0x2105e743, 0x93744105, 0x227d8208, 0x18211113, 0x2008b763, 0x207c82d7, 0x09e04977, 0x97547587, 0x00022609, 0x06000045, 0x183f8d43, 
    0x84094f5e, 0x06bd4b3f, 0xa6183c87, 0x3f840cef, 0x75770221, 0x7f84087f, 0x85113321, 0x2ee48937, 0x45000300, 0x2e06deff, 0x0d00c505, 0x18001100, 
    0x470adba8, 0x012005ff, 0x01203782, 0x200d0c62, 0x0d9f4598, 0x820cfc21, 0x4c0221ca, 0x790a0862, 0x04251228, 0xfa540171, 0x13fc61e1, 0x0621a784, 
    0x23a78439, 0x1300000d, 0x0c878118, 0x0221ad83, 0x0a0f4539, 0x0f45b885, 0x00452411, 0x827a0600, 0x002328c3, 0x21000027, 0x62352135, 0x15320c3c, 
    0x35211521, 0x013d1236, 0x02200234, 0x1214011d, 0xd7841517, 0x3701523a, 0x6d01a493, 0x6d014e02, 0x370193a4, 0xa7aff2fd, 0xff46feff, 0x77fdafa7, 
    0x2708d382, 0x015e10a2, 0x0102c745, 0xfe770130, 0x02d0fe89, 0x5ebbfec7, 0x6dcca210, 0x02c11e01, 0xfe1501f0, 0xc102f0eb, 0xcc6de2fe, 0x00289383, 
    0x51ff0400, 0xd702f6ff, 0x2008bb42, 0x15bd4221, 0x240aaf4f, 0x01061537, 0x10cb423f, 0xa1f5fe29, 0x5448ae89, 0x422f2915, 0xfa2d10d5, 0x03988ae3, 
    0x5e0cfd1e, 0x0a940454, 0x20008200, 0x3fab1802, 0x00b83aac, 0x05100400, 0x000500a3, 0x11232100, 0x01211521, 0x5803b46c, 0xa3055cfd, 0x24cb84a2, 
    0x05000067, 0x081f840b, 0x00000b2a, 0x33013533, 0x21251501, 0x01230135, 0xb2f90167, 0x28fcf901, 0x82fe0c03, 0x7f82fe10, 0xdcfa2405, 0x0410a27f, 
    0x00eefb12, 0x32d7aa18, 0x87829020, 0xa518bb20, 0x00202967, 0x0520b782, 0x2967aa18, 0x2805074a, 0x00c505b9, 0x001a000d, 0x0977681e, 0x850c4f4b, 
    0x3503290c, 0x1c031521, 0x9cfec8fe, 0x3536e382, 0x67013601, 0xcafe9afe, 0xfe0801e4, 0xfe3afef7, 0x2e0601f7, 0x4c432702, 0xfe6a220a, 0x17f17ba4, 
    0x9cff0123, 0x060b419c, 0x14e3aa18, 0x2205237e, 0x180c00a3, 0x180e755d, 0x660d715d, 0x012a0f8d, 0x00005300, 0xa3050505, 0x37820700, 0x01330123, 
    0x34018223, 0xb2000253, 0xfebd0002, 0x6cfe106c, 0x5dfaa305, 0x50fbb004, 0x207b8600, 0xafaa1806, 0x00032669, 0x0400008e, 0x209b82b1, 0x209d8203, 
    0x0605490b, 0x15213523, 0x36038201, 0xfc23048e, 0xfc750334, 0x05230434, 0xfda2a201, 0xfda0a091, 0x43a2a26e, 0x80220533, 0xaa18deff, 0x01266ae7, 
    0x0000b800, 0x43412405, 0x23212405, 0x82112111, 0x24052b03, 0xb4fcfcb4, 0x01056c04, 0x1982fffa, 0x2005e35a, 0x180982a7, 0x20450bab, 0xeb4c1801, 
    0x18072008, 0x231a9ba9, 0x04000045, 0x2da3a818, 0x7600032e, 0x3e06c6ff, 0x1300d905, 0x23001b00, 0x3b08d782, 0x11002435, 0x25001035, 0x04153335, 
    0x10151100, 0x03150500, 0x1d010e11, 0x05161401, 0x013d013e, 0x03272634, 0xfedafe00, 0x0163019c, 0x2701b427, 0x9cfe6301, 0xd5b4dafe, 0x8901fdfd, 
    0xd5280482, 0x010e8f3a, 0x01180152, 0x24080282, 0x92920e53, 0xfeadfe0e, 0xe8fe01e8, 0x8f0eaefe, 0xb0033001, 0x01dbf508, 0x0808f5da, 0xdb01daf5, 
    0x010008f5, 0x9fa91800, 0x82a92047, 0x05e32abb, 0x001700a3, 0x24112100, 0x05145600, 0x33111725, 0x84013e11, 0x0815820b, 0xfeec022d, 0xb4c1fefc, 
    0xc0b4c0cf, 0xc1feb4cf, 0x5301fcfe, 0xfb330101, 0xe5fd2102, 0x0305cebc, 0x0556fcaa, 0x1b02bcce, 0xfefbdffd, 0x82adfecc, 0x8287209b, 0x05af2753, 
    0x002300c5, 0x81463300, 0x46872022, 0x7746177c, 0x18002027, 0x27541f8f, 0x00450003, 0x07f90400, 0x63134818, 0x6200032e, 0xb004ecff, 0x03002006, 
    0x2e002000, 0x7c053147, 0x35210b4d, 0x87a31833, 0x22232507, 0x23012f26, 0x0ed89a18, 0xa3022308, 0xfec15892, 0xf7f6cbf9, 0x2fa96cca, 0x302aae10, 
    0x3324171a, 0x010a7361, 0x96e25810, 0x8e8ba5b1, 0xa7629ba5, 0x01240805, 0xfd02fe30, 0x5a603101, 0x48d7fca6, 0x0a910438, 0xd20a5e60, 0x02b7dc9a, 
    0xbdd8dfb6, 0x00dbb802, 0x6c000200, 0x01208b82, 0x33208b84, 0x03208985, 0x1805236b, 0x2315f99e, 0x2315013b, 0x4c055065, 0x0724057a, 0x7b020406, 
    0x22088e82, 0xbaeeceda, 0xbfbdeba6, 0xae041de4, 0x6d8e1704, 0x747b8e73, 0x7f799999, 0x9f727e8c, 0x03ae0317, 0x85fafe1f, 0xac210892, 0x3eb0028b, 
    0x02a74310, 0x9398ab90, 0x4f490d14, 0x47024c59, 0x4b589a55, 0x625b4d02, 0x930e0b53, 0x249382b9, 0x0498fe55, 0x48938451, 0x1322064f, 0x76821011, 
    0x23111525, 0x18263411, 0x2b073a43, 0x3e33011f, 0x16323301, 0xf3021115, 0x29348182, 0xae9382f6, 0x171a352f, 0x735b3824, 0x2810030d, 0xc2b16fa8, 
    0xf83a7383, 0x01f80378, 0xfd8ca620, 0x42290382, 0x0a94043b, 0x59124f53, 0xfbc0d065, 0xff8300de, 0xf6ffa224, 0x6b842a02, 0xff881120, 0x41113521, 
    0x01210881, 0x205b8246, 0x0b9c4801, 0x48d6f921, 0x04260e8f, 0xecff7c00, 0x03490204, 0x06d76308, 0x490fc14b, 0x362e0a03, 0x2634013d, 0x12163327, 
    0x0210011d, 0x0d496a02, 0xc63c2d11, 0x7780aee4, 0x3e28937b, 0xe7382eb2, 0x39111249, 0x02d6ddd9, 0x9072fd97, 0x02bdd192, 0x5e96d5b5, 0x028ce2fe, 
    0xd2feeefe, 0x5b420200, 0x4a042505, 0x2a001c00, 0x420d5d69, 0x23201f55, 0x201c5042, 0x234b4214, 0x98fea230, 0xf6056a04, 0x2f001800, 0x11130000, 
    0x794d1234, 0x1e152d07, 0x14011d01, 0x26222306, 0x01112327, 0x1095ba18, 0x19204e08, 0xa2161401, 0xe9c0d2e9, 0x9b955f6d, 0xaa76c4fd, 0x50011029, 
    0xb1b9a276, 0x8b805958, 0xeefe7187, 0x0598feb9, 0x0501ec6d, 0x6402afd2, 0x251029a2, 0xc80296c4, 0xfd5560ff, 0xa9ee01f7, 0x9a95027f, 0x02747c9a, 
    0x97fe846d, 0xcaab08fe, 0x08008200, 0x48000143, 0xe003a2fe, 0x10003604, 0x11010000, 0x33013301, 0x27341100, 0x14151633, 0x01110302, 0xb89dfeab, 
    0x01101201, 0x13ac1211, 0xa2fecbbc, 0x4b044901, 0x7d0167fc, 0x53735601, 0xfec66561, 0xfef6fe44, 0x274682be, 0x5c000200, 0x3404ecff, 0x2120d382, 
    0x28057759, 0x34013d00, 0x2e353712, 0x20078201, 0x24de8236, 0x23261517, 0x23db8222, 0x12161716, 0x83180682, 0x4c080f9d, 0xf0fedf4b, 0x5a71aada, 
    0xb262a0c9, 0xbca1a537, 0xb7d0875f, 0x8cd7eefe, 0x898ab3ab, 0x0114aeae, 0xbb02e71b, 0x13211101, 0x0250733e, 0x252d9073, 0x026f549c, 0x64415232, 
    0x02c3fbfe, 0x9adafee6, 0xa402a7cb, 0x02a6d3d5, 0x0000cba7, 0x05ab4301, 0x854a0421, 0x82262089, 0x9fa21881, 0x13a54316, 0xa1432820, 0x43142021, 
    0x0020229c, 0x57288783, 0x900398fe, 0x2000e205, 0x5a080c82, 0x2e343536, 0x2e232701, 0x10013d01, 0x35213501, 0x00041521, 0x1614011d, 0x011e3317, 
    0x07061415, 0x1e618502, 0xf1025b5f, 0xfe0502c4, 0xfec70252, 0x89d6febe, 0x90b102bb, 0x98fe312e, 0x392d598a, 0xeb501f3a, 0x890102cc, 0x9a106c01, 
    0x8ffec499, 0x9c8f02d1, 0x6a983d41, 0x84467642, 0xfe55246b, 0x82510498, 0x821d20f3, 0x1c05446b, 0x44a30321, 0xa9821301, 0x2e17fd43, 0xff6c0003, 
    0x054a04ec, 0x000b00f6, 0x18150011, 0x4a082d46, 0x410805a5, 0x21030220, 0x13200002, 0xfe4a0321, 0x0100ff22, 0x01de0100, 0xfea6fe00, 0x020a9cd6, 
    0xa2fd0a76, 0xfd0f5a02, 0x8c011488, 0x01017801, 0xfe8a017b, 0x0185fe76, 0xe40388fe, 0xf3fef9fe, 0x31fc0d01, 0xbe822802, 0xa2283682, 0x2a02f6ff, 
    0x0d003604, 0x0c934518, 0x06153724, 0x5544cc01, 0x440a2007, 0x01220d50, 0x8b82a200, 0x40043b22, 0x13db4818, 0x010f3108, 0x07012301, 0x10aea211, 
    0x7d583901, 0x18242e55, 0x47543923, 0xc3af017a, 0x04d1a9fe, 0x01e5fd36, 0x0a4b6872, 0x54380491, 0x0274fd91, 0xd3fee714, 0x19288382, 0x2f04f6ff, 
    0x1e00ec05, 0x0a874818, 0x09844818, 0x17021e22, 0x12824818, 0x2f34ae2f, 0x141c5747, 0x5b443424, 0x01274150, 0x7a481832, 0x8dfa2e0d, 0x94044b80, 
    0x88571e0a, 0x3a7efc73, 0x200a8230, 0x24678200, 0x03000048, 0x20eb85e0, 0x0a724321, 0x01102008, 0xa3fea501, 0x101101b8, 0xad121101, 0x048dfe13, 
    0x0166fc36, 0x6e540181, 0xfe616257, 0x830dfe80, 0x4258203b, 0x34200653, 0x270d5342, 0x35373634, 0x3527012e, 0x232a0783, 0x07152135, 0x1507010e, 
    0xe1421614, 0x0e674209, 0x95c2f237, 0x016a768b, 0x02d9627b, 0xdbf767db, 0x87bfac02, 0x83d6c38a, 0x0c7142c0, 0x8ab9523f, 0x27a27701, 0x67852f0f, 
    0x148d5d01, 0x0b899a0f, 0x0171841a, 0x889a6568, 0x6b580174, 0x087e4242, 0xad180020, 0x01285707, 0xf6ff4600, 0x3604f104, 0x0883ab18, 0x23112123, 
    0x20e08311, 0x07fb4723, 0x67043e08, 0x5ffe7181, 0xab04e0ae, 0x17412ece, 0x850a261a, 0xfc900291, 0x9a9c0364, 0x4a71fd9a, 0x0a940433, 0x02000000, 
    0x98fe9800, 0x4a046004, 0x1d001000, 0x11130000, 0x32330010, 0x10011d00, 0x0c6b4502, 0x06203f08, 0x1614011d, 0xdd040198, 0xf80701e0, 0x2caf6acf, 
    0x932e0110, 0xe0fea5a9, 0x98feaeaa, 0x05018703, 0xdafe2601, 0xf7fe01f9, 0x5561cbfe, 0xee01f6fd, 0xb801c8dd, 0x01c4e0cc, 0x0100d9ac, 0x23826200, 
    0x6382f620, 0x9b412320, 0x43262005, 0x342005ee, 0x07c5b118, 0x43058368, 0x91350af2, 0x02845461, 0x0901c5f1, 0x1de8b2d2, 0x3803ae02, 0x8ea67ed5, 
    0x088241b7, 0x2e4f4234, 0x02cbec53, 0xb41701ed, 0xba0a0b9f, 0x9c02a4be, 0x73413f9c, 0xff62270b, 0x04af04ec, 0x99510036, 0x00222305, 0x6b82013d, 
    0x21152122, 0x45054646, 0x32080f63, 0xf8fed842, 0x02f62201, 0x4ad3fe35, 0xd3f4fe55, 0x7ca6a18c, 0x14a5ad8c, 0x01fc2d01, 0x9a2601fa, 0x75c73810, 
    0xcefef901, 0x01bad59a, 0xb1d5d5b1, 0x82d5ba01, 0xff3c24d3, 0x84b103f6, 0x05002763, 0x11352622, 0x60823521, 0x3d077b41, 0x91abce02, 0x7503aafe, 
    0x584b8ffe, 0x0a352824, 0x8f029c85, 0x9cfd9090, 0x8a045864, 0x0082000a, 0x94000126, 0xf903ecff, 0x17203f82, 0x470cd743, 0x3e200dd9, 0x200cc647, 
    0x17b44714, 0x03334f82, 0x98fe6200, 0x4d056405, 0x1f001700, 0x00002700, 0x83241101, 0x023e2df6, 0x11331137, 0x011d031e, 0x11050014, 0x080f644c, 
    0xfe8c0258, 0x55e0fef6, 0xae77c896, 0x5596c877, 0xf6fee0fe, 0xbec5b3ae, 0xbeba6801, 0x98feafc9, 0x01125601, 0x8101ec2e, 0x084d88cf, 0xfbfe0501, 
    0xcf884d08, 0xfeec0181, 0xaafe12d2, 0x3803e601, 0x01b0d813, 0x1515ddaa, 0xb401abdc, 0x010012d5, 0x8efe2500, 0x40042004, 0x7f822100, 0x07af4c18, 
    0x4c180320, 0x13250aac, 0x01330133, 0xae4c1813, 0xd03f0807, 0xbf316c57, 0xb7ebfe10, 0x1ee78901, 0x14143444, 0x6a5e2c24, 0x0110b439, 0x75feb718, 
    0x36431ee5, 0xfe24170f, 0x01624c8e, 0x02dffd7d, 0x3dd201cf, 0x0a940430, 0x94fe7355, 0x27fd2a02, 0x443b36fe, 0x6a820535, 0xfe940025, 0x82f70498, 
    0x821d20fb, 0x2e11210c, 0x20058b4c, 0x05974c16, 0x340a2949, 0x02110700, 0xaef3da61, 0x95ae839c, 0xb2382ea1, 0xf7fe3a2c, 0x08e582df, 0xed075521, 
    0xfd9402c1, 0x049b8e81, 0x3dfbc304, 0x02c1cc05, 0x577ef0aa, 0x0280dffe, 0xcafef0fe, 0x82abfe09, 0x76002756, 0xa405ecff, 0x7c183604, 0x37240a2d, 
    0x15110633, 0x0baba418, 0x10351122, 0x08059449, 0x23021458, 0x06232722, 0xc2ade501, 0xbbbc525f, 0xae6e55cb, 0xbbcd546d, 0xc15f52bc, 0x1057c9ae, 
    0x12011457, 0x01a301fb, 0xfefc6435, 0x8bfe01c2, 0x5d01819d, 0x9d81a3fe, 0x01017501, 0xfe64fc3e, 0xfc01a3cb, 0xdedeeffe, 0x03000000, 0xf6ffacff, 
    0xeb054302, 0x17000b00, 0x8c182500, 0x42181937, 0x37230aa5, 0x181b0615, 0x200f1185, 0x072b4636, 0x410e0526, 0x41412d2e, 0x0aaba918, 0x46e8fa21, 
    0x00210d3e, 0x059b4203, 0x89187386, 0x738a1a49, 0x210cb742, 0x7e8f4601, 0xc842ef20, 0x2083920c, 0x1cdb42de, 0x1805275e, 0x2209c38b, 0x5a331323, 
    0x02251775, 0xc15892ab, 0x126d5a11, 0x21578b18, 0xf7850220, 0x67830620, 0xcb4b1b20, 0x21e18c10, 0x65827102, 0xd48cba20, 0xcc205f84, 0x0220c697, 
    0x84053f42, 0x06df4b5b, 0x4206b14d, 0x03212045, 0x216b825b, 0x4a4203fe, 0x42768516, 0x012b284f, 0x0000c200, 0xa3051a04, 0x54000900, 0x1135064f, 
    0x01211521, 0x5803b476, 0xa4025cfd, 0xa3055cfd, 0xa220fea2, 0x28008200, 0xfeab0001, 0x045d039a, 0x572b8336, 0xab350985, 0xfcfdb202, 0xfcfd0402, 
    0x9c059afe, 0x9051fe90, 0x000033fd, 0x20578402, 0xa7561840, 0x18032008, 0x200e37a0, 0x37a01844, 0x86032022, 0x05434f43, 0x57181f20, 0x0d581757, 
    0xd9012209, 0x71a21858, 0x18fd200a, 0x2e27ab9f, 0xff680001, 0x054106b8, 0x002100a3, 0x5c220500, 0x3d290501, 0x23263401, 0x11070622, 0x06c94523, 
    0x33363336, 0x011d0032, 0x6a040014, 0x3c262847, 0x8aaba884, 0xb43abf6e, 0x08059b64, 0xdb940a22, 0xfe0901d2, 0xa30e48f5, 0x029ca70b, 0x6177b58d, 
    0x0105f3fd, 0xeefda2a2, 0xd7f1fe9c, 0xf4fedf02, 0x22071341, 0x1877071a, 0x820aef70, 0x21152f5d, 0xa894b002, 0xb4e9fdc9, 0x5cfd5803, 0xcd723306, 
    0x00002906, 0xff8a0001, 0x056205de, 0x0d0fc018, 0x011f002a, 0x012e2723, 0x07022223, 0x1621f982, 0x08374f12, 0x11032c08, 0xa3fed6fe, 0x2a015c01, 
    0x234801e6, 0x2403b701, 0xf3bf96de, 0xfd800216, 0xc7f60f7d, 0x0222dd99, 0xfe2001b7, 0x970122b6, 0x82025b01, 0xfe973526, 0x0b06ceff, 0xf9fea084, 
    0xfef3a2e5, 0x07788fe6, 0x00f1bd06, 0x01260082, 0xdeff7d00, 0xbd18b004, 0x9b203627, 0x27956218, 0x8528b466, 0x00c22893, 0x05760100, 0x550300a3, 
    0xc22d057b, 0xfaa305b4, 0xff03005d, 0x020000dc, 0x0667515c, 0x1adba018, 0x59187420, 0xb4200d74, 0x1adba018, 0x60000126, 0xa003deff, 0x11216b82, 
    0xc9af1800, 0x1135270c, 0x06141133, 0x4b18f701, 0x4b180ceb, 0x022611df, 0xf6ff2800, 0x3f821408, 0x26001c25, 0x42170000, 0x3e2d0551, 0x21133703, 
    0x04322111, 0x0414011d, 0x23098223, 0x01010a03, 0xbc4e0682, 0x6e490805, 0x20161c2a, 0x1e2e4730, 0x0334040f, 0xcc61017b, 0xfefe0401, 0xfde9fdcc, 
    0xa8112edd, 0xccfef204, 0xaa9b3401, 0xa10a0aaa, 0x68422706, 0x80034a6d, 0xc8fee9fd, 0x05fdc702, 0xfe1bfd01, 0x02edfeed, 0x97b8fdf4, 0x998b028b, 
    0x06674200, 0x82730821, 0x0013227f, 0x052d411d, 0xb9822120, 0xc0187a8a, 0xc2240a1b, 0xb41803b4, 0xfc236f89, 0x860005e8, 0xa305256c, 0x700290fd, 
    0x02256786, 0x026ffd91, 0x266389ea, 0x00680001, 0x827d0600, 0x55182063, 0x3325091b, 0x1e323336, 0x08555102, 0x39021122, 0x3f051d43, 0x85d48510, 
    0xb44787d4, 0x81e8b2c1, 0xa2a20105, 0x525c33fe, 0xfe70bf91, 0xa97f0182, 0x8afd74c2, 0x0520b387, 0x20051b43, 0x056b4510, 0x74180120, 0x23350a47, 
    0xa894d902, 0xb4c0fdc9, 0x540234b4, 0x0266fde2, 0x7efdeed4, 0x072b4334, 0x0286fd29, 0xfd4bfd7a, 0x44990212, 0x05210577, 0x0d774442, 0x33113339, 
    0x23113301, 0x02012311, 0xa8c9ddc7, 0x11b267fd, 0xb2af0e03, 0x6bf1fc10, 0xf92d0502, 0xfba305cd, 0xfa6d0493, 0xfb69045d, 0x2a438297, 0x04f6ff4f, 
    0x006e07d7, 0x8223000d, 0x2622288b, 0x16143335, 0x82363233, 0x01062106, 0x2205cd41, 0x82013736, 0x08038253, 0x02050e54, 0x99b69297, 0x60504e61, 
    0x26feb699, 0x30201a36, 0xfe2b7051, 0x8301c013, 0xbb7a0110, 0x352046fe, 0x64544341, 0x88b23406, 0x51757551, 0xc2f9b288, 0x4808a10d, 0xfc6f0450, 
    0xfba70359, 0x656a4afa, 0x00183343, 0xfec20001, 0x052e05e3, 0x000b00a3, 0xa05c1300, 0x82212005, 0xc22136b2, 0xb40403b4, 0xfea61dfe, 0xfaa3051d, 
    0xfa0105ff, 0x01e3fe5d, 0x23a3831d, 0x29050000, 0x07202f82, 0x8b833183, 0x07968a18, 0x8b5d4f20, 0x0f855d0f, 0x20059b45, 0x223b829d, 0x6717000d, 
    0x3a080845, 0x011d0432, 0x25230406, 0x37363221, 0x23263435, 0x4b03c221, 0x570169fd, 0x010401cc, 0xfecbfefe, 0x9b2a01a7, 0x9ba901a8, 0xa305d6fe, 
    0xf363fea2, 0xf1bf02bf, 0x02828ca2, 0x82008e82, 0x00032600, 0x040000c2, 0x47c618de, 0x18c2202d, 0x463b47c6, 0x075b07b7, 0x05b34609, 0x2407075b, 
    0x05e3fe28, 0x2c8f82aa, 0x0016000e, 0x11231300, 0x37013e33, 0x06bb6913, 0x0e013608, 0x21150701, 0xa7cf2111, 0x09474b6b, 0xb4910337, 0x01ccfba7, 
    0x322b0808, 0xc4fdd002, 0xbf01e3fe, 0x0396b728, 0xfefffa8c, 0x021d0141, 0x3ca48513, 0x005f040c, 0x20e38401, 0x05a34140, 0x095b5318, 0xc2152122, 
    0x17fbc518, 0x00004424, 0x2f82e507, 0x0000152c, 0x33013301, 0x01230109, 0x01821123, 0x09230122, 0x29080f83, 0x6d043311, 0xdd2c0234, 0xb80283fd, 
    0x34a6fdea, 0xa6fd34b4, 0xfdb502e7, 0x2c02df81, 0x3203b434, 0x4bfd7102, 0x920212fd, 0x03846efd, 0xb902ea26, 0x71028ffd, 0x64288782, 0x7a04deff, 
    0x3100c505, 0xcd185782, 0xcb18128a, 0x04220b87, 0x6c182223, 0x4f080d62, 0xc3a00123, 0x8698a488, 0x010da283, 0x011302b2, 0x01cbd205, 0x8e789504, 
    0xdad4feb2, 0x0fe0fee0, 0x0d01b201, 0xb99792bc, 0x9002a2b5, 0x02728fa2, 0x6d797e6c, 0xceb31308, 0x7602a9d9, 0x0f101db6, 0xb20297bc, 0x0cb6d8f4, 
    0x907e6e08, 0x8b7a0275, 0x00258282, 0x050000c2, 0x07174142, 0x20096d43, 0x086743c2, 0x840e5f43, 0x6e07252f, 0x19000d00, 0x20105f43, 0x213f8911, 
    0x59430603, 0x29fd2108, 0x4a434b88, 0x8ccc200a, 0x84012057, 0x821a2087, 0x000c2387, 0x3d442100, 0x7601210b, 0x210d3844, 0x3244a305, 0x0100270a, 
    0xf6ff2800, 0x3782e304, 0xad451420, 0x1123250e, 0x010a0321, 0x250d9b45, 0x2eddfdb4, 0x8945a811, 0x5dfa210a, 0x20078445, 0x83cc8200, 0x50062183, 
    0x0f224b82, 0xc9840000, 0x25067944, 0x11230123, 0xc618d1c2, 0x4b41226f, 0x1121210e, 0x20056d6c, 0x06a560c2, 0x0ce57e18, 0x02000028, 0xdeff8a00, 
    0xc618b605, 0x2020246f, 0x180d7160, 0x41346fc6, 0x2e200563, 0x200e875b, 0x0e875b2e, 0x0421c382, 0x5b2382b1, 0xc2201a87, 0x2993c618, 0x20050749, 
    0x61e3824e, 0x8b180a57, 0x03271781, 0xfedafe07, 0x185601a9, 0x263a33ca, 0x00680001, 0x86be0400, 0x06fe49e3, 0x2d07cb46, 0xa2a20105, 0x0100fffa, 
    0xf6ff4f00, 0xdb43d704, 0x07334a05, 0x21091346, 0x08465001, 0x450a2017, 0x002a13fd, 0x7b000300, 0x2806ecff, 0x135cb705, 0x1401281b, 0x0e111716, 
    0x18011501, 0x0807dcd5, 0xdefef945, 0x5d01a4fe, 0x01b22101, 0xfe5b0122, 0xfde0fea3, 0xd1d2f488, 0xd07802f5, 0x9714f3f5, 0x013e0107, 0x0d01020e, 
    0x8d083d01, 0xc2fe078d, 0xfe02f2fe, 0x08c4fef2, 0xc3ea0297, 0x650307e8, 0x01c3e608, 0x829bfcb1, 0xc3022306, 0xd38200e8, 0x00006324, 0xbb421d05, 
    0x35012106, 0x2206e146, 0x82230115, 0x01632101, 0x2ab7c518, 0xe3fec224, 0x4782e505, 0x54820b20, 0x11211122, 0x2d05ce46, 0x3f051133, 0x03b483fb, 
    0xfeb7b404, 0xce4601e3, 0xfeff2307, 0x00820041, 0x86000126, 0xca040000, 0x27058343, 0x06231121, 0x022e2223, 0x82083659, 0x16042141, 0x330b4548, 
    0x5c7402b4, 0x70bf9152, 0x86fe7901, 0x0274c2a9, 0x005dfa71, 0x21059f45, 0x8744f206, 0x23798709, 0x0a02b4c2, 0x41470283, 0x05ff2206, 0x472e8301, 
    0x07210573, 0x08ab43a7, 0x2321a98a, 0x21338711, 0x358aa6b5, 0x0129ac82, 0x0002001d, 0x0500005e, 0x073f47ad, 0x21112123, 0x09d84935, 0xd2490320, 
    0xc8012508, 0x1e0296fe, 0x20075a49, 0x0755492f, 0x49a20121, 0x4e490752, 0x0300270a, 0x0000c200, 0xbb846606, 0x19000f25, 0x49330000, 0x33200cb1, 
    0x870cb149, 0xd9022453, 0x4944fcb4, 0x114a09ad, 0xfaa32206, 0x09a9495d, 0x5f05eb47, 0x33200a13, 0x8908824a, 0x4ac220a9, 0xa5880800, 0xa492a320, 
    0x80000127, 0x5805deff, 0x058f4c05, 0x30095646, 0x35213712, 0x23022621, 0x010f0622, 0x00363723, 0x05f05633, 0xd1023c08, 0x20b6fee6, 0x2202b701, 
    0xf6c799dd, 0x027dfd0f, 0xbff31680, 0x0324de96, 0x012301b7, 0x2a01e648, 0xa3fe5c01, 0x06bdf122, 0x018f7807, 0xe5a2f31a, 0x84a00701, 0x01ce060b, 
    0x6169fe01, 0x692105a3, 0x23bf8200, 0x9507deff, 0x13227382, 0x15412000, 0x18122006, 0x22076947, 0x82002021, 0x20002cc4, 0x10151102, 0x12323312, 
    0x82103511, 0x190c27ca, 0x17015901, 0x5d822e01, 0xd1fea53b, 0xa8fedefe, 0x04f6fe11, 0xfc50fe6d, 0xfad8dbf9, 0x90fda305, 0x60013201, 0x070662fe, 
    0x01730127, 0x056ffd40, 0x54cb181f, 0x065e6508, 0x7b820020, 0x00006e30, 0xa3059e04, 0x18000e00, 0x23210000, 0xb8822111, 0x012e3f08, 0x2434013d, 
    0x11032133, 0x1d062221, 0x33161401, 0xfeb49e04, 0xd672fee8, 0xb99a9e01, 0x02cb0301, 0xccfeb417, 0x9baaaa9b, 0xd5fd2b02, 0xe3244102, 0xf7c3029f, 
    0x34022afd, 0x87028692, 0x57830093, 0xedff6c25, 0x1804d803, 0x2031a3c7, 0x1f4b71d4, 0x43711320, 0x00023e23, 0x04ecff76, 0x00000662, 0x0029001d, 
    0x02220500, 0x00103511, 0x37363725, 0x0f010e15, 0x29038301, 0x33013e33, 0x011d0032, 0x5a180010, 0x55080b75, 0xfef86c02, 0x2101ff00, 0x197c9d6c, 
    0xbc6e5e9a, 0x10031eb6, 0xda7abc37, 0xf3fe0201, 0x34017dfe, 0xcafea9aa, 0x4d0114a9, 0x01024401, 0x0d8801ad, 0x9a330705, 0x05052318, 0x16ddc108, 
    0xe0fe6661, 0xfffe02f4, 0xd29ad7fe, 0xc5b502be, 0xbe02b5c5, 0x03000000, 0x0482ab00, 0x3604e726, 0x1a001100, 0x1806d371, 0x210c7fd0, 0x89822306, 
    0x34013d24, 0x58432326, 0x2b370808, 0xc901ab01, 0x4b65ac97, 0xacc57a66, 0xcbe6e3fe, 0xfefe5857, 0x65621601, 0x04f57573, 0x02809836, 0x10108451, 
    0x025e840e, 0x6e02a78e, 0x5248029c, 0x5256eafc, 0x824f5502, 0x0100216e, 0x5d206f84, 0x05336f82, 0x21010000, 0x21112311, 0xfcfd5d03, 0x03b202ae, 
    0x825afca6, 0x26248216, 0xfe220002, 0x82b104e3, 0x000e220c, 0x103b4a15, 0x31822520, 0x07062d08, 0x5aa2c415, 0x2a084038, 0xa2acdf02, 0x9302b5fc, 
    0x112269fe, 0x01e3fe48, 0x75b325ad, 0x5afc5902, 0x1d0153fe, 0xfe160390, 0x105fda33, 0x00215282, 0x67511802, 0x1805200d, 0x201e21a2, 0x1c037d64, 
    0xf57c1320, 0x8200201b, 0x003424e3, 0x82130600, 0x20bd82bf, 0x076a4a21, 0x804a1120, 0xd70b350c, 0x3ffed101, 0x407901d1, 0x790140a8, 0x0142fece, 
    0x7dfedad4, 0x02270c82, 0xfefe0138, 0x84c6013a, 0xfd062803, 0xfeee01c4, 0x82ee0112, 0xff6e2853, 0x04c203ec, 0x4f30004a, 0x3d220d13, 0xba183401, 
    0x40180c37, 0x1d2708ce, 0x07061401, 0x83011e15, 0x02470807, 0x10edae1a, 0x1102b101, 0x88756286, 0x69a8a8fd, 0x5d646d6e, 0xaa010d7f, 0xa5db1301, 
    0x4f63c9b2, 0x14ec6f6a, 0x0808829e, 0x52664e42, 0x5490ab02, 0x58480253, 0x0705404d, 0x83a09982, 0x13835302, 0x5b7b1710, 0x83bb9602, 0x00ab24db, 
    0x822c0400, 0x440b20db, 0xd94d050d, 0xaeab3807, 0xae150210, 0xebfd10ae, 0xdcfc3604, 0xcafb2403, 0xdcfc2403, 0x84000200, 0x1406292f, 0x18000c00, 
    0x20000000, 0x200acb4d, 0x0b6a4a01, 0xd0fe042b, 0x54679cbf, 0xfc9c6655, 0x294a89e8, 0x568dbbcc, 0x8d567c7c, 0x558c79fa, 0x32248783, 0xf503f6ff, 
    0x22060f5e, 0x4e23010e, 0x1b200516, 0x3b055242, 0x8f11a801, 0x151f3087, 0x2e148229, 0xfeaec102, 0xdfa60189, 0x079d0bd1, 0x82021d01, 0xa6209882, 
    0x0521c786, 0x253f825a, 0x2100000f, 0xc6821123, 0x3109284a, 0xd3ae5901, 0x01108001, 0x13aeca82, 0xfe86acfe, 0x7d8213ad, 0x4403bc2a, 0xff02cafb, 
    0xe1021ffd, 0x0120c782, 0x1d20d784, 0x23050741, 0x11211121, 0x05824282, 0x03113337, 0xaeeafd6f, 0xae1602ae, 0x18fee801, 0x42fe3604, 0xcafbbe01, 
    0x067f4200, 0xc7185820, 0x4d20207f, 0x18122955, 0x851b7fc7, 0x249f8287, 0x00000700, 0x29878433, 0x03ab1121, 0xf4fdae68, 0xea833604, 0x825afc21, 
    0xfeac247b, 0x827e0498, 0x0013227b, 0xa3c7181f, 0xaeac2221, 0xa3c71810, 0x00012631, 0x04edff76, 0x22638228, 0x4300001e, 0x9718085d, 0x02241425, 
    0xf3fee265, 0x147ea618, 0x1e13cc18, 0x50000128, 0xb8030000, 0xeb833604, 0x21150137, 0x21112311, 0xfeb80335, 0xa3feaea3, 0xfc903604, 0x90a6035a, 
    0x26008200, 0xfe4e0001, 0x821e0486, 0x18122027, 0x1809a376, 0x210adbc5, 0x4e700801, 0x86fe2114, 0x29114a70, 0x76000300, 0x750598fe, 0x174aa305, 
    0x11013207, 0x013d0026, 0x11370034, 0x00161133, 0x0014011d, 0x11c65907, 0xfca23e08, 0x3001d0fe, 0x01fba8fc, 0xfbd0fe30, 0xceceafa8, 0xcdaf5701, 
    0x98feafcd, 0x01055b01, 0xf802f72b, 0x01042b01, 0x05a0fe60, 0x02f8d6fe, 0x04d5fef8, 0xf001a5fe, 0xd7042603, 0xd7b602b7, 0x82068605, 0x010023ca, 
    0xf3825200, 0xcb82f420, 0x10e7c618, 0xc6185620, 0xab2425e7, 0xbf04e3fe, 0x0b4a3f82, 0x1904360e, 0x02ae92fc, 0xfeacae0c, 0x041d01e3, 0x035afc36, 
    0xfe5afca6, 0x20738553, 0x20738297, 0x053f41e1, 0x11232125, 0x18230623, 0x82096c5a, 0xe1033bf7, 0xa55c10ae, 0x71aeccbf, 0xae4dc46c, 0xd141c101, 
    0xfe3401b1, 0x557b6dcc, 0x3f85c701, 0x0000ab24, 0x7385df05, 0x7d4a3320, 0x82212006, 0xaeab2307, 0x02839501, 0x03236e87, 0x82cafba6, 0x00012130, 
    0x0621a382, 0x058b438d, 0x33232f8b, 0x87112311, 0xa6ae2133, 0xde453589, 0x02002705, 0x00004800, 0x37828204, 0x01670d20, 0x35212105, 0xbd466582, 
    0x18b58205, 0x0807ecc0, 0xfe6c0122, 0xd3d201dc, 0xb9dcdcb9, 0x7d6ad3d3, 0x90a6037d, 0xa7c6a6fe, 0x02c6a702, 0x7944fe4c, 0x78650264, 0x0020ee82, 
    0x2b20b383, 0xff49b384, 0x06ed6208, 0x55822320, 0x23011122, 0xab214f87, 0x244b84ae, 0xfdae5102, 0x21508401, 0x4f863604, 0xfb360423, 0x20538aca, 
    0x21538302, 0x5384c103, 0x00001524, 0x01821133, 0x4d869d90, 0x4489488d, 0x5f000128, 0x1904ecff, 0x1b574a04, 0x18262005, 0x18082c7a, 0x45085053, 
    0x420807f0, 0x10011d00, 0xbc250200, 0xae011aef, 0x6c921902, 0xfe0bae86, 0x10f2010b, 0x906c80ac, 0x03ae0419, 0xe3b9f01b, 0xeffe1001, 0x0697bd14, 
    0xc0605907, 0xaa91909f, 0x100d5067, 0xd2febc92, 0xfffe02fc, 0x8200cffe, 0x23b38200, 0xe805ecff, 0x13236f82, 0x85001f00, 0x24362eb3, 0x11003233, 
    0x23001015, 0x23270022, 0x0b914811, 0xaeab2308, 0xff0017c6, 0x0501e2cc, 0xd6e2fbfe, 0xc20efefe, 0x28011402, 0xd8fea1a1, 0xfe3604a1, 0xfef7db42, 
    0x5c82fed6, 0xd5fefd28, 0xfeee0e01, 0x7f188618, 0x6b8508c0, 0x00005026, 0x36049503, 0x2106df49, 0xde492311, 0x33362607, 0x33011121, 0x06996611, 
    0xe7022b08, 0xcdedfeb7, 0x82722d01, 0x7701badb, 0xc9c989fe, 0x017b796a, 0x017efe82, 0x6ea020a2, 0xfbbfa502, 0x011202ca, 0x02626e94, 0x57836c56, 
    0x76000326, 0x3004edff, 0x2d8faa18, 0xcee71a23, 0x8faa18b1, 0x85042042, 0x08ab5b7b, 0xa1183620, 0x46181b39, 0x7f201d83, 0x200fb45b, 0x8fa918fe, 
    0x0001384e, 0x048dfe43, 0x00e20560, 0x33000023, 0x33352311, 0x21153335, 0x7d112115, 0x85180615, 0xef2010e3, 0x0b048f18, 0x0be98518, 0x090a8f18, 
    0x12ee8518, 0x27050348, 0x20065d03, 0x09000300, 0x36055b56, 0x23112113, 0x34022111, 0x42ceb198, 0x02aefcfd, 0x01cc04b2, 0x4a86fd54, 0x01260501, 
    0xecff7500, 0xf3422f04, 0x06254107, 0x20094b46, 0x18a38207, 0x080a9fd1, 0xe369023d, 0x1001effe, 0x1bf0b9e3, 0x1904ae03, 0xac806c90, 0xfef20110, 
    0x86ae0b0b, 0x0219926c, 0xef1a01ae, 0x01310114, 0x01fc0201, 0x1092bc2e, 0xaa67500d, 0xc09f9091, 0x06075960, 0x8200bd97, 0x246f8300, 0x04ce03ed, 
    0x05fd7449, 0x2329897f, 0xe6b41e02, 0x42bfcd18, 0x90000228, 0x80010000, 0x8d18f605, 0x3a2012f7, 0x160fd118, 0xb7820320, 0x0e020022, 0x0f273382, 
    0x23001f00, 0x18130000, 0x200e598a, 0x300f8e05, 0x11331101, 0x022d3fdb, 0x2e3f3f2e, 0x013f2d02, 0x250b8933, 0x05aea2fe, 0x1883178a, 0x3f2d1724, 
    0x09882d3f, 0x0449fa2e, 0x00cafb36, 0xf4ff0200, 0x7e018efe, 0x13209f84, 0x22267782, 0x32363426, 0x53181416, 0x01210b17, 0x18a78438, 0x2c1d7bd1, 
    0xff320002, 0x045c06f6, 0x00180036, 0x49f18222, 0x6b450cb5, 0x45212009, 0xc749096a, 0xb9d22f0d, 0xfeb9dcdc, 0x0289fe80, 0x6ad2d2f7, 0xd4497d7d, 
    0x0680450a, 0xfea60323, 0x08d245a6, 0x21057742, 0x6f828506, 0x1d001324, 0xa5490000, 0x206d870b, 0x08d54511, 0x4608b749, 0xc1490928, 0x112f4609, 
    0x43000126, 0x60040000, 0x20379218, 0x240c3243, 0xfefe7bae, 0x37921898, 0xab002116, 0x15254f82, 0x03002006, 0x097f5900, 0x26094355, 0xb1986b02, 
    0x183efece, 0x250bce8d, 0x5401cc04, 0x8d18cbfb, 0x6f4b0dd2, 0x26478308, 0x0100000f, 0x4b133303, 0x02260b66, 0xb1cee72a, 0x604be9fd, 0x5401250a, 
    0x34fbacfe, 0x200c5d4b, 0x053f4902, 0x00140625, 0x4b1f000c, 0x674b0fb3, 0x49362005, 0x02210a4e, 0x08ba4bc9, 0x4980fd21, 0x04201459, 0x2107c64b, 
    0x6249fff8, 0x01002712, 0xe3feab00, 0xa3481304, 0x11232109, 0x2d053952, 0x9bfe1304, 0xae9bfe9e, 0x36040c02, 0xa848cafb, 0x29938209, 0x00690002, 
    0x06f10500, 0xdb410007, 0x21352107, 0x2006bd44, 0x06e25b21, 0x2a095f51, 0x5dfe0c02, 0x01b4a301, 0x5101feff, 0x685107ba, 0x04200807, 0xf5f59c76, 
    0xf5f6fe9c, 0xf4c002c1, 0xd8fdca02, 0x8402838f, 0x02000090, 0x00005000, 0xa3055c04, 0x23295f87, 0x33113335, 0x21152111, 0x113b4215, 0xf6460128, 
    0x7201aef6, 0x3b428efe, 0xac032809, 0xfe6d018a, 0x48d08a93, 0x032e0e68, 0xdeff8a00, 0xc505b505, 0x1b000c00, 0x57732b00, 0x05b25108, 0x32014a08, 
    0x3233021e, 0x23022637, 0x36070222, 0x37123201, 0x2e222706, 0x07222303, 0x21031216, 0x9efecbfe, 0x64026501, 0x9ffe6201, 0x9b4fbefd, 0x8d408a67, 
    0xc9fa153f, 0x5013fecb, 0xfbcf8c01, 0x44805210, 0x685c627f, 0x123f8a32, 0x067073fc, 0x97015b22, 0x3b086951, 0x2d268103, 0x01e74826, 0xeceffe0a, 
    0x0125fd3d, 0x0141f31a, 0x19232419, 0xecfeee44, 0x2a073747, 0x045804ec, 0x000b004a, 0x69270019, 0x012b0d3f, 0x32331632, 0x012e3736, 0x83062223, 
    0x3736259a, 0x26222306, 0x1e220c83, 0xb54c0301, 0x7526080b, 0x2a47cb45, 0xa2110c48, 0x08a59188, 0x8d050139, 0x6d380ca4, 0x2b41ca47, 0xa2130b4a, 
    0x012b0114, 0x04010203, 0x18482a01, 0x6c013306, 0x9d161f4e, 0x43b0c0a9, 0xa7b603fe, 0x16224e3a, 0x8b83a396, 0x4500012f, 0xd0050000, 0x1100b505, 
    0x01210000, 0x25018233, 0x3233013e, 0x72840717, 0x02012608, 0xbdecfd59, 0x0106ad01, 0x6a872e57, 0x2d36465f, 0x223c3830, 0xa30564fe, 0xcf0338fb, 
    0x99248784, 0xfb5c5214, 0x224882a2, 0x824e0001, 0x049d22c7, 0x18478849, 0x080ca06e, 0xfedd0125, 0x2f01b771, 0x912cd704, 0x22283574, 0x1f504c21, 
    0x3604f0fe, 0x990283fc, 0x980b7087, 0xfc5b3c09, 0x850300e8, 0x7707218b, 0x07220982, 0x4e181900, 0x09200945, 0x012a9790, 0xbfc9f4e4, 0xa8c9ddd8, 
    0xa09475fe, 0x0d924918, 0x0322ac8e, 0xab834a00, 0x94200621, 0x20b78d67, 0xed471849, 0x93802007, 0x01cc24c0, 0x43acfe54, 0xcc8c08d9, 0x0000002f, 
    0xfec20002, 0x07f605e3, 0x000d006e, 0x17ff591e, 0x03153328, 0x11231323, 0x045a0123, 0x6ab42711, 0x10a34ea7, 0x085af1fc, 0x34ff2912, 0x1d0175fe, 
    0x97fb6904, 0xab2a6784, 0xd804e3fe, 0x0c001406, 0x47441d00, 0x3311240f, 0x82013311, 0x50668803, 0xac271000, 0x9f48a75c, 0x44ebfd10, 0x0450083d, 
    0x5afc2607, 0x018bfe38, 0x065f501d, 0x00004024, 0x0744e704, 0x09c54809, 0x28110744, 0xc2c20201, 0xfe8e01b4, 0x10054472, 0xfd8c7e34, 0xfefe8cfd, 
    0xc302c4fa, 0xfdda02f9, 0x028793c8, 0xb2829488, 0x00020027, 0x03000038, 0x09cb5ff9, 0x20080744, 0x11074411, 0xababe327, 0xfe3b01ae, 0x0a0644c5, 
    0x0184f428, 0x84d5fe2b, 0x0744e8fe, 0x092b750e, 0x000f5c08, 0x3300001d, 0x00322111, 0x0614011d, 0x03071307, 0x01112123, 0x33211121, 0x3e133703, 
    0x34013d01, 0x2002b826, 0xa20301cc, 0x7e847289, 0x0194fe14, 0x01c2fe3e, 0x7b6f073e, 0xab5f597a, 0x00ffa305, 0xeaa002cd, 0x35e3fe2d, 0xfdfd3801, 
    0xa0fd0305, 0xfe321401, 0x69911fd0, 0x82a08f02, 0x07fb4fbf, 0x2a001822, 0x260ffb4f, 0x27071707, 0x6f222306, 0x372005c3, 0x5c6a6e88, 0x07065005, 
    0x4f86983a, 0x1a195270, 0x102cb56f, 0x1a0e3801, 0x506f6d6f, 0xdafea755, 0x98fea9a9, 0x08b5d718, 0xfec52008, 0x26e736ed, 0x576603f1, 0xef01eefd, 
    0x25440102, 0xbc2cbafe, 0xd6bd0286, 0xbb02bbd8, 0x580000d8, 0x0428051b, 0x00c0061a, 0x21000007, 0x2d06e045, 0x02b47601, 0x5cfda6b2, 0x1d01a305, 
    0x1b5441fe, 0x53052107, 0x01202383, 0x2b06cc50, 0xfda6b702, 0x0c02aefc, 0x53fe5305, 0x82051e4a, 0x00402827, 0x055a0400, 0x840d00a3, 0x3523214b, 
    0x35080c5e, 0xc2b4b601, 0xfd5803c2, 0xfe8e015c, 0x96850272, 0xfea28802, 0x7f84961a, 0x4c003821, 0x3382056b, 0x30891320, 0x23112208, 0x02ab3811, 
    0x01fcfdb2, 0xaec5fe3b, 0x0284b201, 0x90fe9000, 0x014efe84, 0x000100b2, 0x04b8ffc2, 0x7f7218ca, 0x11976407, 0x26062a4b, 0x14011d00, 0x64f30200, 
    0x03260b95, 0x0a8ffd25, 0x9364d699, 0x64a32012, 0x63820c92, 0xb8feab28, 0x36042d04, 0xab502000, 0x0bfb6409, 0x3e216383, 0x056b4201, 0x4f02002e, 
    0x63243059, 0x76959e90, 0xae248f64, 0x2208b683, 0x5f83370d, 0xfefee9c5, 0x9211b8fe, 0x02a4a209, 0x4a5faf87, 0x3604d9fe, 0x3554fe90, 0x02cdfe3b, 
    0x82fbfee0, 0xfe442463, 0x822b08e3, 0x821920c7, 0x01332363, 0xea520933, 0x150b5f07, 0xa7dd2123, 0x170d5f89, 0x41feb424, 0x115f1d01, 0x25568210, 
    0xe3fe3400, 0xc7825606, 0xf3546382, 0x8533200e, 0x54058466, 0x5e2311f7, 0x5477a6b9, 0xfe2c12f9, 0x0153fe54, 0xfeee011d, 0x00ee0112, 0x64285f83, 
    0x7a04e3fe, 0x3400c505, 0x2121735f, 0x6b820706, 0x89182e20, 0x765f0d58, 0xbcf72518, 0x0df0bfa6, 0x2922755f, 0xff17eaa0, 0x14ff0000, 0x7b5fa4d2, 
    0xfe6e280c, 0x04c203e3, 0x8233004a, 0x92142097, 0x1d9d5579, 0xc2031528, 0x919e9bbc, 0x9d550ebf, 0x3d012b1d, 0xfe14b385, 0x110d01f2, 0xa5557299, 
    0x8200201d, 0xc2002a86, 0x5c05e3fe, 0x1000a305, 0x0a875f00, 0x5f068641, 0x38260a8b, 0xfd89a7de, 0x8d5f347e, 0x05dc4108, 0x42829920, 0x93490020, 
    0x04532205, 0x058d4a36, 0x894a1120, 0x18458508, 0x230a5798, 0x77a6bd79, 0x0b599818, 0xfe56fe25, 0x851d0153, 0x00c22443, 0x5c920500, 0x41840653, 
    0x6105f545, 0x76320987, 0x8c9cb4b4, 0xdac20116, 0x3a0208fe, 0x1610feee, 0x8d839c8c, 0xfe6b0123, 0x07526495, 0x0199fe24, 0x8f830067, 0x04000023, 
    0x238f82b5, 0x25000014, 0x4e908e82, 0x8de60135, 0x808daeae, 0xcd63010c, 0xb20161fe, 0x0c98fedb, 0x4b1901d2, 0x1c28061e, 0xc301e4fe, 0xc7fd03fe, 
    0xe720a982, 0x40249b85, 0x5a050000, 0x36469b88, 0x15332105, 0x27625682, 0xb6012706, 0xb4c2c2b4, 0xf064baba, 0x9104270b, 0x967c7c96, 0xee6498fe, 
    0x20978208, 0x26978239, 0x00e2054e, 0x62000014, 0x464f055c, 0x29498509, 0xabae37c9, 0x3701aeab, 0x9918c9fe, 0xd2260d89, 0x848c8c84, 0x9782a1fd, 
    0xc6fd0422, 0x5e249385, 0x20060000, 0x0e289382, 0x23210000, 0x21352111, 0x26083458, 0xfeb47c02, 0x8b1e0296, 0x0105238c, 0x7865fda2, 0x22408209, 
    0x82280001, 0x04b6238b, 0x3f820036, 0x41898b84, 0x37310227, 0x01dcfeae, 0x22828cd2, 0x1890a603, 0x42090d9a, 0xf7200737, 0x220d8f5d, 0x82231133, 
    0x11212b01, 0x1803b4c2, 0xc3a6b5b4, 0x0161e8fc, 0xfeff2806, 0x021d0141, 0x426ffd91, 0xc920062b, 0x4d05bf53, 0x39820c65, 0x2108574d, 0x4f4da6ac, 
    0x06c05309, 0xb824b384, 0xdc070000, 0x2305cb45, 0x11331133, 0xd9553f82, 0xb8112105, 0x03247182, 0xb45cfd58, 0xa2227287, 0x6f87fffa, 0x06000023, 
    0x206f8221, 0x0bd54d0d, 0x37822120, 0x02236d87, 0x89fcfdb2, 0xfc90226e, 0x456a825a, 0x082105cf, 0x19676a45, 0x676ae884, 0x6e062108, 0x240bd145, 
    0x04b439fd, 0x16666a2f, 0x05fffa25, 0x6a4cfda3, 0x01260868, 0xb8feab00, 0x9f82e906, 0xd3452120, 0x3a678815, 0x14011d16, 0x590b0500, 0x90483f30, 
    0x6476959e, 0xfdae2392, 0x6803aef4, 0x45a7740d, 0x205b11d4, 0xc4fd2205, 0x06d64570, 0x0002003c, 0x07deff8b, 0x00c50578, 0x003c002e, 0x24220500, 
    0x34013d02, 0x15372412, 0x58820206, 0x82064a4c, 0x5c3e2012, 0x1425054c, 0x33160702, 0x291d8232, 0x06272223, 0x17121403, 0x69461236, 0x15690806, 
    0xfeecb003, 0x019eca91, 0xe6ceb51f, 0x80e0a660, 0x9a8c5172, 0xd78bda75, 0x91b30401, 0x8a8a5453, 0x99b3b463, 0x839166ab, 0x82a1a48d, 0xc421978b, 
    0x02e56401, 0xcc3e01b9, 0xfe2bab14, 0x8c02d5d2, 0x15559ce8, 0xb5380165, 0x8ef59602, 0x02e9e5fe, 0x63bafec7, 0x3ea04217, 0x11035354, 0x5ceafe9c, 
    0xab1d0157, 0xcdc79702, 0x055349a2, 0xecff762a, 0x4a044506, 0x35002700, 0x2029b782, 0x34351100, 0x0e153700, 0x20b58201, 0x20a18204, 0x220f8226, 
    0x82162036, 0x8406200d, 0x061721b1, 0x1621b185, 0x050f4917, 0x22234708, 0xf4021506, 0xb0fed2fe, 0x8ed40a01, 0xccff009e, 0xe8e03c42, 0x7ee46e01, 
    0x633a3172, 0x7f80326a, 0x4a9080a9, 0x80706d79, 0x85686485, 0x01350114, 0x01d6020a, 0x18ab1631, 0xc50294c5, 0x01a40fe1, 0xf4b90226, 0xad82c0ed, 
    0x300d4b33, 0x40403d83, 0xcf7a7302, 0x82d1333d, 0x9c9b7802, 0x34a38377, 0xfe8a0001, 0x054e05e3, 0x002200c5, 0x04060100, 0x11231507, 0x21a78224, 
    0xce180010, 0x052a151a, 0xf3fe214e, 0xfffea6c8, 0xfb62d9fe, 0x91013016, 0xff15e6b4, 0x011d0001, 0x0241018f, 0x18015d01, 0x2b1334ed, 0x76000100, 
    0x2804e3fe, 0x21004904, 0x0e257782, 0x23110701, 0xdebf1811, 0x25042719, 0x9e98bb1e, 0x4d59dfc1, 0x3b012e13, 0xfe12af88, 0x1b0f01f1, 0x02e82901, 
    0x66e518fc, 0x8200200f, 0x6800215e, 0xbe236b82, 0x1800a305, 0x200af151, 0x63708233, 0xb52b076b, 0xa20105a6, 0xfea1fba2, 0x841d0141, 0xfe50242f, 
    0x4fb803e3, 0x986d07a7, 0x02113e08, 0xa3feb360, 0xa3fe6803, 0x01e3feab, 0x90a6031d, 0xfeeafc90, 0x00010053, 0x0500004f, 0x3fe81803, 0x184f2010, 
    0x180a0945, 0x260f0345, 0xfe440001, 0x6e120498, 0x012005e3, 0x09514a18, 0x6cfed822, 0x0749e018, 0x98fe6c2e, 0x2e047001, 0x5503abfc, 0x90fed2fb, 
    0x6787c783, 0x00000f24, 0x2d4e3513, 0x01332405, 0x82211521, 0xe92208cb, 0x2bfe3b01, 0x108501cd, 0xfecd8501, 0xfe3c012b, 0x1c02b499, 0xfdf10296, 
    0xfd81027f, 0xe4fd960f, 0xda821c02, 0x7787ab82, 0x17234382, 0x86013335, 0x23438401, 0x82fef2d0, 0x82287d87, 0xa6f8fef2, 0xf4038442, 0xfc267f83, 
    0xdafe840c, 0x40822601, 0x63000126, 0x6a05e3fe, 0x1323eb82, 0x63330000, 0x33200abb, 0xbf638382, 0xc67a2312, 0xe91889a7, 0xd6341179, 0x1d0141fe, 
    0xc0fd4002, 0x52000100, 0x4604e3fe, 0x11003604, 0x0bdfe018, 0x03224d84, 0xfb590123, 0xb411230d, 0xe01878a6, 0xfe290de5, 0x0153fe6e, 0xfe97011d, 
    0x249b8469, 0x07e3fe5f, 0x05d74514, 0x21351322, 0x2122d382, 0xd7663311, 0x035f2b06, 0x0371fed5, 0xa6b7b404, 0xed4183fb, 0x01052105, 0x21057769, 
    0x3b840105, 0xd7825e20, 0xdb458720, 0x2b3b8f05, 0xfed6025e, 0xae0c02ed, 0x92fca6ac, 0x5a05f541, 0x01230544, 0x84a6031d, 0x8286203b, 0x827f203b, 
    0x00182277, 0x13536400, 0x5764cd83, 0xa6b5210e, 0x20105964, 0x067e42ff, 0x00010027, 0x04e3fe97, 0x248b828d, 0x01000016, 0x11985a11, 0x0322d282, 
    0x9b5ab4e7, 0xfeac240a, 0x5a1d01e3, 0xfc230da0, 0x8553fe5a, 0x0000239b, 0x134b0605, 0x11252205, 0x3b411826, 0x8237200c, 0x085d8348, 0x02110732, 
    0xfafefa86, 0x8ca4a8b4, 0xb432ab63, 0xc56b10b4, 0x131f01fc, 0x01da2201, 0x9b86fe79, 0x9d0111bc, 0x3c0863fe, 0xfa71022d, 0x4a74025d, 0x00e1fe0f, 
    0x20054765, 0x25a38205, 0x25000017, 0xfb742e35, 0x82172005, 0x88362050, 0x15280855, 0xc3c00902, 0x9980d5ae, 0x10aeae35, 0xdfa2813d, 0x01abcd09, 
    0xd6ccfe34, 0xfe440111, 0x013c13c1, 0x01cafbc7, 0xe3102cc1, 0xc220a784, 0x1421a786, 0x068d5900, 0x210de36d, 0x9765b4c2, 0xa305310b, 0x525cc1fd, 
    0xfe70bf91, 0xa9af0152, 0x5afd74c2, 0xb6284384, 0x27040000, 0x1200e205, 0x16204389, 0x2505266e, 0x11150620, 0xa618aeb6, 0x052009d5, 0x14afe718, 
    0xdeff3c30, 0xc5056406, 0x29002100, 0x20050000, 0xd7820300, 0x33373427, 0x33141506, 0x056e6412, 0xf2182120, 0x5d080837, 0x03040607, 0x21070622, 
    0x04012e27, 0xfed5fe16, 0xb79903a4, 0xb11da322, 0xf94a0125, 0x4b011c01, 0xd9fde0fb, 0x0329c28d, 0xfe2c02b9, 0xe9abf3cc, 0x0153031a, 0x0122e10e, 
    0x0456018b, 0x4c5788a6, 0x019e464f, 0xfe4b0119, 0x51c1fe8a, 0xfe00ff0f, 0x086c74d4, 0x05d4b208, 0x0ecaf441, 0x3f46e7c9, 0xff413005, 0x044705ed, 
    0x00240049, 0x0100002b, 0x82352622, 0x0e072b8c, 0x3b141501, 0x33243601, 0xc4181232, 0x23240d72, 0x01270022, 0x2e329283, 0x9b870101, 0x079d20ab, 
    0x08a70d07, 0xc5000119, 0xe918fdda, 0xb33c0ccb, 0x0efbfeda, 0xa47be101, 0x0d54020e, 0x9be6019e, 0x17415b84, 0x97204716, 0xd8fefed5, 0x09517318, 
    0xea0f0128, 0x96a4c801, 0x8c829f9b, 0x3c000228, 0x6406e3fe, 0x8b82c505, 0x8b822c20, 0x07040626, 0x24112311, 0x841c2141, 0x2e272d8b, 0x284c0601, 
    0xa6b8fefe, 0xd2fef9fe, 0x21172341, 0x2041abfd, 0x64012d07, 0xff14ce9f, 0x1bff0000, 0x3d018501, 0x21182941, 0x2641b303, 0x00022c05, 0x05e3fe41, 
    0x00490447, 0x412e0027, 0x67462223, 0x23264105, 0x96c41b26, 0x0cd6b59e, 0x2a1f2641, 0xfe11a36a, 0x1a1001f2, 0x41d10801, 0x0121072c, 0x15437200, 
    0x44000226, 0xe5070000, 0x2015ef6f, 0x0c366303, 0x2008b76d, 0x08996c16, 0xc16d3c20, 0x09a05219, 0x6dfefc21, 0x022c16cb, 0x00003400, 0x14061306, 
    0x22000c00, 0x630fa352, 0x032214ba, 0xa962feb8, 0x63942008, 0xb35217c5, 0x16d0630a, 0x012a6b82, 0x65fec200, 0xa305e004, 0x274a1c00, 0x2124220c, 
    0x076f4d23, 0x5d160121, 0x652c05d6, 0x25221c2b, 0xc8fecdac, 0xb42afafe, 0x08058371, 0x01fe8a22, 0xfecdfe2e, 0x03a40565, 0xd602c2e3, 0x057afdfe, 
    0x0285fda3, 0x296cfd7b, 0x02e8bafe, 0xbbfef4fe, 0xab286384, 0x0204aafe, 0x1d003604, 0x2622638c, 0x6388012b, 0x16153808, 0x14011d12, 0x371d0206, 
    0x88372020, 0x23cdee92, 0x0137aeae, 0x49fed1a1, 0xfefbdfbf, 0x059a05aa, 0xa7029394, 0x0428fec4, 0x013dfe36, 0x0d33fec3, 0xbef9fe26, 0x84f3d202, 
    0xfe28245f, 0x459505e3, 0x69730547, 0x0640540c, 0x2411c06d, 0x4ea76ab2, 0x10c46da3, 0x6d053954, 0x012608c9, 0xe3fe3200, 0x43659f04, 0x5a012005, 
    0x15260d29, 0x23132303, 0x1c5a2111, 0x5caa240d, 0x639d48a7, 0x26540ce8, 0x82a62007, 0x010027a6, 0x8dfec200, 0xef4d4205, 0x05674c05, 0x5c113321, 
    0xe04c0ae0, 0x93902606, 0x171a1e2e, 0x08e44c8a, 0x9299152b, 0x95028d05, 0x6ffddf02, 0x24438200, 0x048dfeab, 0x05834e1d, 0x3d8d0120, 0x2105fe63, 
    0x155d1d04, 0x05036406, 0xfb360423, 0x20408682, 0x070c6436, 0x20089f4f, 0x059f4ff4, 0x2e418b87, 0x05684d07, 0xa76ab224, 0x8588a34e, 0x4d051b41, 
    0x10200e6b, 0x230ed15a, 0x13230315, 0x2407fe4c, 0xa75cacae, 0x09ff4c48, 0x82060941, 0x0100277a, 0xe3fe8600, 0x9347ca04, 0x83012005, 0x11ea6bb5, 
    0x07042324, 0x5546b5a6, 0xc3b4270b, 0xbf01e3fe, 0xf26bd201, 0x05934711, 0x47e10321, 0x4f870693, 0x396c2620, 0x0323240b, 0x47aaa62f, 0xb2200a94, 
    0xad224c82, 0x35623101, 0xcafb210b, 0xc2249b85, 0x0e07e3fe, 0x7108a341, 0xed4105a2, 0x01232105, 0x250bc06f, 0x4ea76abe, 0xf6180ba3, 0x23410c34, 
    0x4e042305, 0x0383b2fb, 0xab249782, 0x0506e3fe, 0x6505ab41, 0xd45608df, 0x654c8208, 0xab2409e4, 0x9e48a75c, 0x410ce865, 0xed650630, 0x00012806, 
    0x010000b6, 0x76e20564, 0xb62507fb, 0xfae205ae, 0x2a0d821e, 0x0500004f, 0x006e0729, 0x7115000d, 0x5c181149, 0xbe200c01, 0x2108af44, 0x1f74fefc, 
    0x0d47570f, 0x0d698118, 0x6c00032e, 0xd803edff, 0x0c001406, 0x36002a00, 0x210fa144, 0x6b182622, 0x0a620b46, 0x15162207, 0x5ef21811, 0xd602210f, 
    0x2108b544, 0xc56a3ffe, 0x09bd441f, 0xcf6a6620, 0x00042123, 0x18050741, 0x202b9bdc, 0x0b0e7814, 0x389bdc18, 0xedff6c24, 0x6b61d803, 0x18352006, 
    0x20465fcf, 0x10766161, 0x575fcf18, 0x4500022e, 0x20070000, 0x0f00a305, 0x00001300, 0x2005b14c, 0x5b531821, 0x09032407, 0x18112101, 0x282cd7dc, 
    0xff6c0003, 0x04d706ec, 0xefce184a, 0xabe9214e, 0x3af97818, 0x6d181420, 0x0226355b, 0x0000c200, 0xa3744004, 0x08254117, 0x83021522, 0x21085943, 
    0x0776acfd, 0x0d534309, 0x098f5418, 0x26071b64, 0x000c0014, 0x432b0024, 0x9263104f, 0xf402211c, 0x20094443, 0x1c216cb1, 0x6c0a4143, 0x02221d2b, 
    0x637c8000, 0x18172006, 0x21233791, 0x91180704, 0x04204237, 0xb37b7385, 0x002b2506, 0x00000033, 0x1291dc18, 0x91180220, 0x02211ec3, 0x0bc3432e, 
    0x98a20f20, 0x2111f37b, 0x9118012f, 0x00201de2, 0x202a4f65, 0x3b7f1805, 0x6501201d, 0xdc20114f, 0x1c4d7f18, 0x11154118, 0x18fec521, 0x20185e7f, 
    0x06c34a03, 0x20050345, 0x15514129, 0x2115cb4a, 0x47416c03, 0x4ae7200b, 0x96181ace, 0xfc210f9d, 0x16d54a83, 0x03000022, 0x4505d74a, 0x2d20061b, 
    0x4a1a8566, 0x022114e4, 0x0f054543, 0x4ae1fc21, 0x274117eb, 0xf2fa2111, 0x2618f44a, 0xff640003, 0x427a04de, 0x4520067b, 0x20152741, 0x31537901, 
    0x4341c920, 0xeffd210b, 0x42266179, 0xfb211090, 0x257279e1, 0x00030027, 0x03ecff6e, 0x065f41c2, 0x5f414820, 0x6922201a, 0xab6f09b3, 0x3f012124, 
    0x210f7a41, 0xbd6ff4fe, 0x12844121, 0xd06fde20, 0x00012623, 0x0484fe6c, 0x077f5c19, 0x290daa7a, 0x0135012b, 0x21352135, 0x47700115, 0x003b0805, 
    0xfec33e02, 0xae010dff, 0x769e0e02, 0xa9c89e8b, 0xfd61015d, 0xfe4203a9, 0xfeebce7b, 0xd784fef7, 0x6d0f0eb1, 0x0286a480, 0x019ea287, 0x81901085, 
    0x131057fe, 0xc302b6e8, 0x7e00fefe, 0x42290863, 0x03001d07, 0x00000f00, 0x5a588301, 0x112a0510, 0x01231123, 0x7202cb01, 0x667a85fc, 0x85982509, 
    0x0568f985, 0x840b187e, 0x00ab2643, 0x052c0400, 0x244396c0, 0xfc8e0225, 0x08de64f8, 0x88380525, 0x64c8fa88, 0x43820cdc, 0xc2000326, 0x42050000, 
    0x18068342, 0x7b18d742, 0x02210907, 0x0cad485c, 0xa3897e20, 0x210f9143, 0xb08e51f9, 0x85000321, 0x00eb24af, 0x7e17000b, 0x342a07cd, 0x16323336, 
    0x21061415, 0x5f182622, 0xa56508b5, 0x8f01210b, 0x210f0242, 0xd38935fd, 0x11304618, 0xe18df220, 0x8a000426, 0xb605deff, 0x2122df86, 0x65432f00, 
    0x56202016, 0x571805cf, 0x23280cd1, 0x15110022, 0x78020010, 0x0cae4118, 0xb97ac020, 0x1043431a, 0x182ff921, 0x4526cd60, 0x582005db, 0x20064343, 
    0x23d01823, 0x418a2034, 0xd0180f29, 0xd37b4423, 0x00142209, 0x08a3651b, 0x29412120, 0x6f951805, 0x10d57b0e, 0x9518c920, 0x9748336f, 0x04582805, 
    0x000b0049, 0x65170011, 0x002b0d7b, 0x21070620, 0x36200026, 0x65162137, 0xfe310b6b, 0xa2eefe98, 0x10760210, 0x1a0148fe, 0x86fd0ba5, 0x102a720b, 
    0xaa980229, 0x82fd9d9d, 0x82a6a6b7, 0x0e1742c6, 0x19422820, 0x42ef8d25, 0xfd8e1f19, 0x20241d42, 0x7f961805, 0x00052511, 0x04edff76, 0x20091b42, 
    0x271d4229, 0x200b2b41, 0x1b1d4201, 0x45113c41, 0xdf201243, 0x0f036318, 0x260b4f41, 0xff800003, 0x435805de, 0x35200667, 0x79166543, 0x2a2021a7, 
    0x200c6b43, 0x23b579bf, 0x79125641, 0x03201dc7, 0x43054770, 0x3920066b, 0x7025af46, 0x01211563, 0x0f734359, 0x70e5fe21, 0x5b412075, 0x70de2012, 
    0x02201b88, 0x2505df7d, 0x03001d07, 0xad821900, 0x15213522, 0x11f94318, 0x025c0125, 0x7d82fd72, 0x062517e9, 0xf9858598, 0x15ee7d5e, 0xe36a0020, 
    0x18052006, 0x201d7b64, 0x7b6418ea, 0x86032030, 0x1c074ab7, 0xed20c992, 0x200cbf48, 0x46d3987b, 0x47201070, 0x0320e095, 0x4105c36b, 0x2a2006ef, 
    0x201bef41, 0xbd971827, 0x3301260a, 0x01010e01, 0x0fe04154, 0x3fbfd118, 0xf6ff4f24, 0x3f69d704, 0x821d2006, 0x1323238b, 0x03821333, 0x2a110741, 
    0x91941d02, 0xa894a7c9, 0x41e9fcc9, 0x33281802, 0xbcfe4401, 0x7ff84401, 0xf786f993, 0x00200627, 0x00070003, 0x6c6b911a, 0x012a0ab8, 0xce9998af, 
    0xceb198ae, 0xb66cf5fc, 0x54012316, 0xd318acfe, 0x03261585, 0x00008600, 0xfb43ca04, 0x43282006, 0x132015fb, 0x2112477f, 0xe9410002, 0x532e200b, 
    0xd5430c66, 0x5b512011, 0x5d21100d, 0x20d98200, 0x20048297, 0x21db41e1, 0x225b1320, 0x69012111, 0x200fdb41, 0x0bcc7591, 0x2012a643, 0x0d3f5bf2, 
    0x0124e982, 0xe3fec200, 0x07b34c18, 0x2311013d, 0x21152111, 0x01113311, 0x5803c385, 0xfeb55cfd, 0x051d01e3, 0xa1fba2a3, 0x530041fe, 0x03250587, 
    0x0036045d, 0x890c8209, 0xb25d262b, 0xfcfdb202, 0x212b83aa, 0x2e5e3604, 0x05002105, 0x4905837f, 0x23220897, 0x57412d00, 0x7f012015, 0x0221189b, 
    0x0b5d41ec, 0xb4eefb22, 0x7f07e969, 0x66410baa, 0x7f052012, 0x0520076f, 0x200cbd7f, 0x20938200, 0x200482ab, 0x08a3482b, 0x31002722, 0x751a4b43, 
    0x33760ae1, 0x0e02210d, 0x210f7641, 0x4676b6fc, 0x137b410f, 0x2d175a76, 0x40000100, 0x5a048dfe, 0x1600a305, 0xcf680000, 0x0ad3560b, 0x09694020, 
    0x06d65608, 0x21081069, 0x965633fd, 0x00d32106, 0x012a0082, 0x8dfe4e00, 0x3604c503, 0x4b8d1a00, 0x88152321, 0x013d244d, 0x69681133, 0x02200828, 
    0x2006e656, 0x0a306902, 0x52854820, 0x9e016222, 0x64245385, 0x1e057bfe, 0x77589f82, 0x3435260a, 0x23032726, 0x05714e01, 0x09330125, 0x82011e01, 
    0x03470861, 0x141c29bb, 0x404a4124, 0xfe10f741, 0xee01cc7f, 0x01d918fe, 0x8201107c, 0x010cfecd, 0xb057541e, 0xa5067bfe, 0x3f3e3d05, 0x74016387, 
    0xd602c7fd, 0xc2fdcd02, 0x2bfd3e02, 0xbc7a5dfe, 0x009f7c5f, 0xfe520001, 0x58ef038f, 0x6b820de3, 0x87012f21, 0x3313236b, 0x6b841301, 0x32a1022e, 
    0x461e0e13, 0x8e382f50, 0xc300ff10, 0x300b4179, 0xa2385aaf, 0x93068ffe, 0x31464c05, 0xfee45974, 0x33001969, 0xf5fe2609, 0x81518989, 0x18d785a4, 
    0x5307a343, 0x6d6005b1, 0x396e830b, 0xb7016301, 0x6301a4fe, 0x01d948fe, 0x86010682, 0x0142fecd, 0x0196fe64, 0xed5fd8b9, 0x96872c05, 0xbbfd8602, 
    0x7afd4502, 0x1979fd96, 0x20086709, 0x06e37952, 0xb382538b, 0x15212008, 0x03230121, 0x01560123, 0x01e2fe49, 0xcdbefe13, 0xfd100001, 0x01bffec3, 
    0x01e8fe18, 0x82ffcc46, 0xe00136c3, 0xfed20184, 0xfe91016f, 0x20fe842e, 0x69fe9701, 0x6e000100, 0x17a318ff, 0x7500268c, 0xc903ecff, 0x07bb7e04, 
    0x34013d23, 0x715b1836, 0x4f4f180a, 0x1d062907, 0x3b161401, 0x22231501, 0x59080883, 0x3f363233, 0x0e073301, 0xbc1d0201, 0x4f6a6fec, 0xa5b2c963, 
    0xaa0113db, 0x5d7f0d01, 0x696e6d64, 0x88fda8a8, 0x11866275, 0x1001b102, 0x96bb14ed, 0x177b5b02, 0x53831310, 0x99a08302, 0x40050782, 0x0248584d, 
    0xab905453, 0x4e665202, 0x82080842, 0x0100009e, 0x8dfe2800, 0x9342e304, 0x0cab5a05, 0x2108e642, 0xaf5a1135, 0x063c4311, 0x5a10b15a, 0x0527061b, 
    0xfe1bfd4f, 0x83edfeed, 0xfe32245f, 0x6bf5038d, 0xb35a0503, 0x5a608b0d, 0x49430db7, 0x0cb95a06, 0x2107355a, 0xb382f403, 0x00006424, 0xb3826e07, 
    0x71000f21, 0x99620607, 0x01232505, 0xed010123, 0x1640aa18, 0x1036aa18, 0x4e244782, 0xf8050000, 0x2305c761, 0x13330121, 0x01260186, 0x03230323, 
    0xaa187c01, 0x36211124, 0x1aaa18fc, 0x1843820f, 0x200c5746, 0x066d7e23, 0x05113335, 0xfcfcc53f, 0xb76c04b4, 0x1d01e3fe, 0xfffa0105, 0x18faa305, 
    0x21085746, 0x7f7cfeab, 0x82332008, 0x68332031, 0xab29064f, 0xa6ac6803, 0x04f4fdb4, 0x050c6836, 0xfca60322, 0x8305ab60, 0x5abb2063, 0x3321059f, 
    0x20018211, 0x05ef6036, 0x34253785, 0x07222326, 0x08f36011, 0xc3a6b526, 0x81e8b2c1, 0x2409f560, 0x0141fef4, 0x07f9601d, 0xb6000122, 0xd1247b82, 
    0x1600e205, 0x870cf760, 0x0afb604a, 0xb2a6aa24, 0x0819fe7b, 0xd62c09ad, 0x1d0153fe, 0x8d929002, 0x82fd8da4, 0x2824f782, 0x9805e3fe, 0x37429385, 
    0x4249850c, 0x97821132, 0x20102e42, 0x5c9a83ff, 0x142212df, 0x2b420000, 0x4254860d, 0xa0820d26, 0x410c2242, 0x93440734, 0x01513505, 0x02b904f4, 
    0x00030096, 0x21351300, 0x68045115, 0xa2a2f401, 0x5a201b89, 0x09201b8b, 0x06211b8c, 0x211b8aad, 0x1b875c06, 0xb8000226, 0xd30298fe, 0x0321f382, 
    0xf7a01800, 0xa2b8290a, 0x98fea2d7, 0xf5f80b07, 0x60820383, 0xa1000126, 0xbf016a03, 0x002f2784, 0x13230301, 0xc757bf01, 0xfda3059d, 0x853902c7, 
    0xfea1267f, 0x00bf0191, 0x249b83ca, 0x0333011b, 0x271e82a1, 0x390291fe, 0x0200c7fd, 0x03213b83, 0x823b840b, 0x203d8363, 0x21418721, 0x4688cd01, 
    0x2b8e4a84, 0x33214983, 0x204d8513, 0x212982cb, 0x51836a03, 0x00205584, 0xfe235783, 0x840b0391, 0x8f578273, 0x867d852b, 0x00012d2b, 0x031b025c, 
    0x005106cc, 0x0100000b, 0x0a29fe18, 0xfecc0125, 0x82700190, 0x90fe2d02, 0x8a021b02, 0xfe22018a, 0x76fd8ade, 0x3387d385, 0x86001321, 0x35212233, 
    0x051d7621, 0x15211124, 0x3b851121, 0x01213f88, 0x22438370, 0x838a0701, 0xfe142502, 0xf9fe8aec, 0x3a820282, 0x01160129, 0x03b00278, 0x820f0012, 
    0x0eaf790c, 0x76b00226, 0x76560256, 0x02210484, 0x86098746, 0x01e8267f, 0x030f0318, 0x08b38346, 0x3411132f, 0x1e051736, 0x06050701, 0x0f23e826, 
    0x0111e301, 0x101dfe11, 0x013c0123, 0x081212e6, 0x082f09ef, 0x001208ef, 0xffae0003, 0x00c205f6, 0x253382fa, 0x00230017, 0xe4180500, 0x935216ef, 
    0x1830200c, 0x200770a2, 0x26088fd2, 0x36354d0a, 0x86364c4c, 0x2b078a16, 0x07000000, 0xedff8700, 0xb605e209, 0x0a8b2019, 0x4b003f22, 0x0d05fd18, 
    0x1c8f2019, 0x3d262024, 0x016a3401, 0x65ea1805, 0x360b8b0b, 0xecfe3802, 0x14019d9d, 0x03a2a89e, 0x60fba2d6, 0x94535394, 0x86590552, 0x3b022114, 
    0xfb210886, 0x211884b5, 0x06842b03, 0x20190220, 0xd12623b7, 0xb401b4d1, 0x0482d0d0, 0x7f8f5a26, 0x8e8e7f01, 0x8f200482, 0xf3420988, 0x07d3420f, 
    0x42058142, 0x7b420fd3, 0x0ca7420f, 0xa1000326, 0x57046a03, 0x2206ff42, 0x8700000b, 0x0bd9422d, 0x390ddd42, 0xc7fd3902, 0x45000100, 0x4b0412fe, 
    0x06008500, 0x23130000, 0x23013301, 0x1019fd01, 0xfe2808c2, 0xfd730212, 0x00e8018d, 0xb32d2782, 0xdd029100, 0x0700d903, 0x01250000, 0x2e288235, 
    0x11020115, 0x5e01a2fe, 0x01a1fecc, 0x1901915f, 0x8d088b02, 0x0109222b, 0x23528215, 0x7f010135, 0x144bfe18, 0x00820020, 0x5000022c, 0xac03eeff, 
    0x2200ae05, 0x6a822b00, 0x0333032c, 0x033e3736, 0x2634013d, 0x875e0622, 0x011d2808, 0x0e070614, 0x7c020703, 0x4e080532, 0xb1011415, 0x0a13b522, 
    0x36281e1f, 0x87de861c, 0x01ab010b, 0xc5c6e10c, 0x3c667fe3, 0x02082439, 0x4e4e7a02, 0xbe014d7a, 0xe2fe6302, 0x2215160a, 0x022f4f3d, 0x63768873, 
    0xd39e0d09, 0x6f02addb, 0x2a253fb9, 0xfe3c383c, 0x4f7a4e30, 0x823d3e4e, 0x28b78286, 0x0412fe00, 0x00b7ffcf, 0x080e820e, 0x3d242026, 0x16063301, 
    0x27363233, 0x03141533, 0xfea4fd95, 0xd505b5c7, 0x05d5e3e2, 0xe312feb5, 0x8a7b03bf, 0xbf037b8a, 0x43412982, 0x62032b06, 0x00000800, 0x11012313, 
    0x45411133, 0xdd022310, 0x494123fd, 0x00003705, 0x00ac0003, 0x059c0600, 0x001100a3, 0x00350023, 0x27370100, 0xf5821737, 0x07173729, 0x13270717, 
    0x91071323, 0x90252011, 0x66022a23, 0xd03de7e7, 0xcf0b7a0b, 0x2008823d, 0x220882cf, 0x8609fed0, 0x83d02012, 0x221b8312, 0x903603d0, 0xd2033625, 
    0x85597d7e, 0xfffe0201, 0x7e7d5984, 0xfffe8459, 0xfd850201, 0x2114865d, 0x148385fe, 0xfefe8522, 0x59201482, 0xae822892, 0x01930027, 0x023303c2, 
    0x2dc982c8, 0x21111300, 0xa0029311, 0x0601c201, 0x1b82fafe, 0xdb82fe20, 0x82240321, 0x00032bdb, 0x01012b00, 0x03a2b233, 0x0e82a2d6, 0x1b820020, 
    0x01780027, 0x02ee047c, 0x08f582f6, 0x23010030, 0x33023e34, 0x17011e32, 0x3233031e, 0x14333536, 0x2223020e, 0x2e27012e, 0x06222303, 0x25ae2601, 
    0x354d7949, 0x052d4276, 0x214b2655, 0x0f8f4a44, 0x3cc2012e, 0x2a34586c, 0x3d041f27, 0x48561c17, 0xcb410c8b, 0x0d36080d, 0x20040000, 0x23011d04, 
    0x06202636, 0x34352317, 0x5c023a01, 0x05cc3901, 0xcb54feca, 0xe349cc05, 0x8f8103bf, 0xbf03818f, 0x45000200, 0x9402f502, 0x0b00ff05, 0x61441700, 
    0x0b2d440d, 0x44f60121, 0xfe21060f, 0x0508448e, 0xe443f520, 0x823e8212, 0x035d294f, 0x060a0108, 0x000900c4, 0x9d188582, 0x03320930, 0xb4113311, 
    0x24333324, 0x68333323, 0x33160689, 0x02823348, 0x02f2fc25, 0x8265fd9b, 0x00022838, 0x02080340, 0x82ec05a9, 0x00112887, 0x21350100, 0x19133635, 
    0x200c4301, 0x090019bc, 0x0803220c, 0x2c011989, 0x2243820d, 0x82530001, 0x828520cb, 0x82222043, 0x0d375a41, 0x0722262c, 0x13230706, 0x07211521, 
    0x0d763633, 0x06390805, 0x97746701, 0x017f0108, 0x443b5208, 0x2b865656, 0x26770d17, 0x9afed201, 0x71350916, 0x02a08d6d, 0x075e7bf5, 0x4d3a2b03, 
    0x4c3d013d, 0x01171221, 0x50d678b5, 0x74016a89, 0x20af8491, 0x256b8245, 0x00ff059b, 0x4369001e, 0x013d2205, 0x4b588334, 0x0722088d, 0x77763315, 
    0x01062507, 0x36321614, 0x38082082, 0x06222326, 0x857b0115, 0x6a93a6b1, 0x88011395, 0x32480f02, 0x0a055958, 0x704b6818, 0xe7fea28e, 0x56598259, 
    0x02594243, 0x01bbc3f5, 0x586fd1ba, 0x2b240505, 0x2f106e86, 0x3476823d, 0x04019472, 0x3a4f513b, 0x4c4d3c01, 0x0001003a, 0x02080337, 0x24eb8253, 
    0x13000007, 0x05655a01, 0x52017628, 0x1c026ffe, 0x1a82b3fe, 0x78086430, 0x0096fd7a, 0x02430003, 0x05a102f8, 0x261900fc, 0x3f4c0dd3, 0xab4c1807, 
    0x1900200c, 0x200a5903, 0x080b8a12, 0xfef8013e, 0x4e62a9f4, 0xf09b5143, 0x4e43519b, 0x7a94fe62, 0x4d7a4d4d, 0x5a5a8c44, 0xf8025a8c, 0x47016078, 
    0x11030f66, 0x57013b58, 0x01577070, 0x0311583b, 0x0147660f, 0x3a4e0160, 0x3a2e012e, 0xfe2a0483, 0x0132426e, 0x33424233, 0x73423201, 0x093b4106, 
    0x23208385, 0x240ab041, 0x0e233537, 0x24108201, 0x3634013d, 0x22888a13, 0x41650116, 0x6f2b133b, 0x427ea28f, 0x59825959, 0x41ff0556, 0xfe241439, 
    0x013a4c75, 0x2c063c41, 0x00010000, 0x0260033b, 0x00940573, 0x200c820b, 0x08ba7435, 0x1b011530, 0xe078e0e0, 0xd96003e0, 0x83d8d883, 0x008200d9, 
    0x42000129, 0x6d023904, 0x4a00bc04, 0x4226061b, 0x39042b02, 0xeb428383, 0x03422605, 0x056d02ac, 0x271b8248, 0x13000007, 0x01152135, 0x21820382, 
    0x82d5fd21, 0x82c63325, 0x82e6fe82, 0x01000082, 0x29029c00, 0xa906da01, 0x0c820a00, 0x1011263d, 0x02063337, 0x01171210, 0x84baba56, 0x485e5e48, 
    0x01e02902, 0xdf610160, 0x83bafe57, 0x82572001, 0x0001225c, 0x20338247, 0x2b338585, 0x10111613, 0x12362307, 0xcb270210, 0x062a3286, 0xa0fee0a9, 
    0x57df9ffe, 0x01834601, 0x002b3283, 0x03830001, 0x05d20208, 0x7a1200b0, 0x362206a9, 0xa76c3233, 0x22232f05, 0x83111506, 0x95350b88, 0x98887d75, 
    0x27825a4d, 0x73669b2d, 0x50fe7781, 0x5ba08e01, 0x827afe4d, 0x02002972, 0x11ff4500, 0x1b029402, 0x20050b44, 0x16454804, 0x200f0b44, 0x130a44ef, 
    0x00012208, 0x0124ff42, 0x00080296, 0x05000007, 0x35072311, 0x01113337, 0xcbc1090c, 0x5502dc89, 0xfd86887f, 0x24af821c, 0x0224ff4f, 0x276f8271, 
    0x1700001d, 0x013e2535, 0x19062243, 0x23252708, 0x4dee65dc, 0x17260819, 0x4b265b82, 0x910214ff, 0x4d181802, 0x152109ef, 0x686b181e, 0x06222411, 
    0x19231507, 0x20322708, 0x870419ec, 0x05534123, 0xe3824020, 0x0802a922, 0x2005d744, 0x1fd74405, 0xd644dc20, 0x0001260e, 0x0211ff53, 0x203f8285, 
    0xb74e1822, 0x32d34410, 0xd244ef20, 0x06ff411a, 0x1b029b22, 0x2005d344, 0x051c6705, 0x18323321, 0x440a3946, 0xef2039d3, 0x44149843, 0x00270bd2, 
    0xff370001, 0x42530224, 0x17200533, 0x210fd344, 0xd24402dc, 0x03002906, 0x14ff4300, 0x1802a102, 0x09c72519, 0x13512620, 0x41d3440b, 0xd244ec20, 
    0x0f3b412f, 0xd3440120, 0x1b02214a, 0x44143a41, 0x2f0810d3, 0x73027cff, 0x0b00b001, 0x35370000, 0x15333533, 0x15231533, 0xe03b3523, 0x78e0e078, 
    0xd8d88355, 0x00d9d983, 0x42000100, 0x6d025500, 0x0300d800, 0x21272783, 0x2b024215, 0x82838355, 0xff4226bf, 0x016d02c8, 0x05cb4464, 0xcb443720, 
    0x44e2200d, 0x3f8207ca, 0x45fe9c26, 0xc502da01, 0x2117cb44, 0xcb4445fe, 0x20338213, 0x44338585, 0x022112cb, 0x11cb44c5, 0x5300022d, 0x9c0219ff, 
    0x1b00cc01, 0x19002600, 0x2107071c, 0x0e19013f, 0xe724398f, 0x59015a6d, 0x1b8e0e19, 0x00020027, 0x0217ff61, 0x227382d9, 0x4d1c0016, 0x0d710ae1, 
    0x023c080d, 0x21070622, 0x98a70126, 0x9091aeae, 0x0211fea9, 0x543e5866, 0x0183030f, 0x92389a14, 0x66010a62, 0xa0b9e909, 0x98b7be9e, 0x2d675c30, 
    0x4b06051d, 0x58420271, 0x00005351, 0x63000200, 0xf5205f82, 0x0b245f82, 0x00001800, 0x200b5f45, 0x0be44605, 0x10d30a19, 0x19b9e921, 0x0813d20a, 
    0x00010037, 0x0224ff43, 0x00bf01b4, 0x1700000d, 0x17330313, 0x03333733, 0x23272313, 0xebe94507, 0x970b989e, 0x9ceae796, 0xdc9a0b99, 0x4f014c01, 
    0xb6feeaea, 0xebebaffe, 0x20378200, 0x2437828a, 0x00c302d9, 0x52378212, 0x27460623, 0x888a240a, 0x4694360b, 0xdc240527, 0x96fe9f03, 0x220f2746, 
    0x82900001, 0x82ee203f, 0x860c203f, 0x3301343f, 0x03230109, 0x88901507, 0xa117010b, 0x3801dbfe, 0x823df2a7, 0xe7fd2b3b, 0xe7fe1501, 0x26017efe, 
    0x7783ee38, 0x24ff7224, 0x3782fb00, 0x37850320, 0x82897221, 0x61fc2223, 0x2a008200, 0xff930001, 0x01630424, 0x842200cc, 0x3315261b, 0x1632013e, 
    0x05424917, 0x23111525, 0x19233411, 0x080c061a, 0x0b889333, 0x648a6217, 0x721b0a18, 0x88756a48, 0x88534288, 0x553f3e49, 0x679b02dc, 0x38403c38, 
    0x68754137, 0xa80135fe, 0xfe3c4f86, 0x38b5015d, 0xfe3f5741, 0x20678568, 0x20bb8283, 0x856782d2, 0x181520fb, 0x4709c188, 0x4b820f23, 0x2c0d2247, 
    0xfe8b0002, 0x01160346, 0x001300ca, 0x0b421820, 0x1816200a, 0x4909ca71, 0x4a820635, 0x8b341382, 0x701e0b88, 0x9c9e8448, 0x1c734786, 0x65b0640b, 
    0x65595865, 0x79374182, 0xbb3d3769, 0xb99f019d, 0xb8fe363f, 0x68764d01, 0x77766801, 0x85670167, 0xff5b249f, 0x829a0217, 0x002c359f, 0x26220500, 
    0x15333527, 0x3233011e, 0x34013d36, 0x012e012f, 0x2505ef62, 0x35231517, 0x1919012e, 0x50080d0c, 0x9a7b7a01, 0x4e0e890a, 0x7252413d, 0x985e636f, 
    0x0a937476, 0x744b0a83, 0x6e3b344a, 0xe9a36165, 0x01015568, 0x27312c25, 0x18183c01, 0x594a5a16, 0x01536871, 0x2f2c2301, 0x271e0127, 0x5716180d, 
    0x745e0148, 0x00010000, 0x0120ff30, 0x006502bf, 0x217f8415, 0x1e491135, 0x0b6c1808, 0x75013d07, 0x6d6d6573, 0x2d96968c, 0x27280d34, 0x016054e0, 
    0xa6a6707b, 0x34a8fe70, 0x0770022e, 0x3408c482, 0xff490003, 0x06d10441, 0x00260040, 0x0033002c, 0x26131700, 0x10013d02, 0x33372500, 0x37171607, 
    0x1f160333, 0x26272301, 0x3f360327, 0x06073301, 0x23010f04, 0x210d8237, 0x28821613, 0x01277508, 0x06131714, 0x51e91502, 0x2f017d74, 0x7f2cff00, 
    0x3750592d, 0x1da5467f, 0x0f02b801, 0x37e8e62a, 0x2802b802, 0x35d1f9fe, 0x4b5d367f, 0x5c496c41, 0xfe5e49fb, 0x98e06a35, 0x4901bfb2, 0xc22b015a, 
    0x012d0102, 0xb6b4127a, 0xfedf2009, 0x07cb74e4, 0xfc374309, 0x07bf1d5e, 0x08c7b409, 0x220cd9d5, 0xb401f9fe, 0xfc03092f, 0xe9fd0827, 0x8a0391eb, 
    0xd2e8fe22, 0x472cf782, 0xcd041500, 0x2f008e05, 0x20250000, 0x1805d963, 0x250af1a2, 0x1214011d, 0x8e181117, 0x1d230cf0, 0x85013e01, 0x025508bf, 
    0xfee9fea8, 0x014e01b6, 0x2c01dc13, 0x02b2011c, 0xbe8ec91a, 0x7697abe5, 0x64891603, 0x4426252e, 0xb18b8667, 0x02b2021e, 0x15e6fe2a, 0x40017c01, 
    0x013c0102, 0x07c0e97f, 0xfe8d7509, 0xd302f2dc, 0x0223eafe, 0x5e489639, 0x8c0c820e, 0x7404d66e, 0xbc090769, 0x2b9382c8, 0x041e007a, 0x0085056c, 
    0x37000011, 0x0a734318, 0x15212108, 0x35231521, 0x3303bf7a, 0x470281fd, 0x6701b9fd, 0xf2b499fe, 0xa21b0478, 0xfea041fe, 0xd4d478e6, 0x6d203b82, 
    0x93203b82, 0x2d20cf82, 0x3e3b3b83, 0x35213701, 0x27022e21, 0x26333523, 0x33243435, 0x2e151732, 0x06222301, 0x82171415, 0x021e214d, 0x06340583, 
    0x15211507, 0x04a9876d, 0x0e01e2fe, 0x09241c09, 0x01049bbc, 0x08521719, 0x02043208, 0x0912fe0f, 0x01081a23, 0x086dfea0, 0x1e1203c9, 0x72b11e98, 
    0x51442078, 0x1e177817, 0xa035e1c5, 0x798a1f17, 0x17781821, 0x78204451, 0x9a0e68c9, 0x31008200, 0xff4b0001, 0x06c10442, 0x00270040, 0x35011700, 
    0x74832634, 0x41231121, 0x1322084a, 0xa54a0333, 0x2348080d, 0x015d0111, 0x4f4b48d5, 0x049fa95c, 0xa0547414, 0xa67fde37, 0x8f832b2c, 0x5a4f95a9, 
    0xbeaafea8, 0x51371704, 0xfd5f8264, 0xa0f00374, 0x018a6151, 0x0d8dfef0, 0x34fd8bab, 0x7cc7a602, 0x016bfd5c, 0x0005fd65, 0x28000500, 0xe228ff82, 
    0x1b008505, 0x23001f00, 0x2b247d82, 0x11370000, 0x3520fe82, 0x11240382, 0x11211333, 0x34055d4e, 0x11231533, 0x19210323, 0x27331501, 0x23273303, 
    0x23353305, 0x21038213, 0x008284ac, 0x01fdd824, 0x0884b22b, 0xcafef239, 0xfd09656e, 0xb201a855, 0x09e9f29c, 0xe0011e63, 0x0172aa72, 0x8307fef9, 
    0x350a8203, 0xe00120fe, 0x370420fe, 0x1bfec9c9, 0xfeaaaaaa, 0x0300b430, 0x83824100, 0x8382db20, 0x17001124, 0x7f861d00, 0x32211124, 0x75821716, 
    0x23010e22, 0x3b087583, 0x23012e21, 0x36323303, 0x92d32137, 0xb8d30192, 0x707014f9, 0xfeb8fa14, 0x112a02e2, 0xf2f287a0, 0xfd11a186, 0x69031ed6, 
    0xd6860178, 0xd7b078b0, 0xc9041efe, 0xfd7870e8, 0x007178b7, 0x03260082, 0x1500a800, 0x6382a607, 0x18000e24, 0x63834700, 0x1457d018, 0x01012b22, 
    0x20055f4d, 0x054b4416, 0x012f2624, 0xb24e012e, 0x011d270f, 0x011f1614, 0x0782011e, 0xa8067e08, 0xf3cbc401, 0x44018595, 0xfed4fecc, 0x870601fa, 
    0xfe899892, 0xd0b0c904, 0x01a90112, 0x7165d120, 0x8fa05646, 0x9ea3d08b, 0xa1010ace, 0x5a700b01, 0x5450725b, 0xd67e97a0, 0xe0700515, 0xd39102bb, 
    0x02bbfd2a, 0x02d6fd2a, 0x027f8ac4, 0x2bfb8a7c, 0x05088d97, 0x02444b9d, 0x26153d34, 0x026a8722, 0x85a3a582, 0x564e070d, 0x34024252, 0x25271444, 
    0x83026d7a, 0x0004009f, 0x061e0028, 0x20cf82fe, 0x06b94117, 0x03250026, 0x03333523, 0x30087159, 0x23153303, 0x21032303, 0x33030103, 0x13330103, 
    0x08038423, 0xf37c972f, 0x6cbc7ad8, 0xa3aea3eb, 0x7abc6ceb, 0xd27cf3d8, 0xa6f8fea6, 0xcc612501, 0x0871fe61, 0x5303b96a, 0x1eb94708, 0x02887302, 
    0x028afd6c, 0x3d038476, 0x8dfd8894, 0x83fd7d02, 0x8bfe6604, 0x7bfc7501, 0x64fe9c01, 0x02009c01, 0x1e003c00, 0x83825005, 0x1f000d22, 0x29065141, 
    0x11231115, 0x21232634, 0x01823311, 0x3e322124, 0x07823504, 0x06143608, 0x20023c23, 0x7da0bcbc, 0xdcb8fe93, 0x336a01a0, 0x18203942, 0xb893a008, 
    0xc067051e, 0x02c5fdc8, 0xfb688b1c, 0xfcc3034d, 0x201306f1, 0x03374b38, 0xe540fcc0, 0x05b741c2, 0xc8ff8526, 0xd605af04, 0x2d366182, 0x00003100, 
    0x022e2225, 0x3e34013d, 0x16323302, 0x21113317, 0xc2492135, 0x23112605, 0x010e2335, 0x083e5027, 0x011d5208, 0x35011614, 0x2d021521, 0x44759956, 
    0x56997544, 0x0426a36f, 0x5401acfe, 0xa49a9aac, 0x48a42c04, 0x77a1a177, 0xfe9f9f7f, 0xaf4a03ff, 0x6eb57740, 0x76b56d02, 0x014c5940, 0x80807820, 
    0xacd8fb78, 0xb1995d56, 0xb08f0290, 0x950294ab, 0x7880feac, 0x05a74378, 0x15005024, 0xff44ba04, 0x35132305, 0x8b822633, 0x35233734, 0x24013e33, 
    0x15173233, 0x0e222326, 0x15210701, 0x7f820621, 0x07821720, 0x33041627, 0x06153732, 0x08b58223, 0xc550274c, 0xd9c60403, 0x1901d128, 0x484295a8, 
    0x95c77b8f, 0xfd190223, 0x020405ce, 0x33e4fd33, 0x9abd0d01, 0x7e9b3c3d, 0x1d86bae0, 0x27780702, 0x2531022b, 0x67e2a478, 0x4512a216, 0x2f786d95, 
    0x212e022a, 0x12a7a578, 0x783d16a2, 0x8b857cc1, 0x1e003328, 0x8505a304, 0x33431300, 0x11332507, 0x01330133, 0x20087782, 0x23012301, 0x8e8ec111, 
    0xf70166b4, 0x0102fed1, 0x0139fec8, 0x09fed1fd, 0x74021e66, 0xfd7b0278, 0x26038385, 0x028cfd78, 0x858cfd74, 0x8264204b, 0x82a6204b, 0x00172c4b, 
    0x25352500, 0x25350535, 0x82352111, 0x25112449, 0x82150515, 0x23112803, 0x010b0111, 0x82e0fe20, 0x04392203, 0x854f8242, 0xb4e02e0b, 0xb87682ea, 
    0x01768276, 0xfea2a2c7, 0x83088283, 0x74fe230c, 0x57834201, 0xdb430420, 0x001d2608, 0x002a0022, 0x0b5d4430, 0x2406e143, 0x14011d16, 0x0ae94307, 
    0x01232624, 0x79822734, 0x01353623, 0x06f04333, 0x92924908, 0xe296d401, 0x04708c30, 0x318c7004, 0xe1fe95e3, 0xc74e0902, 0xfd063e01, 0x062c02d4, 
    0x62f4cefd, 0xf6fd268e, 0x78d6021e, 0x1d017884, 0x1c788499, 0x1c260224, 0xfe9f8778, 0x89c90450, 0x28c9fe89, 0x28249822, 0x464cbefe, 0x033e9482, 
    0x6fff4900, 0x3406cc04, 0x23001b00, 0x00002900, 0x00263505, 0x00103511, 0x15333537, 0x99520416, 0x276a0805, 0x10152111, 0x01150702, 0x11171214, 
    0x05150206, 0x013e1121, 0xf9660235, 0x2601dcfe, 0x01c578f7, 0xb201120c, 0x78a91001, 0xf0feee01, 0xa5bf24fe, 0x1503c1a3, 0xa594c7fe, 0x0117a991, 
    0x022c0176, 0x79012801, 0x10a8a917, 0x0609a8e3, 0xfe0e8861, 0xf7fe9d0d, 0xa80fdafe, 0xfede6203, 0x230419e6, 0xdbe4fe19, 0x0e6afe7f, 0xe7429dbd, 
    0x00382405, 0x43d2041e, 0x003408cf, 0x35231337, 0x35233733, 0x13331321, 0x17231521, 0x13231533, 0x0805cd43, 0x010b2132, 0x56212721, 0x39ac8466, 
    0xdd0d01e5, 0x0d01ddc6, 0x84ac39e5, 0xfd5fbd66, 0x6f015fda, 0x922a0192, 0x34dc01f1, 0x011e8cfe, 0x78aa7834, 0x67fd9902, 0xfe2e0682, 0xfe3401cc, 
    0xfea604cc, 0xfdd80128, 0x7383aa06, 0x6a000231, 0xa0041a00, 0x19008e05, 0x00003400, 0x50213513, 0x59570859, 0x41202005, 0x01250699, 0x21152135, 
    0xf813190e, 0x33012408, 0x52040607, 0x20080575, 0x7f026a37, 0x7a885252, 0x03109371, 0xfb0e01b2, 0x5ee38c01, 0x04cafbc3, 0x5260fd36, 0x79839352, 
    0x3d16849f, 0xcfcef9fe, 0x29035eee, 0x3f571e78, 0x525c3f02, 0x8a0a0d48, 0x027facaf, 0xfe784779, 0x159178de, 0x022c9c82, 0x6fff4900, 0x3406cd04, 
    0x27001f00, 0x2117a141, 0xba5f013e, 0x09a54105, 0x61025e08, 0x01e0fef8, 0xc978f523, 0x011a1001, 0xac1802b2, 0x1ca4807c, 0x2802b202, 0x29fecbff, 
    0xbda2a3bc, 0x0119a991, 0x022b0175, 0x78012601, 0x0da8aa19, 0x0907b5e5, 0xfb0c8a6a, 0x647209d5, 0xc6b20907, 0x6203a70b, 0x1ae6fedd, 0xfe1b2304, 
    0x0200dae5, 0x1e008500, 0x85058504, 0x0b000300, 0x05bb5200, 0x3b061743, 0xfd000485, 0x045afea6, 0x055afe00, 0xfb78780d, 0xa2ad0311, 0x0053fca2, 
    0xa1000100, 0x37203382, 0x192d3382, 0x01250000, 0x37202135, 0x26213521, 0x21098229, 0xd3462115, 0x2b320806, 0xdd020101, 0x2101c4fd, 0xfd200b01, 
    0x1f4c02b4, 0xdffef4fe, 0xe0fe9603, 0x8e90167a, 0x47cdf410, 0x021e3e02, 0x78cea013, 0x5578a0ce, 0xc2ac78a1, 0x5782edfd, 0x57827520, 0x57829e20, 
    0x57821f20, 0x35071124, 0x03823537, 0x43331121, 0x332d08a1, 0x3f023e32, 0x02073301, 0x59012100, 0x240082e4, 0xfe5c01b4, 0x340383a4, 0x83a05c02, 
    0xad010c56, 0x7afe1901, 0x021ecffe, 0x5d825d55, 0x270382b8, 0xf4fe5601, 0xb88f828f, 0xfe2b0382, 0xb46f3813, 0xfe0c0a75, 0x83a7fed9, 0x2f5408c3, 
    0x6d040a00, 0x1700c405, 0x11370000, 0x35371210, 0x12161533, 0x11230119, 0x11270234, 0x010e1123, 0xf92f1115, 0xfee08cdb, 0x8c8e9cb4, 0x020a9789, 
    0x012f013c, 0xe1e21954, 0xfeacfe16, 0x02c4fdcd, 0x0001ea30, 0x04cffb17, 0xe6ff1a2f, 0x0000d0fd, 0x5f000200, 0xad20bf82, 0x1722bf82, 0x55822100, 
    0x35333527, 0x11333523, 0x06035021, 0x49152121, 0x132005af, 0x08067947, 0x5f012b3b, 0x01c8c8c8, 0xf5f4c9c9, 0x01edfeca, 0xb461fe9f, 0x9b98e6b4, 
    0xe2e6989b, 0x0278c078, 0x02c0f5f3, 0x78c0f3c1, 0xd801c4c4, 0x83028391, 0x00010092, 0x051e004c, 0x0034067c, 0x265d8331, 0x02263521, 0x8434013d, 
    0x333623b9, 0xc0841732, 0x23011d25, 0x83263435, 0x232623c0, 0xc7840722, 0x011d5508, 0x33041214, 0x01561521, 0xf9b8a654, 0x323278cb, 0xc2782e36, 
    0x7a91a9f2, 0x37343078, 0x927e782d, 0xb01c019e, 0x951ea601, 0x48015304, 0x01db02cf, 0xacc43b37, 0xc9ad0706, 0xd7befe3f, 0xdc990101, 0x0154fe36, 
    0xfe0709d0, 0x32b1012e, 0xa402aae1, 0x959ef1fe, 0x0326ef82, 0x6fffdd00, 0x8f829b04, 0x29001f24, 0x93823200, 0x82331121, 0x48038384, 0x6118053b, 
    0x07240736, 0x23352315, 0xf9870382, 0x11212324, 0xba822021, 0x012b262f, 0x8c78b2dd, 0x8db39778, 0xd0a79165, 0x080a82c0, 0x9bcf0225, 0xfe8089a4, 
    0x011001fb, 0xffaca641, 0xaf67051e, 0x14b3afaf, 0x6d028cba, 0x120812b3, 0xa60288b3, 0x82b210c5, 0x03220813, 0x0270770c, 0xd5fb6e66, 0x717502e8, 
    0x00040000, 0x06f3ff53, 0x00b70598, 0x001f001b, 0x0049002a, 0xb7520100, 0x142b5005, 0x01231325, 0x49140133, 0x07220503, 0x1d191506, 0x1723092e, 
    0x18272315, 0x29085faf, 0x023f3233, 0x01010e07, 0x1e19653a, 0x270811dd, 0xd603a221, 0x491bfba2, 0xac684f3a, 0x9893048e, 0x7f98afaf, 0x01830f9c, 
    0x5844560c, 0x83576564, 0x02830123, 0x04039813, 0x08136d50, 0x05fcfc25, 0x2b2ffea3, 0x373e5333, 0xfc56090a, 0x01a3b920, 0x687db8a0, 0x3d330203, 
    0x6c016a78, 0x01036b7a, 0x86786706, 0x886c20d3, 0xaf5720d3, 0x2a344ed3, 0x7120e2a1, 0xa51c564e, 0x257b4ee8, 0x95000331, 0x0a09deff, 0x1f00c505, 
    0x3b002d00, 0x4d050000, 0x35190787, 0xbe41165f, 0x011d2209, 0x14841814, 0xc306210e, 0x1d476b18, 0x903afa27, 0x8f90bebe, 0x0d1f19bf, 0x18222008, 
    0x2a1ed0f7, 0x8cc10603, 0xc2c18c02, 0x198b028b, 0x2e0c2d1f, 0x00020000, 0x0470ffb1, 0x00a3055a, 0x8222001b, 0x261122b5, 0x05574402, 0x011e6908, 
    0x012e2317, 0x013e1127, 0x010e3337, 0x15211107, 0x17161401, 0x02010e11, 0xe6e6ad44, 0xdd9482ad, 0x901f8723, 0x1f905e5e, 0x94dd2387, 0xd9fc9401, 
    0x9b76769b, 0x1a8b0190, 0x64010b01, 0xfb1a0a01, 0x8fc512f9, 0xfd107a58, 0x587a1057, 0xfe12c58f, 0x62037ff6, 0x0219be7c, 0x00be19a5, 0x64000400, 
    0xaf06f3ff, 0x1e00b705, 0x2e227782, 0x27423b00, 0x32332208, 0x13d04216, 0x01230324, 0xd5571233, 0x0c75520a, 0x42ab0121, 0x432a16cb, 0xa2d603a2, 
    0xb0cefe44, 0x1d1901b0, 0x03210966, 0x15bc4202, 0x05fefc25, 0x5250faa3, 0x032015af, 0xb520af84, 0x3620af86, 0x7918ada3, 0x35220b91, 0x967d3311, 
    0x2ba89c05, 0x887a7566, 0x59544c46, 0x340b8888, 0x2408a49d, 0xb0017880, 0x4f5172fe, 0x86014f59, 0x726565fd, 0x95000300, 0xea070000, 0x0900a305, 
    0x25001700, 0x11210000, 0x064d7c21, 0x2b1b6942, 0x6c037e04, 0x7f0248fd, 0xb1fc81fd, 0x290e5342, 0xfea2a305, 0x8ffda010, 0x3b42e402, 0x00042a17, 
    0x080000b8, 0x00b005e5, 0x2273820b, 0x5d280024, 0x01220d83, 0xc1183311, 0xbd5808bf, 0x05f55106, 0x21350325, 0x41350815, 0xf7370694, 0x0f03afd3, 
    0xfcafb210, 0x310610f1, 0xb464635b, 0x02cd6363, 0x41fb0250, 0xfc230886, 0x18a3054c, 0x260988ac, 0x6c787103, 0x84786c01, 0x7afe2304, 0x72827777, 
    0x00040024, 0x23190180, 0x3122091f, 0x23193b00, 0x14272a1f, 0x15012b06, 0x46152313, 0x052206df, 0x23195a0c, 0x5d2f201a, 0x78630101, 0x5d7d6378, 
    0x3e385d5d, 0x1983033e, 0x3a221723, 0xaf71be72, 0x32c1df01, 0x312f012e, 0x00020000, 0x0699023e, 0x00a4055c, 0x5d3d002d, 0x2a5311ed, 0x09d8450c, 
    0x316b1f20, 0x11252305, 0x01821333, 0x11231124, 0x01820323, 0x01116408, 0x07a58974, 0x05019401, 0x5543465a, 0x76534a3f, 0x8381a36f, 0x0191089c, 
    0x3e3f4f07, 0x53463e4d, 0x01a66f7b, 0x09d7af45, 0x1189afd6, 0x11bf62bf, 0x65759902, 0x30270509, 0x22012832, 0x170f0e27, 0x8069576c, 0x06066279, 
    0x262e2e26, 0x0d292201, 0x58651710, 0x02138370, 0x02f3fde4, 0x011cfd0d, 0x8316feea, 0x83002003, 0x02332ab7, 0x054b06bf, 0x000700a3, 0x27b78217, 
    0x21352311, 0x21112315, 0x1e26918f, 0xeb7002eb, 0x738b7f01, 0x5a02bf26, 0xa6fd8a8a, 0x01245491, 0x00004500, 0x07c38b18, 0x01110123, 0x08018423, 
    0xf9021124, 0xfecd0002, 0x7bfe107b, 0x050002cd, 0xfc93fda3, 0xfd8102ca, 0x0236037f, 0x0300006d, 0x00004200, 0x87843c06, 0x13000b22, 0x072a8984, 
    0x11333735, 0x33012303, 0x4f5e0103, 0x05af5b05, 0x03a22f25, 0x5edea2d6, 0x2019075a, 0x94590e39, 0x00042607, 0x06edff42, 0x224f8666, 0x8e37002a, 
    0x2b0f5951, 0xc1090c24, 0x758489cb, 0xed5d0d20, 0x218b8c1d, 0x265954fd, 0x05002122, 0x0821a783, 0x24a78678, 0x001f0017, 0x20a98d2b, 0x0b1f4500, 
    0x2006b75c, 0x057d4f24, 0x1d062224, 0x13411401, 0x9d02220a, 0x054265fe, 0x837dfc21, 0x870121b1, 0x19051a61, 0x200cd321, 0x081c5d4a, 0xf65cbe20, 
    0x65642006, 0x00210b0a, 0x228f8203, 0x865606f0, 0x8d3c208f, 0x2203258b, 0x33012f26, 0x412bb75c, 0x0922093a, 0x24199d7e, 0xa68c1de9, 0xcf5c4d20, 
    0x00033127, 0x06f0ff4f, 0x00b605f8, 0x0021001d, 0x13000052, 0x231cb75d, 0x33012303, 0x5720c5b0, 0x12b02219, 0x03a26824, 0xd3a1a2d6, 0x2417125e, 
    0xa30541fd, 0x26e4a7fa, 0xff420003, 0x414a06ed, 0x2f200693, 0x22139341, 0x44011e17, 0x431906ed, 0x5862096f, 0x0986410a, 0x62621120, 0x4243220b, 
    0x0f63622c, 0x200c8541, 0x199d5d4a, 0x4f000322, 0xf4209382, 0x20067741, 0x29774145, 0x6a41a99d, 0x41b79f19, 0xc8991c69, 0x4b000330, 0x0f07edff, 
    0x3000b305, 0x57003400, 0x96540000, 0x2ae34205, 0x52421320, 0x63da8908, 0x6f2013dc, 0x251e0043, 0xd603a234, 0xe68b09a2, 0x20110164, 0x231643af, 
    0x0551fd24, 0xf199faa3, 0x04000024, 0xf3824000, 0xa305222a, 0x0f000b00, 0x39001500, 0x0760f582, 0x8203200a, 0x330125d0, 0x07062311, 0x41050b41, 
    0x01201db1, 0x20070765, 0x27bf8309, 0x08feb3fa, 0x44056195, 0x601fad41, 0xfd2b0855, 0xfea30541, 0xd173011a, 0x4228fc9a, 0xb383196d, 0x201ccf45, 
    0x2b1b6013, 0x20090d43, 0x13cf4509, 0x430cf964, 0xd1450d0f, 0x0c336014, 0x53000430, 0x1907edff, 0x2200a305, 0x45002600, 0x0b485200, 0x121c4211, 
    0x01231323, 0x66c2ac33, 0x35241d29, 0xa2d603a2, 0xac20dba1, 0x25177041, 0xa30554fd, 0xeca04afa, 0x42000526, 0x6c06f0ff, 0x24069744, 0x00330027, 
    0x0d9b443f, 0x6506db4b, 0x9d412ddb, 0x65862009, 0x98411be5, 0x614d200c, 0x0526301f, 0xf0ff4b00, 0xf7432907, 0x00502406, 0x4368005c, 0xe4b436fb, 
    0x9c240c44, 0x290a44ff, 0x26301c41, 0xff530005, 0x421f07f0, 0x422406c3, 0x5a004e00, 0x4128c542, 0xcd42340d, 0x1c0b4122, 0xb21dc842, 0xff3724ff, 
    0x423a06f0, 0x13200dd7, 0x2006834a, 0x09b34e13, 0x692cd742, 0x2f24080b, 0xa2d603a2, 0xbf20ce9c, 0x4806c44a, 0xda420524, 0x01002730, 0x0000b800, 
    0x83186c01, 0xb82709db, 0xfaa305b4, 0x8302005d, 0x34032117, 0x07241784, 0x11330000, 0x2305bf73, 0x1401b4b8, 0x24842084, 0x00000023, 0x21278303, 
    0x2786fc04, 0x29890b20, 0x31822120, 0x308a2d84, 0x5b843486, 0x84580621, 0x21318733, 0x01843301, 0x02b4b82e, 0xc247fe71, 0x010e5101, 0x47fec251, 
    0x05223083, 0x4119fba3, 0x45240823, 0x1f050000, 0x91823782, 0x2f842120, 0x02013329, 0xbdecfd59, 0x1910a801, 0x220e4f41, 0x825c0002, 0x84fd202b, 
    0x1863822b, 0x82081758, 0x15022195, 0x0221618a, 0x85ce8272, 0x209d8460, 0x21378303, 0x3786c507, 0x830a7775, 0x8f0383cf, 0x89de843d, 0x23448440, 
    0x04000000, 0x09214783, 0x2047888d, 0x09c17513, 0x4d964987, 0x37415092, 0x8240200c, 0x00032253, 0x05694111, 0x01332308, 0x09330135, 0x15013301, 
    0x01092301, 0x01b8b4b8, 0xd769fe9b, 0x3e013701, 0x015efecc, 0xc9fed49a, 0x3d83bffe, 0x0ecb0231, 0xbcfdca02, 0x2dfd4402, 0x023ffd0f, 0x82c2fd3e, 
    0x180120a3, 0x41468b98, 0xe420056b, 0x0d209782, 0x938c9784, 0x5c20e583, 0x04229592, 0x9491b40c, 0x8341e885, 0x86ac2005, 0x8215204f, 0x9a5190e9, 
    0x14012155, 0x5c845896, 0xb8000125, 0x19040000, 0x221bb346, 0x19deff80, 0x18bf2349, 0x213ac39c, 0x3f190002, 0x0420319f, 0x03353383, 0x00f6052e, 
    0x000f0007, 0x00170013, 0x26220000, 0x16323634, 0xf1a21814, 0x44012007, 0x0128063f, 0x46466430, 0x72014664, 0xfd270684, 0x0a01ae78, 0x820605ae, 
    0x25028711, 0x3604b4fa, 0x0383cafb, 0x06000022, 0x04215783, 0x5f5786e4, 0x5b8f0853, 0x2120638f, 0x678d6b82, 0x84700121, 0xc2fb216e, 0x01216e83, 
    0x83718d08, 0x6446218f, 0x7b857789, 0x7b830320, 0x84080521, 0x820b207b, 0x20d188d3, 0x795d8203, 0x01200643, 0xd02c6586, 0xfed301ae, 0x0dc4badb, 
    0xdbfeb7c4, 0x4f87cd86, 0x0388fc31, 0x00cafb78, 0x53000100, 0x21040000, 0x44003604, 0x01220abb, 0x3d19fee2, 0x03201323, 0xd7202b84, 0x88084f41, 
    0x0109237b, 0x01821333, 0xe1830120, 0x62900428, 0x47624747, 0x7988a1fc, 0x87d30121, 0x857c83d8, 0x26cc8478, 0x00430005, 0x417e0600, 0xa1410c47, 
    0x845b8b10, 0x8480205f, 0x7101285f, 0x64464664, 0x8beafa46, 0x09012166, 0x8d0d4241, 0x2073846f, 0x21738307, 0x73883608, 0x4108c762, 0x7f8f17bd, 
    0x34428391, 0x32f92106, 0x42428a8e, 0x09d0410f, 0x42090341, 0x03260854, 0x00008600, 0x9784ed04, 0x19000b22, 0x2409a942, 0x11331103, 0x20848633, 
    0x05197b09, 0x3305ab42, 0x01b1aed0, 0xc9f2fe0c, 0xbfa90caa, 0x0e01f5fe, 0xad0dadc5, 0x7e0ce441, 0xfd22092b, 0x837d01de, 0x00532b05, 0x04f50300, 
    0x000d0036, 0x53823300, 0x13330122, 0x23240682, 0x57012303, 0x210b757e, 0x3e197301, 0xff41159f, 0x84bb2005, 0x8b1520a3, 0x020921a3, 0x4a864882, 
    0x82210321, 0x740428b0, 0x62474762, 0x909afb47, 0xda0221a1, 0x8f090c42, 0x360423a0, 0xf882cafb, 0x00050027, 0x06000043, 0x26678463, 0x001d000f, 
    0x43250021, 0x739011b9, 0x64207784, 0x01217784, 0x21068471, 0x7e93e2f9, 0x210f9641, 0x8793b4fa, 0x01278b87, 0x0000ac00, 0x18055a01, 0x2d086755, 
    0xe205aeac, 0x01001efa, 0xedff6c00, 0x7a181e04, 0x5b21245b, 0x5b7a18e2, 0x84022035, 0x823e2063, 0x0013227b, 0x679b181f, 0x05b6570d, 0x426f4619, 
    0xa2000126, 0x5e060000, 0x2323c782, 0x66330000, 0x246a0741, 0xaea2271a, 0x69962410, 0x4419996a, 0x7626302b, 0x3a05deff, 0xc985c505, 0x27246308, 
    0x1e173335, 0x12323301, 0x02103511, 0x07062223, 0x36272315, 0x00203300, 0x00101511, 0xfee6bd02, 0x02b523c3, 0xd097d622, 0x95d0f3f4, 0x01b624d8, 
    0xe4440120, 0x56012601, 0xed22a9fe, 0x7c0202c6, 0x013d0191, 0x0f01020f, 0x8ba33e01, 0x01d00202, 0xfe6afe04, 0xa4fe02a3, 0x01006afe, 0xedff5c00, 
    0x9b410e04, 0x32012105, 0x14215282, 0x0b097300, 0x08051171, 0x37020f2d, 0x1f02013e, 0xfe0d01e2, 0xedbde2f4, 0x01ad0119, 0x916f9215, 0xd890acab, 
    0x02ac023d, 0x4904e223, 0xfffed0fe, 0xd3fefc02, 0x190697c0, 0x260f0c48, 0xff450004, 0x7a1607f0, 0x4c20084f, 0x7a0d6358, 0x91510f49, 0x08107230, 
    0x03a26d2d, 0x25fba2d6, 0x94535394, 0x51240552, 0x4b7a1e7f, 0x513e201a, 0x25082376, 0x00010000, 0x067a00c8, 0x002a0577, 0x1200001d, 0x36013734, 
    0x14151632, 0x3701010f, 0x14163221, 0x27212306, 0x10821701, 0x22063f08, 0x1cc80127, 0x421a0402, 0xfe8a162d, 0xb003c2e4, 0x232d2d23, 0x01c350fc, 
    0x2d168a1d, 0xfcfd1a42, 0x1a44b002, 0x2c190302, 0x8f152322, 0x2e0e00ff, 0xff0e2e46, 0x23158f00, 0x02192c22, 0x67830003, 0x05e9ff33, 0x00ba0578, 
    0x0400001f, 0x11352622, 0x06070337, 0x84088223, 0x01172173, 0x23326483, 0x03012f22, 0x03141117, 0x072e4643, 0x22168ff9, 0x3c822d21, 0x58841a20, 
    0x22212d33, 0x07f98f16, 0x03232d17, 0xecfea7e5, 0x212e168b, 0x3090821f, 0xfcfd1c1c, 0x2e211f1c, 0x14018b16, 0x231bfca7, 0x8c008200, 0x140024d3, 
    0x83060107, 0x013f3666, 0x22210701, 0x33363426, 0x27011721, 0x36343526, 0x06011732, 0x843f8277, 0x1d0124d4, 0x8350fcc3, 0xb00324d4, 0x84e4fec2, 
    0x040227d4, 0x1a44f402, 0xd485fdfd, 0xd4850120, 0xd4860120, 0x8dfdfd21, 0x320029d3, 0x07111516, 0x33363713, 0x73840882, 0x83012721, 0x32332964, 
    0x2713011f, 0xfd023411, 0xfd21d389, 0x82d382fd, 0x28d38657, 0x232dba05, 0x01a71bfc, 0x82d48514, 0x84d883d0, 0xecfe24d4, 0x83e503a7, 0x26d383d4, 
    0x04e406e8, 0x413300bc, 0x678406a7, 0x37020f25, 0x862f1721, 0x01172268, 0x20788316, 0x24ed8423, 0x27210702, 0x0655411f, 0xc801273f, 0x19a0011b, 
    0x162c2421, 0x02b98eac, 0xac8fb9c1, 0x20242c16, 0x1b9f011b, 0x1b61fe1b, 0x25178320, 0x3ffdb98f, 0x17838eb9, 0x19212008, 0xb00260fe, 0x95011a44, 
    0x20232d19, 0x0976a616, 0x16a67609, 0x192d2320, 0x48186bfe, 0x8f6bfe18, 0x95013e16, 0x00010000, 0x058900c8, 0x00160555, 0x1300001e, 0x33363411, 
    0x15163221, 0x012b0614, 0x82968225, 0x22232508, 0x13270127, 0x38080882, 0x30c82622, 0x250c0327, 0xe7203130, 0x029674fe, 0x213419ea, 0x15fd1820, 
    0x42301183, 0x03b30131, 0x3130270c, 0x0e302021, 0x1915fd81, 0x1834211f, 0xfe97eb02, 0x3220eb77, 0x20638a32, 0x2670821d, 0x26220614, 0x4113013d, 
    0x372306dd, 0x84053701, 0x087885f8, 0x31550535, 0x83113142, 0x421816fd, 0xe9021933, 0xe774fe97, 0x24303120, 0x2f280c03, 0x3224b301, 0x01eb2032, 
    0x15fd9789, 0x1f213418, 0x81eb0219, 0x2120300e, 0x42273031, 0xc785063b, 0x032e6383, 0x21230614, 0x34352622, 0x05013b36, 0x34420127, 0x03172106, 
    0x32291082, 0x01550516, 0xf4fc282f, 0x2cc88324, 0xfd978c01, 0x42331917, 0x83ea0218, 0x257a8211, 0xf5fcec03, 0xc7823127, 0x820f3122, 0xc783e182, 
    0x9816fd24, 0xc78e8901, 0x00001e2c, 0x32363413, 0x03011d16, 0x39420137, 0x25072507, 0x15163233, 0xc8317986, 0x11304231, 0x18eb0283, 0x19332220, 
    0x019616fd, 0x30c8838c, 0x27f4fc25, 0x24ec0330, 0xeb213132, 0x029877fe, 0x24c884ea, 0x0f8216fd, 0x20c88231, 0x2ac88231, 0xff8c0001, 0x060006dc, 
    0x84350079, 0x2c528463, 0x24200412, 0x02343512, 0x07222326, 0x20628417, 0x87d48422, 0x830f207b, 0x12042483, 0x82021415, 0x023c0828, 0x1f212a8c, 
    0xff009426, 0xff002e01, 0x97ff9494, 0x14d43855, 0x12221d29, 0x1515c4fe, 0x21133c01, 0xb813291d, 0x01be3d33, 0xfebbbb41, 0xfe84febf, 0x9802bbbf, 
    0x21292a20, 0x9400ff97, 0x98213682, 0x3e368297, 0x1c16d00c, 0x0114291f, 0x1e1f153c, 0x16400115, 0x161d1f2b, 0xfeba0ab4, 0xfebfbebe, 0x68bbbbbe, 
    0xab890507, 0xab833420, 0x33241225, 0x43271732, 0x1721053b, 0x21a68201, 0x28440107, 0x013f2105, 0x0e22b882, 0xc6861001, 0x85052f41, 0x01bb26aa, 
    0x333dbe41, 0x309f82b7, 0x3d011321, 0xc3fe1414, 0x291e2112, 0x5538d315, 0x86bb8297, 0x1f2623c3, 0xaa892a21, 0x4201be3d, 0x16b40aba, 0x162b1f1d, 
    0x1f14c0fe, 0xc4fe1420, 0x1d1f2914, 0x940cd015, 0x86d2feff, 0x292123c3, 0xa988202a, 0xc8000231, 0x1808e5ff, 0x1f00bd05, 0x00003f00, 0x44163601, 
    0x022a08b6, 0x06141117, 0x11352622, 0xac860f37, 0x06013723, 0x08014426, 0x1127022a, 0x16323634, 0x3f071115, 0x3b07e641, 0x451a6b02, 0x1989011a, 
    0x1720232d, 0x2e09769a, 0x76092e46, 0x2320179a, 0x9405192d, 0xfe281982, 0x232c1977, 0x779a1522, 0x2d211982, 0x08198708, 0x011ba226, 0x1b6bfe1a, 
    0x172c2420, 0xfcb98fa0, 0x2d2d2428, 0xb9d80324, 0x2c17a08f, 0xfb1b2024, 0x1b011cf4, 0x22199501, 0x8e2b1e83, 0x23d803b8, 0xfc232d2d, 0x858eb828, 
    0x0200301e, 0xf8ffa000, 0xb2053a07, 0x34001800, 0x83050000, 0x452120af, 0x14230a81, 0x82212306, 0x25232cc6, 0x35363221, 0x21333411, 0x82343532, 
    0x072225c2, 0x14150601, 0x29080d82, 0x16141115, 0x5c580403, 0x4836cefe, 0x31b40234, 0xb5023168, 0xfe364833, 0xfe585cce, 0x13b4013d, 0x64011c1a, 
    0x81fd0406, 0x04820c04, 0x06033308, 0x191c6301, 0x01555f08, 0x32313c52, 0x2fb20234, 0x354efd2f, 0xaefe3c62, 0x198b5f55, 0x1bba0114, 0x02060105, 
    0xfd040479, 0x05020587, 0x1446fe1b, 0x00820019, 0xa3820420, 0x19077e33, 0x1b000906, 0x47003700, 0x00005300, 0x3d262201, 0x25a78401, 0x36013736, 
    0x74413233, 0x15212106, 0xaa83af82, 0x91013d21, 0x011d21aa, 0x5f57aa82, 0x07436606, 0x2a822b82, 0x22212322, 0x02361c82, 0xfe5d58f4, 0x1c4b37e3, 
    0x359c0220, 0x0235302f, 0x374b3c9c, 0xc882e2fe, 0xb3013e2b, 0x011b1b13, 0xfd030651, 0x20c88393, 0x08c88294, 0x1a1b5137, 0x50504920, 0x49140249, 
    0xfe494f4f, 0x28e90101, 0x2717fe28, 0x555f8b01, 0x1e313c77, 0x4d021c2f, 0xb4fd3030, 0x3c313634, 0x875f5577, 0x1ce2131a, 0x02030305, 0x08dc8219, 
    0x0303e72d, 0x14e21c05, 0x506cfd19, 0x50497649, 0x4a764a4f, 0x5c287e4f, 0x285c2929, 0x7e000200, 0x4104deff, 0x16001c06, 0x00002400, 0x82022205, 
    0x3300359f, 0x33171632, 0x27002627, 0x11000437, 0x27001015, 0x013d1232, 0x08085665, 0xbc270246, 0xd40301ed, 0x102db059, 0xd2fe1c01, 0x36012de7, 
    0xe0fe7501, 0x38c69cec, 0xad86599f, 0x0601228c, 0x01e102d0, 0x08394a18, 0x2f3e01e4, 0x34fe3997, 0xfe02bbfe, 0xa16dfea1, 0x05e72201, 0x97c2443e, 
    0x00a88d02, 0x67207b82, 0x0b23ae18, 0x15013708, 0x35012301, 0x01152105, 0x0b050133, 0xfeb207fe, 0xfcd80307, 0x107e01f4, 0xa3057e01, 0x05dcfa7f, 
    0x10a27f24, 0x1204eefb, 0x01000000, 0xdefea300, 0xa3054505, 0x7d5f0b00, 0x11233809, 0x6d011121, 0xc8a204ca, 0xfe58feb4, 0xa22306de, 0x06ddf9a2, 
    0x82ddf923, 0xd0002522, 0x4e04e8fe, 0x0f252f82, 0x35130000, 0x21018201, 0x6a821521, 0x82011521, 0xd0200805, 0x2bfed501, 0x47fd7e03, 0x2dfed301, 
    0xe8feb902, 0x0bba029e, 0x9f9eba02, 0x0b50fd09, 0x9f0950fd, 0x81263f83, 0x8904f401, 0x3f7c9602, 0x04812207, 0x3f461808, 0x00802809, 0x0489042a, 
    0x82110060, 0x2d25085b, 0x03053701, 0x17250333, 0x2507010d, 0x05132313, 0xfe820180, 0x6c01547e, 0x0110ab10, 0x7ffe546a, 0xfe548101, 0x080c8296, 
    0x0194fe23, 0x86cbcb7a, 0xfea901df, 0xca86de57, 0xfede86cb, 0xdfa90158, 0x01020000, 0x03ff003f, 0x008b03cb, 0x08518307, 0x06100023, 0x36102620, 
    0x26341220, 0x14150622, 0x03323316, 0xf2febfcb, 0x0e01bfbf, 0x6088601d, 0x02444361, 0x280e85cc, 0x8876febf, 0x43446060, 0x27af8261, 0x9801d801, 
    0xf2023203, 0x00314382, 0x22061400, 0x32363426, 0x90653203, 0x02906565, 0x3205838d, 0x00010065, 0x0798fec4, 0x00520710, 0x09000009, 0x6d133301, 
    0x013a0599, 0xa1d1fef3, 0xbc0211ee, 0x86fef001, 0x98fe32fd, 0xd8fdb902, 0xf7902908, 0x9b8200d6, 0x884b0021, 0x8a3a2033, 0x4a092035, 0x668e316d, 
    0x674aa720, 0x21878a1e, 0x584a1704, 0x00033124, 0x06ca004e, 0x00ec03ee, 0x002c001d, 0x2500003b, 0x200aed5a, 0x08d47f37, 0x2622232c, 0x0e07012f, 
    0x36322701, 0x6362013f, 0x6f212009, 0x0f3208aa, 0x011e1701, 0xeaafe701, 0xc476afea, 0x710c0c71, 0x0b8a76c4, 0x8a52702d, 0x670c0c67, 0x8a6a528a, 
    0x82cc038a, 0x866a2004, 0xe6ca2b10, 0xe6aa02aa, 0x0f0f8e77, 0x0a8a778e, 0x81629f2b, 0x62810f0f, 0x68026889, 0x85048489, 0x00002e0f, 0x80000100, 
    0xce03cafe, 0x1700ba05, 0x8b4d1900, 0x13372108, 0x0a48ea18, 0x010e032e, 0x2c3733ea, 0x0d4e4634, 0x939917a0, 0xfe2a0a89, 0x0b900cca, 0x7c045a53, 
    0x088494a2, 0xa284fb23, 0x224f8294, 0x19a80181, 0x2a407f4c, 0x04970081, 0x00f40389, 0x82280014, 0x2e2221a2, 0x0fc54c19, 0x022e222f, 0x35072223, 
    0x1e323336, 0x37323302, 0xd74c1915, 0x3ab02814, 0x33826889, 0x826c6e9e, 0x81692108, 0x02210883, 0xe94c19b2, 0xe5fd270c, 0x80353e35, 0x05857c9e, 
    0x00396882, 0x04ecff81, 0x009f0489, 0x37000013, 0x21132135, 0x33372135, 0x21152107, 0x36038203, 0x81372307, 0xfe8b7201, 0x5c390203, 0x36015c99, 
    0x018b8efe, 0x82c7fdfd, 0xa2e7290b, 0xfba27901, 0x87fea2fb, 0x00270582, 0x00030000, 0x82750081, 0x82152047, 0x6d072009, 0x157b0821, 0x04812406, 
    0x85f8fb08, 0x80032503, 0x7bfe9595, 0x7a220382, 0x36829595, 0x00020037, 0x0415008d, 0x0075047d, 0x000a0006, 0x01351300, 0x15010915, 0x38388205, 
    0xfcf0038d, 0xfc5103af, 0x02f00310, 0x89019953, 0xfec2fe95, 0x8bb59ac2, 0x22338f8b, 0x82350109, 0x11012102, 0x0421b982, 0x202e827d, 0x20368251, 
    0x2c3685f0, 0x019a77fe, 0x953e013e, 0x29fd77fe, 0x2899828b, 0x06abff8c, 0x00f905db, 0x05d5470f, 0x20042108, 0x10022624, 0x20243612, 0x10121604, 
    0x20240602, 0x2e10023e, 0x020e2002, 0x13011e10, 0x013b3634, 0x23053e78, 0x3233011d, 0x2705e04a, 0x23061415, 0x013d2622, 0x3a080482, 0xbcfe5504, 
    0x81dad6fe, 0x2a01d981, 0x2c014401, 0xda8182d9, 0x0c01adfd, 0x6767aff3, 0xf4fef3b0, 0x6766aff1, 0x222b08ae, 0x222129d7, 0x2a22d92a, 0x2ad9222a, 
    0xd7292122, 0x82552b22, 0x822b2032, 0xd92b2132, 0xfe213c82, 0x254682d5, 0x6717d9d5, 0x3b85f3af, 0x3b82af20, 0x02aff32b, 0xd82a2228, 0x232a2b22, 
    0x853483d8, 0x0029223e, 0x22c38e00, 0x9d00002d, 0x262221c3, 0x2120c183, 0x2320bd84, 0x522ab1a4, 0x282e2f27, 0x2d284c02, 0xa7a3262f, 0x27dc0129, 
    0x28282423, 0x8f272324, 0x9e42209b, 0x8337209b, 0x4d3f209b, 0x1f21069d, 0x064c4d01, 0x4a010f21, 0x2f2306ac, 0xa4060701, 0x1d702db0, 0xd5d5152a, 
    0x143a2a15, 0x1c15d9d6, 0xd6200c82, 0x1d250c82, 0xd5d6151e, 0x2fc0a312, 0x1c1e2ad8, 0x15d6d615, 0x15291e1c, 0x2915d7d6, 0xd7250d82, 0x1e1b17d5, 
    0x8f14832a, 0xa32e20d3, 0x013728d3, 0x16323336, 0xa5010714, 0x1f712dbf, 0xf5011f29, 0x2c1f201e, 0x1e0afe1f, 0xd42db2a3, 0x1e211f2b, 0x2b1eff01, 
    0x01fe1f3e, 0x20a38f1f, 0x29a39e29, 0x35262200, 0x16323634, 0x5e411415, 0xdd012624, 0xc88f8fc8, 0x2997a38f, 0x658e3601, 0x648d8d64, 0x82820065, 
    0x6b430020, 0x0029220b, 0x21959e34, 0x95832024, 0x95822020, 0x36320523, 0x06814735, 0xf72fa0a5, 0xb7b700ff, 0xfeb70001, 0x636345ca, 0xa363648a, 
    0xb6f130aa, 0xb6b67f81, 0x6429817f, 0x64644446, 0x82644644, 0x085b43b2, 0x0f00fa26, 0x53002000, 0x2521b191, 0x071f4432, 0x12141528, 0x26223704, 
    0xd750013f, 0x06c74206, 0x1f323329, 0x36262701, 0x420f1632, 0x172112cf, 0x14104216, 0x8633fe22, 0x080a3244, 0x2c01ae20, 0x012923b5, 0x1b13d009, 
    0xd92b2a1c, 0x1d2a2bd9, 0x09d01419, 0x25462901, 0x14ce0801, 0x14861d19, 0xce151824, 0xa1430108, 0x81da2309, 0x4944da81, 0x67182206, 0x084944ae, 
    0xfeb3863e, 0x29ebaed3, 0x0c88e323, 0x162a2129, 0x29197578, 0x830e2921, 0x282a23eb, 0x0d84eb25, 0x182c0c82, 0x2a167876, 0x880d2922, 0x002824e3, 
    0x2210b741, 0x413b002d, 0x25451105, 0x0c61440d, 0x0d8c0120, 0x2c24be41, 0x292a2458, 0x253e0225, 0xfd242a29, 0x410b89c2, 0x022b23c4, 0x22212375, 
    0x21222323, 0x87dbfe23, 0x08c28209, 0x00050029, 0x06f8ffc8, 0x00aa0579, 0x0012000b, 0x001f0019, 0x05000025, 0x34113522, 0x15200129, 0x01231411, 
    0x21112111, 0x82250622, 0x34112305, 0x06830126, 0x83251421, 0x32370813, 0x00ffc701, 0x00b303ff, 0xdefbffff, 0x70fe0102, 0x20043b36, 0x000271fe, 
    0x011bfc3b, 0x04fffd90, 0x0100fe91, 0xfc08718f, 0xfcfcba03, 0x04fc46fc, 0x0272feaf, 0x823a3a00, 0x388e2d15, 0x0270fb3a, 0x7272fe00, 0xfe8e0172, 
    0x00218683, 0x26878a03, 0x001d0013, 0x4d101300, 0x23240559, 0x13112221, 0x34206f82, 0x13240882, 0x35363221, 0x143b0b82, 0x03fbc816, 0xfcfbfbbb, 
    0x0490fb45, 0x55fc7391, 0xab037373, 0x6ffb3b38, 0x82ab043b, 0x4cfc218e, 0xb22b9883, 0x900170fe, 0x3a70fb70, 0x82900136, 0x823a209c, 0x26638ad6, 
    0x00170010, 0x8e21001c, 0x092334eb, 0x14012301, 0x06010917, 0x09352115, 0x21053501, 0x89010933, 0x4ffc2fe7, 0x01e3010b, 0xe0fb0be2, 0xfee20101, 
    0xe282011e, 0xe2011e2b, 0xaf03e0fb, 0xfe1efe0b, 0x21ea881d, 0x1c822105, 0xe2fbe227, 0xe2010408, 0x20058201, 0x221d820c, 0x83720c1e, 0x053b4333, 
    0x20097341, 0x0f6f4119, 0x32212526, 0x26341135, 0x0623ed82, 0x42141115, 0x32240624, 0x06141516, 0x0331878b, 0x363b71af, 0x3b3651fc, 0x8f654b02, 
    0x8f63658f, 0x087c888f, 0x0372912d, 0x3a3a38ac, 0x7254fc38, 0x658e5701, 0x638e8d64, 0x01008e65, 0xd1feb800, 0xd1065a01, 0x00000300, 0x11331113, 
    0xd1fea2b8, 0x83f80008, 0x0001268f, 0x0df40151, 0x09474cab, 0x5a0d5122, 0x8209474c, 0xa914211b, 0x14211b8a, 0x87521858, 0x028c2609, 0x04aa0313, 
    0x30538210, 0x1b000007, 0x33013301, 0x8c013313, 0xf7feb9e1, 0x250483f3, 0xfd011302, 0x038303fe, 0xa22a7f82, 0x47030000, 0x09003604, 0x82180000, 
    0x11310812, 0xfea502a2, 0xfecd0109, 0x90360433, 0xfe8caafe, 0x2b8f853c, 0x03e6ff6b, 0x005004ab, 0x0500002e, 0x7c07a76a, 0x35220a5b, 0x4618013e, 
    0x07230839, 0x7c1d010e, 0x4c080a5a, 0xe0b60d02, 0x07ab010b, 0x81666c8b, 0xa275695f, 0xaddb0198, 0x0109d6aa, 0x790b02a8, 0x5c785f5e, 0x97a97566, 
    0x8aa71ae0, 0x58490809, 0x3f014b5e, 0x23191752, 0xaf8c7997, 0x0a0a81a8, 0x01015544, 0x3d014a56, 0x251a164f, 0x9a01788e, 0x278c82b5, 0x03b80001, 
    0x057c010b, 0x08637019, 0xc417cf31, 0x020b0317, 0x0068fd98, 0x03ac0001, 0x8966016a, 0x15c1231b, 0x501815ba, 0x6c2a086b, 0x5e048cff, 0x11005104, 
    0xc5832300, 0x35110035, 0x00200010, 0x06141511, 0x27231707, 0x37322706, 0x18173327, 0x8307b84b, 0x025f08c2, 0xf2feeb65, 0xd2011001, 0x5b611001, 
    0x575bb090, 0x8d2f326a, 0xb16e55b0, 0xb0b19796, 0x0131011a, 0x04010204, 0xd0fe3001, 0x9802fcfe, 0x7bc149ed, 0xbd0e9421, 0x02d77172, 0xbfe1e1bf, 
    0x00e2bf02, 0xfe480003, 0x06fe07f6, 0x000b00ae, 0x003b0032, 0x37261300, 0x01173601, 0x06010716, 0x83321327, 0x37362a6b, 0x3435023e, 0x06222326, 
    0x05b64d07, 0x52013f21, 0x0620052e, 0x46064741, 0x69080650, 0xb1b3fb14, 0xb3b37702, 0xb2b57302, 0xb3b389fd, 0x272922a3, 0x2a342e2b, 0x8b67729c, 
    0x19270914, 0x31112024, 0x2b3e3343, 0x2135323e, 0x4e38384e, 0xb51e0238, 0xb27802b1, 0xb58dfdb5, 0xb288fdb1, 0x257d02b5, 0x301f061c, 0x4e2c1e1d, 
    0x4e716730, 0x1d12193a, 0x3c162322, 0x2f262c36, 0x394a232b, 0x35f94905, 0x36352726, 0x0084004c, 0xbe023a24, 0x09840100, 0x13000024, 0x0b8830e2, 
    0x58002b22, 0x0d220b88, 0x0b88fae1, 0xfddf1b22, 0x0d220b88, 0x0b88d0e1, 0x2de00922, 0x0e220b88, 0x0b88a5e1, 0x6be01922, 0x0e220b88, 0x0b8878e1, 
    0x89e00f21, 0xe10e2223, 0x20178a4b, 0x220b88d5, 0x8822e10a, 0xe00c220b, 0x240b86ff, 0x000b0001, 0x240b869c, 0x00070002, 0x240b86b8, 0x01290003, 
    0x240b8614, 0x01130004, 0x230b8666, 0x01100005, 0x06242f87, 0xd1011100, 0x07241786, 0x39022a00, 0x08240b86, 0x7a020a00, 0x09200b86, 0x9b200b82, 
    0x0a240b86, 0xbc020a00, 0x0b240b86, 0xf3021500, 0x0c240b86, 0x35031500, 0x0d240b86, 0x1f966949, 0x10240b86, 0xa1df0b00, 0x11300b86, 0xbddf0700, 
    0x01000300, 0x00000904, 0x0ce11400, 0x26220b88, 0x0b8808e2, 0x1b825620, 0x36222387, 0x1788c5df, 0xdee11a22, 0x12220b88, 0x0b8819e0, 0x5ae11c22, 
    0x32220b88, 0x0b8837e0, 0xb4e11a22, 0x1e220b88, 0x0b8885e0, 0xe5e01822, 0x1e220b88, 0x0b88b5e0, 0x87e11c22, 0x2d200b8a, 0x01240b86, 0x84001600, 
    0x02240b86, 0xa8000e00, 0x03240b86, 0xc0005200, 0x04240b86, 0x3e012600, 0x05240b86, 0x7a012000, 0x06240b86, 0xad012200, 0x07240b86, 0xe3015400, 
    0x08240b86, 0x64021400, 0x09200b86, 0x9b870b82, 0x0b820a20, 0x1786a620, 0x2a000b24, 0x0b86c702, 0x2a000c24, 0x0b860903, 0xd2920d24, 0x0b864b03, 
    0x16001024, 0x0b8689df, 0x0e001132, 0xa900addf, 0x32002000, 0x31003000, 0x2d003500, 0x32220984, 0x13823300, 0x70004122, 0x6c220182, 0x0b826500, 
    0x6e004926, 0x2e006300, 0x6c221584, 0x07826c00, 0x6900722a, 0x68006700, 0x73007400, 0x65200d84, 0x65240782, 0x76007200, 0x64202f82, 0x30082982, 
    0x3220a900, 0x2d353130, 0x33323032, 0x70704120, 0x4920656c, 0x202e636e, 0x206c6c41, 0x68676972, 0x72207374, 0x72657365, 0x2e646576, 0x00530000, 
    0x20458246, 0x203f8250, 0x2007826f, 0x20438254, 0x2e598278, 0x20465300, 0x206f7250, 0x74786554, 0x82520000, 0x00672215, 0x207d8275, 0x27278261, 
    0x67655200, 0x72616c75, 0x20203b97, 0x3b202f8e, 0x31225782, 0x99823900, 0x64003222, 0x6520e582, 0x1383ef82, 0x3220f983, 0x2d20ef82, 0x30200f82, 
    0x3920ff84, 0x77895282, 0x67862020, 0x31203b2a, 0x64322e39, 0x3b316532, 0x3226d882, 0x30312d33, 0x2a83322d, 0x7d8fb994, 0x5187c98b, 0x56000022, 
    0x7228d182, 0x69007300, 0x6e006f00, 0x00279f92, 0x73726556, 0x886e6f69, 0x41ec857a, 0x24410526, 0x8e2d2007, 0x276a82e8, 0x546f7250, 0x2d747865, 
    0x200a2241, 0x23608461, 0x00720046, 0x63200983, 0x73227282, 0x76826300, 0x09842020, 0x15822020, 0x74002022, 0x64201d84, 0x6d209482, 0x72220f82, 
    0x92826b00, 0x66006f22, 0x3f160a42, 0x6e615300, 0x61724620, 0x7369636e, 0x69206f63, 0x20612073, 0x64617274, 0x72616d65, 0x666f206b, 0x210af441, 
    0x4b420000, 0x42002013, 0x20c30915, 0xbf826820, 0x70007426, 0x2f003a00, 0x77210182, 0x20018300, 0x20c7822e, 0x06c44270, 0xef842e20, 0x1b826d20, 
    0x74680037, 0x2f3a7074, 0x7777772f, 0x7070612e, 0x632e656c, 0x002f6d6f, 0x2041c100, 0x26438254, 0x00730069, 0x82530020, 0x826e2079, 0x13714107, 
    0x6f004624, 0xad826e00, 0x28002022, 0x68260582, 0x20006500, 0x22411c20, 0x2321860c, 0x29001d20, 0x51854382, 0x69006c22, 0x6520c182, 0x73203982, 
    0x64203182, 0x74201782, 0x20224782, 0x05827900, 0x0d827520, 0x09826220, 0x458c2020, 0x2009b443, 0x885f8b28, 0x209f8355, 0x208b8463, 0x205b8273, 
    0x20558264, 0x20b58272, 0x088e4274, 0x8505fb41, 0x8272205f, 0x00612461, 0x82720067, 0x00652225, 0x8505826d, 0x208385c1, 0x82f78274, 0x660021c5, 
    0x6c224d82, 0x05826c00, 0x69007722, 0x6720a982, 0x6520a584, 0x6d223582, 0x0b827300, 0x13826120, 0xf584b985, 0x1b89fd82, 0x49876d85, 0xed8c4c20, 
    0x7b91d783, 0x97836d83, 0x64423387, 0x257f410b, 0x61203983, 0x20228582, 0xf9827700, 0x7020a183, 0x7320e184, 0x6521df86, 0x22ad8300, 0x82700075, 
    0x846e20d1, 0x20b785cb, 0x20e18464, 0x20e9846e, 0x87238261, 0x8bc38deb, 0x06d1418f, 0x822e0021, 0x00492245, 0x41058266, 0x20200557, 0x6f203d82, 
    0x6e200d82, 0x74205182, 0x200c6341, 0x20938220, 0x209b8269, 0x20778868, 0x20958273, 0x0c334120, 0x208d4f41, 0x20a9822c, 0x21c78264, 0xcd870020, 
    0x87007521, 0x053741b3, 0x24151141, 0x000a000a, 0x06c54259, 0x61006d24, 0x47827900, 0x202039a3, 0x6f245d82, 0x65006c00, 0x33830382, 0x22070f42, 
    0x82720063, 0x00612213, 0x08834274, 0x5d826d20, 0x6b006328, 0x75002d00, 0x35827000, 0x0f822020, 0x65886620, 0x09827220, 0xb3826920, 0x35827420, 
    0x66007222, 0x63208182, 0x73200982, 0x20086143, 0x200d8262, 0x43398220, 0x2b830777, 0x66207b85, 0x77206382, 0x6f832f82, 0x59822020, 0x57827220, 
    0x29826420, 0x16476320, 0x82752008, 0x886e2057, 0x826f2087, 0x0aa3430d, 0x84192021, 0x0069268b, 0x0053004f, 0x2085842c, 0x204d8250, 0x200f8864, 
    0x838b846d, 0x42b1831d, 0x762005eb, 0x0f831d84, 0xb1437020, 0x006e220a, 0x223f8267, 0x82790073, 0x82742051, 0x826d2017, 0x20518307, 0x20618461, 
    0x06ca4761, 0x63006922, 0x62225182, 0x21826c00, 0x2f822e20, 0xb7435420, 0x8272200a, 0x82672013, 0x436920bf, 0xe04706b7, 0x84202009, 0x826320bf, 
    0x00752235, 0x08194164, 0x8b05d141, 0x050b4425, 0x53827320, 0x77006f22, 0x4408b542, 0xfb440d93, 0x07454109, 0x2005ad41, 0x20758265, 0x20ab8220, 
    0x20818268, 0x21bb8674, 0xff830069, 0x71846720, 0x4f822c20, 0x2013c541, 0x22178272, 0x8474006f, 0x830b83c7, 0x8270209f, 0x826320af, 0x82692013, 
    0x866e204b, 0x8264204b, 0x82672013, 0x82742003, 0x826c20ff, 0x82612033, 0x0064226f, 0x8321822f, 0x00702235, 0x21e38472, 0x67830074, 0x2405c543, 
    0x00750073, 0x41578263, 0x732035e9, 0x99425982, 0x05f74109, 0x4109e741, 0x2e2219d7, 0x01820a00, 0x20079741, 0x83978267, 0x056449a9, 0x65007322, 
    0x2021d582, 0x05e74200, 0x9b847420, 0x83054541, 0x0525460b, 0x430f3745, 0x70200d8f, 0x72224182, 0xeb826d00, 0x81447420, 0x8274200a, 0x052b42ab, 
    0x64006e22, 0xef45178a, 0x09d14309, 0x69242b87, 0x73006e00, 0x61228d82, 0x01826c00, 0x75203d83, 0x65200f82, 0x6f203d82, 0x2020b382, 0x75200382, 
    0x20202182, 0x42069941, 0xc1451703, 0x0070220f, 0x20398275, 0x448f8270, 0x89410537, 0x9fcf4305, 0xe9826120, 0xc3457920, 0x006e2206, 0x0c83472d, 
    0x43006f21, 0xd7431da5, 0x826f2009, 0x82652041, 0x00612149, 0x83059f43, 0x42742019, 0x8b4406d7, 0x05cf4109, 0x6f007324, 0x2f822e00, 0x450f3545, 
    0x65220777, 0x45826d00, 0x4705bd46, 0x8543131d, 0x83c1870f, 0x13d34457, 0x47058742, 0xdf4105c3, 0x0b734305, 0x44007021, 0x99830df7, 0x78004526, 
    0x65006300, 0x7420fd82, 0x6121a782, 0x20c18300, 0x83138265, 0x8265202b, 0x0073240d, 0x8279006c, 0x243b8519, 0x00690076, 0x202d8264, 0x42118264, 
    0x68200713, 0x72200f82, 0x69240382, 0x2c006e00, 0x460a9542, 0x63460721, 0x0020212b, 0x4207b742, 0x6520094b, 0x75835584, 0x65827620, 0x6f006c22, 
    0x6783ab82, 0x8b826420, 0x0b827320, 0x46006c21, 0xef8f0589, 0x1f847720, 0x91826520, 0x74222985, 0x11827200, 0x75006222, 0x15836382, 0x20074b41, 
    0x20518264, 0x20158263, 0x064b486d, 0x20058f46, 0x20cd866f, 0x22358261, 0x82770074, 0x00722223, 0x2089846b, 0x22278277, 0x82730062, 0x8274204b, 
    0x00202209, 0x201b8263, 0x4953846e, 0x87850569, 0x7f415d87, 0x4645870b, 0x4b440f81, 0x0f234205, 0x20235947, 0x20dd823a, 0x20898228, 0x20078229, 
    0x41b1826f, 0xad4305ab, 0x8273201d, 0x8264202b, 0x827320b9, 0x051141b9, 0x44057f42, 0xc3481fa1, 0x0fc1440f, 0x754a4120, 0x49898f12, 0x3b202ff9, 
    0x21080146, 0xe7830020, 0x8d006921, 0x496920e9, 0x61210ca1, 0x05df4700, 0x35826120, 0x2405844e, 0x00730069, 0x069f4274, 0x1f4d6420, 0x8244200e, 
    0x09514217, 0x3b826520, 0x20055346, 0x08074372, 0x4209bb41, 0x1b43094b, 0x223d8315, 0x8269006d, 0x4374206b, 0xe54b061d, 0x055f4111, 0x67827720, 
    0x0d832783, 0x41006721, 0xc7450df9, 0x09f14a0b, 0x6f007924, 0x93827500, 0x68007326, 0x6c006100, 0xb7490182, 0x05734211, 0x63205383, 0x72222d82, 
    0x05847000, 0xfb846120, 0x2609db45, 0x00790053, 0x8262006d, 0x006c221b, 0x08014673, 0x20095344, 0x461b8275, 0x6e20052b, 0x69203982, 0x79206d86, 
    0xe9422988, 0x82662005, 0x8273208d, 0x006e22eb, 0x838b8267, 0x8273201d, 0x826d200d, 0x826c2003, 0x05a34931, 0x48090f48, 0x74200593, 0x20207382, 
    0x70201d82, 0x11839982, 0x73224985, 0x5b822c00, 0x1b826c20, 0x03826720, 0x3d839189, 0x43006b21, 0x89410ba3, 0x15fd4e09, 0x2009d346, 0x0acf4866, 
    0x2e20ef8d, 0xdf461982, 0x8272200d, 0x82732063, 0x00722203, 0x202d4976, 0x76202b83, 0x6522e382, 0x93427700, 0x05094a08, 0x0f826e20, 0x74006923, 
    0x20bf8300, 0x20c78273, 0x22b9846c, 0x82690064, 0x00632111, 0x74203783, 0x4f440b82, 0x220f8307, 0x82750071, 0x05ab4211, 0x31826d20, 0x66202b83, 
    0x63201182, 0x490ed54d, 0x47850527, 0x74203f83, 0x6e202382, 0x61243b82, 0x63006e00, 0x6f216584, 0x091d4b00, 0x49822020, 0xcf410d83, 0x4bfd8b07, 
    0x76201115, 0x6c209384, 0x3d41718e, 0x8266200b, 0x116b4a4f, 0xd5826520, 0xd5827420, 0x81826920, 0x43847420, 0x8307b949, 0x17954877, 0x2005ff41, 
    0x26378270, 0x006d006f, 0x42740070, 0x63200639, 0x0f836382, 0x2005b744, 0x244f8277, 0x00680074, 0x21958220, 0x5942006e, 0x49752005, 0x374106db, 
    0x437f8507, 0x72200b37, 0x41081f4c, 0x63220701, 0x69826500, 0x45827420, 0x20057343, 0x0ef74273, 0x200b4943, 0x20898261, 0x22858273, 0x82620020, 
    0x82202035, 0x827520dd, 0x826a2009, 0x8263200b, 0x822020a5, 0x8c6f2003, 0x8470208f, 0x00692119, 0x4105af41, 0x20200757, 0x19416f82, 0x0b1d4e15, 
    0x85056f42, 0x42742041, 0x214208a7, 0x42658505, 0x3d4a0543, 0x46622011, 0x772206f9, 0x774a3a00, 0x13c74f0c, 0x8747ed8f, 0x42e7850f, 0xff450b77, 
    0x00612405, 0x8264006e, 0x462f8795, 0x574d094f, 0x05cd410f, 0x6620b783, 0x72209782, 0x45087f4d, 0x2f4d08dd, 0x00412206, 0x48018263, 0x69260545, 
    0x69006200, 0x03826c00, 0x4e007421, 0x65260503, 0x74006100, 0x39417500, 0x20d78306, 0x97118209, 0x000a2131, 0x2e201d9b, 0x61205d82, 0x6720bd82, 
    0x2e208f82, 0x72204582, 0x6f245582, 0x2e007700, 0x70205f82, 0xfd4c0582, 0x20479f09, 0x21a58466, 0x2783006c, 0x6f007622, 0x63200d82, 0x6f225382, 
    0xe9847600, 0x410bf34b, 0x69259f7b, 0x50007200, 0x051d4900, 0x83075d41, 0x86702013, 0x00612413, 0x82640075, 0x846f20df, 0x826120eb, 0x49722009, 
    0x1b89084d, 0x240d5941, 0x00780065, 0x203f8463, 0x0a39446d, 0x72220b83, 0x479e6b00, 0x61846320, 0x65203d83, 0x2e2129aa, 0x0b914100, 0x8d4aa58d, 
    0x89c19307, 0x8bc1bd1b, 0x97c19d47, 0x21c18b29, 0xc94f000a, 0x0f81530b, 0x428bb943, 0x6f25053d, 0x73006400, 0x0d3d4200, 0x2e2c1383, 0x65006700, 
    0x33006e00, 0x6c002e00, 0x66220982, 0xd3417400, 0x43238f0c, 0x5d830f7f, 0x85007021, 0x993f9925, 0x90732035, 0x8273206d, 0x00632689, 0x00610068, 
    0x209b8272, 0x229b8269, 0x82630067, 0x8273200d, 0x05f3439d, 0x2b9b7389, 0x41156f42, 0x2e200507, 0x61955182, 0x77002e23, 0x215f8300, 0xcd830065, 
    0xad007321, 0x9d3d919f, 0x077b4185, 0x9741d793, 0x170d4109, 0x47c76d91, 0x26c1e942, 0x00500020, 0x426f0072, 0x702012f1, 0xed421784, 0x421f8719, 
    0x23851bb3, 0x85116d41, 0x3d5d4217, 0x634243b1, 0x224db31b, 0x46610072, 0x7720064f, 0x76240982, 0x73006500, 0x200a1d44, 0x2013822e, 0x211f826e, 
    0x2141002e, 0x2b094121, 0x77af4f83, 0x24c3a742, 0x0061004d, 0x12a74278, 0x6d007322, 0xa9481984, 0x006f28b1, 0x00740072, 0x52450020, 0x7b460c7d, 
    0x2123830f, 0x854f002e, 0xbdeb400d, 0xf7827420, 0x6d006522, 0xeb99d382, 0x3d442389, 0x090d410d, 0x2e262189, 0x6f007400, 0xaf4a7700, 0x005424b4, 
    0x42670061, 0x74200cd5, 0xf5891184, 0xbb440f85, 0x44198713, 0x66261587, 0x72006f00, 0x4d827700, 0x64007222, 0xab0a3d48, 0x8975bf35, 0x822e203f, 
    0x0074218b, 0x2205654c, 0x84690061, 0x44f9830d, 0xbd8d17cd, 0x4f4a3d89, 0x007026a9, 0x00200070, 0x20f38243, 0x4a098269, 0x17830953, 0x15866320, 
    0x2599c743, 0x00690053, 0xe9510067, 0x50058305, 0xf34e09a9, 0x08b54208, 0x5209c760, 0xd74007d9, 0x24bd8999, 0x00500020, 0x20e18265, 0x20e98263, 
    0x20cb906c, 0x431b8a70, 0xe587058b, 0x2e24198b, 0x64006100, 0x70220382, 0x2f827400, 0x2e007228, 0x73007500, 0x07826200, 0x71436320, 0x4335af06, 
    0x3f970f71, 0x20055948, 0x08d15673, 0x6c006222, 0x9508f74b, 0x05274b33, 0x979c3120, 0x32202385, 0x7424239c, 0x70006900, 0x41ac9351, 0x5320070f, 
    0x2e062d41, 0x00740070, 0x006c0020, 0x006e0061, 0x82750067, 0x46672007, 0x2d870a8b, 0x83075b41, 0x0d01422d, 0x5949198b, 0x22f582ac, 0x42560054, 
    0x742210eb, 0xf1417600, 0x4211830e, 0x1b831789, 0x65007228, 0x6f006d00, 0x07827400, 0x4207194f, 0x27990f59, 0x8f4259af, 0x2159970f, 0x59af0032, 
    0xf7923320, 0x3320db93, 0x342059b0, 0x342059a6, 0x6824598e, 0x66006900, 0x73280382, 0x65007000, 0x6b006100, 0x21065744, 0xf1430061, 0x82612005, 
    0x00702217, 0x4115826c, 0x31ad07b5, 0xb70d2141, 0x098f473b, 0xaf000921, 0x00722143, 0x47050748, 0x0025a0c9, 0x00570020, 0x20ad8261, 0x4ae38263, 
    0x1d4407a9, 0x88772007, 0x0d1b4419, 0xff4d1789, 0x00612109, 0x48099d55, 0x3bbb0dd7, 0x910d5149, 0x522e2097, 0x2e25080d, 0x6e006900, 0x05a36100, 
    0x2009ff41, 0x08154a65, 0x534a3b93, 0x006c2715, 0x00660065, 0xdb4e0074, 0x674b9319, 0x094f07c3, 0x222d9511, 0x8261006c, 0x436820ad, 0x59410e41, 
    0x650b890b, 0x49410713, 0x09674105, 0x83070767, 0x836591a9, 0x0063222d, 0x24cd8268, 0x006b0063, 0x206f826d, 0x99078272, 0x1d05562b, 0x6c233799, 
    0x83006f00, 0x6121a361, 0x6e21058f, 0x222b9900, 0x826c0070, 0x487420a9, 0x6220086b, 0x0d835d82, 0xc1826f20, 0x03423595, 0x8ff18309, 0x0767563f, 
    0x64006522, 0x4dcd7582, 0x9b827420, 0xcb967020, 0x39a9959d, 0x41110542, 0x75442105, 0x087967a0, 0x61005024, 0xab476400, 0x0073260c, 0x0069002e, 
    0x44178470, 0x158b0939, 0x6c002e22, 0x6e201d82, 0x73223782, 0x09826300, 0x134a7020, 0x87358b06, 0x0d25580b, 0x21051b42, 0x57830079, 0x334a2189, 
    0xab15910b, 0x48999f41, 0x29930945, 0x2b4869a9, 0x21ab8f05, 0x41ab0032, 0x17418193, 0x41558313, 0x69a3116f, 0x5f8d3591, 0x55a31f91, 0x69007326, 
    0x65007a00, 0x67068b57, 0x622205c9, 0x01826f00, 0xb1456b20, 0x090b420a, 0x20ab0b43, 0x20c58268, 0x0ea54b6e, 0x8707f942, 0x1113431b, 0x3d411987, 
    0x58752011, 0x702208b1, 0x0b827000, 0x89055943, 0x1181412f, 0x2d915d9b, 0x200b9d47, 0x8b618269, 0x480f8ba3, 0x67471525, 0x0b434811, 0x8d0d4f56, 
    0x0062214d, 0x4309155e, 0xdd890fd3, 0x8d0fd75b, 0x4a1d8b43, 0x278d0d2f, 0x890f1d44, 0x4119875f, 0x61211177, 0x09634400, 0x999d2f93, 0xa3af5789, 
    0x931bd343, 0x35ff4887, 0x52151f41, 0xe54117e3, 0x09d94111, 0x41002e21, 0xa9b12709, 0xe1415b8d, 0x002e2323, 0x95490073, 0x89e7970b, 0x44638d25, 
    0x694107dd, 0xa1339713, 0x09eb4597, 0xef45578f, 0x412f931f, 0x5783236f, 0x462d7942, 0x0f411523, 0x412d8317, 0x4dcd31cf, 0xb525b941, 0x415b8da9, 
    0x794223e1, 0x428b8323, 0x1b411745, 0xa133971b, 0x05375097, 0x20130543, 0x1e694833, 0x830f7942, 0x2379422f, 0xa3a3278f, 0x832bf344, 0x4979425f, 
    0x1d424db5, 0x17b9410d, 0x3d415bc3, 0x21f34425, 0x45428b83, 0x97bf9b17, 0x48979b33, 0x61911163, 0xb143c141, 0x1fb74143, 0x154151bf, 0x0df34a1b, 
    0x410d9143, 0x81411bbf, 0x11534117, 0x958d2997, 0x491b6d4b, 0x714b09fb, 0x004128a7, 0x004b0052, 0x4e740069, 0x7222087f, 0x0f846b00, 0x8705054b, 
    0x0ddf490d, 0x49517820, 0xa2ff5908, 0x2a08674f, 0x006c0043, 0x0075006f, 0x7e200064, 0x69220828, 0x6b4c6300, 0x0955520a, 0x2b846320, 0x6b006326, 
    0x69007700, 0x2e202d84, 0x15850782, 0x4f537520, 0x422fa908, 0xe34b0d43, 0x8463200b, 0x516e2093, 0x77b106eb, 0x3da7d183, 0x74228599, 0xdf827200, 
    0x6e006124, 0xf9826700, 0x2e006523, 0x0f014900, 0x61007022, 0x6820a382, 0x69211982, 0x19074100, 0x998d47b7, 0x6f006222, 0x74208582, 0x68206b82, 
    0x99830982, 0x07827a20, 0x7f826e20, 0x17826120, 0xab118941, 0x54698d2f, 0xdf8f131b, 0x518d239f, 0x8f1f4154, 0x8d2fab5d, 0x8b498f69, 0x156d4e0f, 
    0x44072b55, 0xc54105fb, 0x992d9d09, 0x22379575, 0x52700075, 0x619f065d, 0x5d9b2983, 0x8b112f49, 0x1b9f4b51, 0x656b278b, 0x0d23410b, 0x8b0f3746, 
    0x9b1b8935, 0x007328a1, 0x00750071, 0x53720061, 0x438d087f, 0x458d1d89, 0x2f826b20, 0x4b437920, 0x8d179312, 0x006c2639, 0x006e0069, 0x953b926b, 
    0x563d8f19, 0x3d4207a7, 0x09c1560f, 0x410d2341, 0x47780b3d, 0x00732205, 0x4381826f, 0x1d991185, 0x3d46838d, 0x97439109, 0xac7d5d1b, 0x2c067146, 
    0x00610046, 0x00650063, 0x00690054, 0x2007826d, 0x220f8220, 0x47700070, 0x72270a69, 0x77006f00, 0x58002e00, 0x295009c3, 0x0f016e09, 0x9313f158, 
    0x0d6b412d, 0x430b6946, 0x7950056d, 0x9b63990b, 0x22618d2b, 0x82750071, 0x7c7320db, 0x635908eb, 0xa35d8d09, 0x002e2127, 0x0a23af83, 0xa5000900, 
    0x0b9b422d, 0x698931ad, 0x5b6fa58d, 0x11034617, 0x22054571, 0x82640069, 0x4e6f20fd, 0x65220e0b, 0x0d646c00, 0x54692008, 0x5997067f, 0x29827020, 
    0x9707a354, 0x00772423, 0x82760061, 0x05535c67, 0x9b006d21, 0x412b8f7b, 0x618d0dad, 0x62007522, 0x4f620182, 0xa51b9707, 0x15016641, 0x1d5e5399, 
    0x82092007, 0x094541d9, 0x700ff145, 0x418d2379, 0x890de572, 0x4a178759, 0xd7410dc9, 0x41379521, 0x35951fe1, 0x4617eb41, 0xf38b0d87, 0x4217934c, 
    0x27970f01, 0x4619bb41, 0x7d8d17df, 0x970ddd46, 0xb39d451b, 0x65004d24, 0x01827300, 0x67006122, 0x9d450984, 0x8c6d2023, 0x19895e33, 0x8341278d, 
    0x1191450d, 0x558f2d8d, 0x8d058945, 0x42518d23, 0x2e2111c3, 0x5f2f8d00, 0x258d1705, 0xe142558d, 0x9f53930f, 0x8d518d23, 0x8d93836d, 0x0b994311, 
    0x87501d9d, 0x8d499911, 0x44919b2b, 0x69230f19, 0x75007200, 0xdb4405d3, 0x4473a915, 0x339b09eb, 0xa30bb944, 0x0b795a27, 0xfd5f2fa3, 0x8d65af05, 
    0xa573a735, 0x0fab46f1, 0x8f1ff541, 0x1dcd412f, 0x410f4b46, 0x3f4c0f23, 0x4b298f19, 0x6c250d03, 0x73007500, 0x130f4300, 0x8f07df45, 0xa31f451b, 
    0x65004226, 0x74006100, 0x2020d982, 0x72200984, 0x6c0acb5c, 0x622007d3, 0x2e202388, 0x0b522392, 0x22db8b99, 0x82690046, 0x0d0d75e5, 0x6620d78b, 
    0xcf741f84, 0x751b9709, 0x25990d2f, 0x41096f4b, 0x2020b31f, 0x67085b66, 0xe7990517, 0x23179377, 0x0009000a, 0x314335b1, 0x006826af, 0x00610065, 
    0x1e334364, 0x15422593, 0x735020a5, 0xcb410877, 0x11114209, 0x25927020, 0x930fff41, 0x194b4323, 0x53432d95, 0x133d41af, 0x07503320, 0x094f4106, 
    0x93002e21, 0x05815ced, 0x434125a1, 0x1833202d, 0x580e3940, 0xb94597af, 0x1345410b, 0x4119c745, 0xd545134b, 0x41299915, 0x277b2d53, 0xbf574113, 
    0x411bff45, 0x0d461b37, 0x4643b327, 0x5322af1b, 0x42187400, 0x2022088f, 0x0b844200, 0x20135149, 0x20278a73, 0x42258462, 0x2b93197f, 0x440d2d66, 
    0x2d910b31, 0xd7737320, 0x0bf3439a, 0x42153b41, 0xeb931b95, 0x4619757d, 0x3dad0f9d, 0x22c58942, 0x54500020, 0xd1470683, 0x130f4111, 0x420bc552, 
    0x114d1f65, 0x0b431809, 0x4735a90b, 0xaf42afe9, 0x07614117, 0x412fb942, 0x5145093f, 0x1bb14127, 0x42190743, 0x4918a3c9, 0x42260f83, 0x6e006f00, 
    0x05826a00, 0x72007524, 0x0b822000, 0x74006522, 0x08cf5018, 0x0f826920, 0x20076f7d, 0x4b298c62, 0xe18f9971, 0x65004426, 0x6b007300, 0x5622db82, 
    0x0b826900, 0x334a7720, 0x86642006, 0x86762017, 0x000a2315, 0x138f0009, 0x20b3d141, 0x21571844, 0x0043210e, 0x2005215b, 0x22f7886e, 0x18670069, 
    0x20084157, 0x181d8863, 0x610d174b, 0x1f411143, 0x523bb505, 0x57180d63, 0x81990dc3, 0xab1d9561, 0xa7499d8f, 0x1547619d, 0x5e0d8762, 0x77200701, 
    0x9d06f162, 0xcb51b3a5, 0x1d1741ad, 0x5f9dbbc1, 0x5618c9bd, 0xa7b30981, 0x85a73d89, 0x59956fa7, 0x4597c34c, 0x45280f2d, 0x72006100, 0x6f005000, 
    0x0ad94b18, 0x13846520, 0x13867020, 0x60a9f945, 0x2029073b, 0x44004900, 0x66002000, 0x53501800, 0x05a7490b, 0x5f606620, 0x82692006, 0xa2d940ef, 
    0x1806c546, 0x18096a64, 0x200b8f4a, 0x28df8468, 0x002e0064, 0x00720070, 0x22ef826f, 0x186c0069, 0x7b10f150, 0x7d640d53, 0x00762309, 0x57870069, 
    0xa709e34f, 0x15c56415, 0x6f5d6b8d, 0xa3658d07, 0x0da34339, 0x755a9391, 0x1d0d660d, 0x0b748597, 0xad419d0b, 0x0b57748d, 0x2b87b99f, 0x975961a1, 
    0x5959930f, 0x2d93199b, 0x410ff35f, 0x5f5f0fa5, 0x5c219911, 0x71410d2f, 0x296f5f17, 0xb789699b, 0x26a76345, 0x006f0048, 0x4565006d, 0x87440665, 
    0x17401805, 0x8668201f, 0x82702033, 0x00642307, 0x4018000a, 0x318d2149, 0x8d0d5142, 0x854d851b, 0x215f8593, 0x2d74002e, 0x6a278d05, 0x6f4105cf, 
    0x8d838309, 0xbf8b4135, 0x6d002026, 0x6e006900, 0x95410382, 0x413b8733, 0x3987319d, 0x8d1ba541, 0x0b77415d, 0xb5413d89, 0xa31d8b13, 0xb3f34c5f, 
    0x20075143, 0x0a856f4b, 0x6f07bb42, 0x1d440789, 0x7e2020b5, 0x5c1806a1, 0x46180d99, 0xa1430997, 0xf944180f, 0x0dab431b, 0x21422995, 0x0ba9471b, 
    0x18007021, 0x61095745, 0x99a515d9, 0xb1ab4c18, 0x410dbd45, 0x178f099f, 0x410f4944, 0x2541157d, 0x19e3430d, 0x95097b41, 0xbbb54331, 0x6f005025, 
    0x45006400, 0xf342097b, 0x09df442d, 0x4615d142, 0x319f11dd, 0xa91b0343, 0xf547183b, 0x15af450d, 0x1343b195, 0x006927b1, 0x00610050, 0xb9410064, 
    0x18118309, 0x180d8540, 0x87096542, 0x13e97ff5, 0xeb424583, 0x19a17609, 0x41a7cd45, 0x63240919, 0x73006100, 0x41082775, 0x5a18090d, 0xd3400985, 
    0x05c941b1, 0x41002021, 0x9d570bed, 0x41e9910f, 0x094117df, 0x07e542b5, 0xbf7cf793, 0xbfdb4009, 0x6d00532c, 0x72006100, 0x20007400, 0x49184200, 
    0x79200a57, 0x43200f82, 0x8910d942, 0x887320f7, 0x8c622037, 0x070f4135, 0x09c94618, 0x87134b7a, 0x203b9d73, 0x9a875d32, 0x200f5f53, 0x0cf54d69, 
    0x4d006921, 0x7952056f, 0x08017aa2, 0x2607ad47, 0x00680073, 0x82660075, 0x446c2001, 0x6f230cd5, 0x8d006400, 0x11e3411b, 0x42182399, 0x239909a5, 
    0x094f4018, 0x34202399, 0x27b21342, 0x00740020, 0x0075006f, 0x09414f18, 0x89071f42, 0x07254317, 0x1589f983, 0x1bbb4018, 0x7551298f, 0xa9754209, 
    0x69004c2f, 0x65007600, 0x50002000, 0x6f006800, 0x20f98300, 0x16d15573, 0x2b866c20, 0x29887020, 0x09000a23, 0x54159100, 0x61220d33, 0x55847500, 
    0x61006d22, 0x69230782, 0x97006300, 0x0bcf5335, 0x5f415593, 0x824d20b3, 0x006324f5, 0x826f0042, 0x5c6b2001, 0xa37f0627, 0x05556e0d, 0x63006123, 
    0x234b1800, 0xd1481809, 0x432d8d0b, 0x994507f1, 0x165357a4, 0x4109cb4a, 0x4557211d, 0xa7d7491d, 0x0353e785, 0x05d9410f, 0x8d0b994e, 0xb3794e11, 
    0x3d59e987, 0x58d5850b, 0xb14605f9, 0x4e19950d, 0x23930d25, 0x9505cb46, 0x463da119, 0x3d9305e5, 0x0f5f5718, 0x6e182397, 0x722009bb, 0x41aa0d47, 
    0x0564079b, 0x058d550b, 0x9b63e785, 0x0995440b, 0x9142158b, 0x00672cb7, 0x00630069, 0x004d0020, 0x4e75006f, 0xf7830a2b, 0x6d201b85, 0xf9871988, 
    0xfb40178f, 0x005326b9, 0x00660061, 0x125f4c65, 0x19825020, 0x46006321, 0x67220b97, 0x2d867300, 0x2205c547, 0x82740074, 0x00722439, 0x86700079, 
    0x091f412b, 0x3141299f, 0x824f20b3, 0x427420e7, 0xdb5e062d, 0x886f2019, 0x05dd5e25, 0x8d000921, 0xb3f94011, 0x61004d28, 0x6b007200, 0xdb827500, 
    0x1815d15f, 0x220d7160, 0x82690074, 0x000a2229, 0x18058209, 0x2109bf60, 0x1785002e, 0x63002e22, 0x6f204d82, 0xb15c1b82, 0x97479311, 0x0f4b4a2f, 
    0x1bc15a18, 0x4d4657d3, 0x2561b90d, 0x0069006d, 0x497f006e, 0xc747c307, 0x0b2f6b99, 0x096a97b9, 0x0d8d7809, 0x43291942, 0x732ca333, 0x61006800, 
    0x69007200, 0x67006e00, 0x089d7718, 0x73007522, 0x61201188, 0x082f7818, 0x65007224, 0x0d826400, 0x31827020, 0x21827320, 0x6f007722, 0x11833982, 
    0x20210783, 0x20178700, 0x2027826b, 0x06194c79, 0x0da34418, 0x0f3d5218, 0x71432985, 0x82722007, 0x826f2053, 0x053b5e87, 0x850b6361, 0xa34f4127, 
    0x82186320, 0x1b411087, 0x00732405, 0x82670069, 0x076741db, 0x20200783, 0x0aed8318, 0x57416120, 0x193f410a, 0x41111341, 0x2391113b, 0x26a33741, 
    0x006f0053, 0x5279006e, 0x502a0639, 0x61006c00, 0x53007900, 0x74187400, 0xd9490a1b, 0x07534f05, 0x1b8c7320, 0x31822e20, 0x67006f22, 0xa9504582, 
    0x05c548a9, 0x23057d43, 0x00620020, 0x4b057b6b, 0xeb850589, 0x85058f48, 0x000a2221, 0x06c94809, 0xd5410f85, 0x0fd154a3, 0x6d445320, 0x05474406, 
    0x79185720, 0x7e1808a3, 0x756707af, 0x07a14413, 0x2005177f, 0x27338677, 0x0079002e, 0x0075006f, 0x44051541, 0x219505c3, 0x9d11ad47, 0x462f8d51, 
    0x399f0d93, 0x41b3cf51, 0x77180993, 0xeb890de1, 0x910bc552, 0x47561815, 0xa7bf500d, 0x7a24f585, 0x6d006100, 0x8506a946, 0x441185d9, 0x09210b4d, 
    0x43199500, 0x7728b57f, 0x66006900, 0x20007400, 0x2606f769, 0x00720067, 0x646d0061, 0x672006cb, 0x18bd6918, 0x87007321, 0xab5f4539, 0x4420b387, 
    0x7420e382, 0x55450382, 0x20178707, 0x40178664, 0x5424a9d3, 0x6c006500, 0x74240382, 0x70007900, 0xd74c0782, 0x8e742015, 0x000a2325, 0x138f0009, 
    0x20058754, 0xdd711873, 0x45219f08, 0x51a10d17, 0x47452f8d, 0x6a8b910d, 0x219d0fa3, 0x20b37b43, 0x08af5954, 0x201b636e, 0x6e258874, 0x4d229d65, 
    0x0f4f6900, 0x82732006, 0x006622b1, 0x06b94974, 0x62005822, 0x78200f82, 0x20065345, 0x490d8678, 0x5820b39d, 0x08b35618, 0xcd886520, 0x44092555, 
    0xc78ba931, 0x52002028, 0x49004100, 0xd1924400, 0x72002e2f, 0x69006100, 0x00006400, 0x73696854, 0xea931820, 0x6f46300d, 0x2820746e, 0x20656874, 
    0x707041d2, 0x8320656c, 0x29d32210, 0x31288220, 0x6563696c, 0x6465736e, 0x206f7420, 0x20756f79, 0x94187962, 0x20210a06, 0x832f8528, 0x206e312a, 
    0x736e6f63, 0x72656469, 0x6f697461, 0x666f206e, 0x72282f83, 0x72676120, 0x656d6565, 0x41826082, 0x66316283, 0x6f6c6c6f, 0x676e6977, 0x72657420, 
    0x6120736d, 0x825c826e, 0x820d857a, 0x20248336, 0x2176854c, 0x3d884120, 0x726f6623, 0x85198320, 0x2cbf92a0, 0x74616874, 0x73617720, 0x65727020, 
    0x826f8273, 0x707521b3, 0x34838882, 0x776f6427, 0x616f6c6e, 0x86758364, 0x22e88961, 0x8449202e, 0x642026ab, 0x6f6e206f, 0x24b18574, 0x74697720, 
    0x21708368, 0xa7cd6573, 0x66872c20, 0x59837520, 0x888af782, 0x590a0a29, 0x6d20756f, 0x91207961, 0x7320301c, 0x6c656c6f, 0x6f662079, 0x72632072, 
    0x83746165, 0x6f6d28cb, 0x752d6b63, 0x82207370, 0x313282d4, 0x6e692072, 0x66726574, 0x73656361, 0x206f7420, 0x48836562, 0x15826420, 0x66333d82, 
    0x72617774, 0x72702065, 0x6375646f, 0x72207374, 0x836e6e75, 0x6e6f2143, 0x2b05d141, 0x692073d5, 0x202c534f, 0x64615069, 0x6d250783, 0x534f6361, 
    0x216d8220, 0x07837674, 0x72657022, 0x73387385, 0x65747379, 0x202c736d, 0x61207361, 0x696c7070, 0x6c626163, 0x54202e65, 0x9c82cb82, 0x6f676522, 
    0x72245583, 0x74686769, 0x63237882, 0x8364756c, 0x851c828c, 0x23968212, 0x776f6873, 0x220acb41, 0x836e6f46, 0x73202729, 0x65657263, 0x1d82206e, 
    0x5d827420, 0x616d6924, 0x07826567, 0x7230e289, 0x68746f20, 0x64207265, 0x63697065, 0x6e6f6974, 0x642b1d82, 0x74696769, 0x61206c61, 0x822f646e, 
    0x72702daa, 0x2c746e69, 0x20666f20, 0x68637573, 0x4c41f49a, 0x84fb8206, 0x22eb8cf3, 0x830a0a2e, 0x72672acb, 0x73746e61, 0x74657320, 0x21d68220, 
    0xcc826874, 0x6922b482, 0x9b422073, 0x062e4207, 0x7265702d, 0x2074696d, 0x20756f79, 0x832c6f74, 0x210b8489, 0xcd826761, 0x6f6e2023, 0x22158474, 
    0x82736e69, 0x2c6c26a6, 0x65737520, 0x22a88220, 0x416e7572, 0xe0420f01, 0x75702407, 0x836f7072, 0x41662025, 0x612250e7, 0x9182796e, 0x422d6e21, 
    0x6f200572, 0x830ed241, 0x6f742797, 0x616e6520, 0xa4826c62, 0x65687424, 0xbc827372, 0xe7822020, 0x2e6f7323, 0x079a4220, 0xd2826e20, 0x626d6524, 
    0xc08f6465, 0x826e6921, 0x417920fc, 0x67240c74, 0x736d6172, 0xb9415783, 0x077b4205, 0x45202e35, 0x70656378, 0x73612074, 0x70786520, 0x73736572, 
    0x8220796c, 0x6976221d, 0x23578264, 0x20726f66, 0x65257c82, 0x202c6e69, 0x06104379, 0x14437583, 0x6f742212, 0x0525412c, 0x202c6529, 0x65766564, 
    0x82706f6c, 0x73692508, 0x79616c70, 0x772e7788, 0x20657369, 0x74736964, 0x75626972, 0xa5846574, 0x636f642b, 0x6e656d75, 0x69746174, 0x2d66826f, 
    0x77747261, 0x2c6b726f, 0x62657720, 0x23826973, 0x6e6f6323, 0x831e8274, 0x6e612143, 0x74204a82, 0x20209082, 0x40432283, 0x432e2007, 0x3a271bac, 
    0x29692820, 0x436e6f20, 0x3c8206af, 0xd6412020, 0x82732006, 0x637321a6, 0xe7828882, 0x426e6921, 0x09450d50, 0x31fc4407, 0xd3823b20, 0x73826420, 
    0x69207487, 0x2105d044, 0xec827261, 0x65522023, 0x21fb8267, 0x71827265, 0x2005f841, 0x05284144, 0x2c726522, 0x7320de84, 0x23055743, 0x65736977, 
    0x250b8d41, 0x696d7265, 0x34827474, 0x8208f245, 0x727726af, 0x6e697469, 0x42fc8667, 0x742205e3, 0xfe426168, 0x68732505, 0x206c6c61, 0x2d07a941, 
    0x6920726f, 0x726f636e, 0x61726f70, 0xe9826574, 0x53206527, 0x6f626d79, 0x206f826c, 0x2aaf8272, 0x75732079, 0x61747362, 0x8269746e, 0x83792036, 
    0x6f63298a, 0x7375666e, 0x6c676e69, 0x69241c82, 0x616c696d, 0x6d244382, 0x73656761, 0x74274a82, 0x7061206f, 0x82692070, 0x2c732624, 0x676f6c20, 
    0x2248846f, 0x416b616d, 0x624205d1, 0xb09a1805, 0x43752009, 0x74210543, 0x21778868, 0xe944202e, 0xa79c1805, 0x84732007, 0x08964494, 0x76657225, 
    0x82776569, 0x2c642199, 0x202f6e82, 0x20737469, 0x656c6f73, 0x73696420, 0x42657263, 0x722f0527, 0x69757165, 0x6d206572, 0x6669646f, 0x46616369, 
    0x722005ea, 0x6f202384, 0x6e26c982, 0x636e6175, 0x8e452065, 0x22068305, 0x86796e61, 0x088a45f6, 0x6f697623, 0x0823476c, 0x20051147, 0x07354572, 
    0x74736523, 0x08dc4472, 0x646e6126, 0x756f7920, 0x82069046, 0x727029ff, 0x74706d6f, 0x6320796c, 0x06820782, 0x74697723, 0x06494168, 0x82686321, 
    0x757121d5, 0x9b413f82, 0x44722005, 0x662a0569, 0x72656320, 0x6e696174, 0x7b417320, 0x05a44106, 0x736c612f, 0x6562206f, 0x62757320, 0x7463656a, 
    0x835c8220, 0x707323a9, 0xd7836365, 0x72203c84, 0x0e478c8a, 0x82118205, 0x232d8220, 0x65726568, 0x1e453283, 0x6562250b, 0x3a776f6c, 0x47053b45, 
    0x768709e3, 0x79616d26, 0x746f6e20, 0x3b417383, 0x64652105, 0x6421b982, 0x21178320, 0xcb826e6f, 0x75208c82, 0x24066748, 0x65666572, 0x3a928372, 
    0x6c707041, 0x2073d565, 0x65636341, 0x62697373, 0x74696c69, 0x65662079, 0x82757461, 0x0a3a238a, 0x188b6109, 0x2e340e8e, 0x67646162, 0x72612e65, 
    0x2e776f72, 0x722e7075, 0x74686769, 0x662e238f, 0x0a6c6c69, 0x696f7609, 0x766f6563, 0xbdd57265, 0x50726925, 0x8379616c, 0x726922ae, 0x24098270, 
    0x69647561, 0x8a89826f, 0x2eac860d, 0x6c637865, 0x74616d61, 0x6d6e6f69, 0x8e6b7261, 0x69632523, 0x656c6372, 0x2e201494, 0x6120c885, 0x76235285, 
    0x89656469, 0x9e0d8460, 0x8e238560, 0x85148b60, 0x470a2060, 0xc04905e4, 0x45dc4107, 0x50726925, 0x4173646f, 0x6f2b061e, 0x65672e64, 0x6c2e336e, 
    0x85746665, 0x411187e9, 0xe28207bf, 0x1f8c1282, 0x73201a8c, 0x732c3687, 0x6168632e, 0x6e696772, 0x73616367, 0x82063641, 0x41158c68, 0x1a900a37, 
    0x72697726, 0x73656c65, 0x2e204f96, 0x428e1e87, 0x8189bd83, 0x868bcb84, 0x23a33688, 0x23607441, 0x6f725020, 0x22087841, 0x416f7270, 0x0f830c76, 
    0x820d5941, 0x82b68811, 0x0d49410b, 0x98102e41, 0x0d314121, 0x72292699, 0x6f696461, 0x65766177, 0x23978473, 0x646e612e, 0x2508c543, 0x6f707269, 
    0x3bb27364, 0x22615341, 0x4178614d, 0x73230853, 0x4478616d, 0x6f245854, 0x45207472, 0x87053e49, 0x74722270, 0x0650492e, 0x742475de, 0x656d6572, 
    0x1184758c, 0x84061e42, 0x23108486, 0x776f742e, 0x22595745, 0x85676154, 0x61742283, 0x827a8467, 0x095d4207, 0x43420c83, 0x6f66260a, 0x72617772, 
    0x91278864, 0x843a9f1a, 0x722e231f, 0x439b6c74, 0x27451e83, 0x70702754, 0x696c4320, 0xf1837370, 0x63707022, 0xe3410a82, 0x6953264c, 0x69206e67, 
    0x05e9476e, 0x70704124, 0x6885656c, 0x2e656c26, 0x6f676f6c, 0x5e846bcc, 0x65502026, 0x6c69636e, 0x70206587, 0x0a220d84, 0x7a836109, 0x2e2d0c85, 
    0x70616461, 0x2e726574, 0x2e627375, 0x201a9a63, 0x06fe462e, 0x6e2a3a8b, 0x63732e64, 0x62626972, 0x398d656c, 0x6e656723, 0x20119031, 0x22118d32, 
    0xd1706974, 0x73d521f0, 0x20057f4a, 0x29968253, 0x6c207470, 0x75676e61, 0x66416761, 0x21ad8308, 0x87867470, 0xac440c85, 0x54202256, 0x07754156, 
    0x86767421, 0x76742170, 0x280b4441, 0x65727674, 0x65746f6d, 0x0a2c412e, 0x2c97138c, 0x8b074741, 0x9732202c, 0x8833202c, 0x206d897b, 0x202c9733, 
    0x202c9234, 0x342c8634, 0x69666968, 0x61657073, 0x2e72656b, 0x2e646e61, 0x6c707061, 0x96da8365, 0x43369d18, 0x3f970ae6, 0x2554e443, 0x74615720, 
    0x99416863, 0x83772007, 0x84f3860c, 0x24d9850b, 0x776f7272, 0x09ca442e, 0x1d96e883, 0x8906a844, 0x61632921, 0x692e6573, 0x7465736e, 0x6521e184, 
    0x475d8c64, 0x43891b6d, 0x64697323, 0x08844765, 0x6c23168a, 0x8c687361, 0x2394844e, 0x65636166, 0xb3841582, 0x776f6423, 0x0598416e, 0x0a2a1a84, 
    0x65686309, 0x616d6b63, 0x158c6b72, 0x8c0e024b, 0x6f6c221b, 0x842c8d63, 0x706f2210, 0x2d588d65, 0x74616c70, 0x2e726574, 0x74746f62, 0x418a6d6f, 
    0x084a2e20, 0x251f8705, 0x6c6c6966, 0x26a76465, 0x706f7422, 0x1c944a99, 0x90080241, 0x531f4637, 0x61506923, 0x053b4264, 0x692e7324, 0xdc416170, 
    0x2b0a8505, 0x6e616c2e, 0x61637364, 0x090a6570, 0x05831a85, 0x2306124c, 0x79616c70, 0xec431685, 0x231b8406, 0x316e6567, 0x4c8f2095, 0x14893584, 
    0x32203494, 0x32206089, 0x55932095, 0x559b3220, 0x2a9bd28e, 0x7a697331, 0x090a7365, 0x6263616d, 0x2e6b6f6f, 0x41646e61, 0x85410520, 0x6f682255, 
    0x06d2456e, 0x66827320, 0x0a240d83, 0x70706109, 0xfe880c87, 0x92827520, 0xd08a178b, 0xce431694, 0x70692105, 0x07855185, 0x230a1244, 0x7466656c, 
    0xb84b0e8a, 0x4f268606, 0xe941050a, 0x20418307, 0x07eb4d2e, 0x0e852186, 0x47472e20, 0x45138605, 0x0c8a05fb, 0x840eba41, 0x8f248347, 0x91138a4c, 
    0x0de94151, 0x7f444389, 0x98828b1a, 0x9f849426, 0x209e922d, 0x05ca4473, 0x1284738b, 0x198b5f94, 0x32224b90, 0x4589090a, 0x870ff742, 0x923220f8, 
    0x91138757, 0x153c4151, 0x982e3221, 0x98828de7, 0x9f849426, 0x419e922d, 0x3221103c, 0x173c412e, 0x4b90198d, 0xb98b3320, 0x79423320, 0x92332016, 
    0x911387b7, 0x153c4151, 0x3c413320, 0x94269a25, 0x303c4184, 0x29413320, 0x41f68d05, 0x2c86173c, 0xea8d7986, 0x230c1945, 0x656e6f68, 0xad9fe0a2, 
    0x289f9588, 0x79458a8d, 0x06054306, 0x940d1c42, 0x124f43da, 0x830db645, 0x55994bcf, 0x694b522b, 0x090a3a74, 0x696b7261, 0x42068674, 0x78210675, 
    0xd414826d, 0x43692d74, 0x64756f6c, 0x72657320, 0x65636976, 0x722e7d84, 0x632e776f, 0x6b636f6c, 0x65736977, 0x0a82692e, 0x49647521, 0x178f0742, 
    0x54066c41, 0x632605e2, 0x746e756f, 0x238f7265, 0x1e953b88, 0x7428428c, 0x6e616972, 0x2e656c67, 0x23078044, 0x68746170, 0x239b838e, 0x622e4c86, 
    0x2e746c6f, 0x69726f68, 0x746e6f7a, 0x40886c61, 0x34861795, 0x87090d4a, 0x86118ff3, 0x0f204a28, 0x17952e87, 0x24873486, 0x27470785, 0x6f64250a, 
    0x090a6e77, 0x3a8c1694, 0x7521328a, 0x21309270, 0x2e8d7075, 0x24085e47, 0x756f6c63, 0x0ea74364, 0x6b471385, 0x200c8506, 0x06754673, 0x508d0d8a, 
    0x75717325, 0x88657261, 0x860e8579, 0x656b2222, 0x08644179, 0x1c860b89, 0x6e696c23, 0x8a1d886b, 0x211e870c, 0x1e8a636f, 0x1e860c89, 0x72657025, 
    0x886e6f73, 0x860e8c3f, 0x6d782322, 0x42897261, 0xbe4e0d8b, 0x73d52e56, 0x63614620, 0x6d695465, 0x70612065, 0x08364370, 0x776f6423, 0x0529546e, 
    0x00577620, 0x09784c06, 0x66656c24, 0x16842e74, 0x200cf142, 0x06175875, 0x2b431a85, 0x86158d07, 0x75712330, 0x98577365, 0x912e8707, 0x612e2413, 
    0x92090a72, 0x05ec4116, 0x34841896, 0x0a219c84, 0x0bad5709, 0x8d080143, 0x6c652716, 0x7370696c, 0x158d7369, 0x756c7022, 0x7727118e, 0x66657661, 
    0x8d6d726f, 0x86158727, 0x206f86d6, 0x05275175, 0x20920d8b, 0x8c0a194f, 0x74722229, 0x4264876c, 0x3c5807f8, 0x41da8611, 0x8a410509, 0x06644509, 
    0x2783eb90, 0xf08f1b86, 0xf58b1a8a, 0x85064343, 0x0d5e465a, 0xdd8c1391, 0x998b2c85, 0x87055f43, 0x0b6d43d4, 0x2753354c, 0x7373654d, 0x73656761, 
    0x2011ce42, 0x4f19856d, 0x13860c44, 0x8e0fc842, 0x7075222a, 0x41288d2e, 0x17870861, 0x8d0b824f, 0x0770412a, 0x118f2989, 0x73887c86, 0xb0410886, 
    0x090a2105, 0x1f490e8c, 0x8d159308, 0x453f8548, 0xf64c0b2e, 0x22399405, 0x8f6c7472, 0x05c24169, 0x13832d8d, 0xfe4f4593, 0x21329706, 0xed426465, 
    0x92518d0a, 0x096b4378, 0x6d432a8d, 0x431c870e, 0x0f8d0725, 0x850e0b41, 0x6c702399, 0x87417375, 0x450d8b09, 0x4232515e, 0x73746165, 0x72616520, 
    0x6e6f6870, 0x0a3a7365, 0x11836209, 0x11882e20, 0x854c0549, 0x6946226d, 0x06865a74, 0x66256b85, 0x72707469, 0x8579876f, 0x5b2e200d, 0x208b05ee, 
    0x43068452, 0x8f8c4b8d, 0x61632024, 0x00416573, 0x5c868608, 0x8e8c0d50, 0x230ce45b, 0x6c6c6966, 0x23522a41, 0x64616568, 0x890e9941, 0x246fd212, 
    0x65776f50, 0x41e58472, 0x70200808, 0xa1411288, 0x41118907, 0x168a0ca5, 0x41058b50, 0x9e8951a9, 0x9f923320, 0xa0913320, 0x8407565e, 0x892e20d2, 
    0x423320a1, 0xa289584c, 0x890ce342, 0x0aea427a, 0x4b41148c, 0x09935d16, 0x835b4e41, 0x0dff42ab, 0x06439b8d, 0x44219913, 0x532957a6, 0x69647574, 
    0x7542206f, 0x09a84464, 0x13847320, 0x64756222, 0x890c3f41, 0x058a4215, 0x8806d544, 0x43732016, 0x9d8a523b, 0x890d4a41, 0x0c3f5f75, 0x9607ad42, 
    0x6244411e, 0x6c502023, 0x12494175, 0x62497320, 0x05334305, 0x15839d89, 0x84156441, 0x58514330, 0x830b5741, 0x175c41b0, 0xa8429f84, 0x45c28e13, 
    0x41205db7, 0x3506c164, 0x6a6e6f42, 0x2072756f, 0x7774656e, 0x696b726f, 0x0a3a676e, 0x14856209, 0x874c7c42, 0x65442870, 0x56206b73, 0x82776569, 
    0x82642067, 0x8276200b, 0x090a210a, 0x4d420987, 0x6b778851, 0x43240690, 0x6e776f72, 0x0f857b83, 0x0e836320, 0x50068b65, 0x8f8208a1, 0xa3851d9a, 
    0xe16b0920, 0x50408c06, 0x47950eca, 0x4e93248e, 0x510aa350, 0x78510643, 0x99528e07, 0x8e56a528, 0x8e5da08b, 0x24649e2f, 0x73657270, 0x84539973, 
    0x9342931e, 0x462c8a37, 0x1e424b61, 0x61452107, 0x2507ec65, 0x70726165, 0x7945646f, 0x2665874d, 0x65636146, 0x68444920, 0x3a230729, 0x8266090a, 
    0x64692111, 0x26516943, 0x73695620, 0x476e6f69, 0x682a06dc, 0x2e646165, 0x666f7270, 0x78686c69, 0x06a95d07, 0x6e612e25, 0x84762e64, 0x211f822b, 
    0x0a93090a, 0x8813df5d, 0x4e1c9127, 0x808308c0, 0xe1675482, 0x5a428917, 0x27530505, 0x20ac820f, 0x57908a6c, 0x3b8f0c69, 0x616c7023, 0x4f779079, 
    0x898709f1, 0x890c4c5a, 0x4f698f43, 0x378708af, 0x930fb34f, 0x4f7e9017, 0xb1420abb, 0x6f482953, 0x6f50656d, 0x090a3a64, 0x200f0b60, 0x22198268, 
    0x98646f70, 0x89a98618, 0x212f8526, 0x3182322e, 0x238d0a87, 0x86599645, 0x6d2024c5, 0x99696e69, 0x981d83ca, 0x8d1c83ce, 0x852e86ae, 0x891e84cb, 
    0x910e85da, 0x57e2dd2f, 0x682005c2, 0x6b229182, 0xed437469, 0x73d52251, 0x07484120, 0x646e6122, 0x6305cc63, 0xe441054b, 0x0e7c6206, 0x8b051941, 
    0x0d104114, 0xa6501990, 0x844c9205, 0x5ade4218, 0xcf832020, 0x8a0f2442, 0x419286be, 0xbd840cf1, 0xda41188a, 0x6f50235d, 0x7e832064, 0x4124a984, 
    0x656c7070, 0x830c7941, 0x147d411a, 0x8141188f, 0x411d940d, 0x21900c85, 0x2554fa63, 0x692073d5, 0x126f6150, 0x50692105, 0x23064260, 0x64617069, 
    0x3f5bd384, 0x06436105, 0x8305be60, 0x06305c22, 0x84531642, 0x0601518c, 0x0b838684, 0x8e545043, 0x07ce4bf6, 0x00417488, 0x05be630a, 0x6823eed5, 
    0x89656e6f, 0xe00d837b, 0x6d532e6d, 0x20747261, 0x74746142, 0x20797265, 0x056e5243, 0x2105ea41, 0x1b83732e, 0x1a856220, 0x19826320, 0x84089a63, 
    0x201d9399, 0x569d4132, 0x3a646f27, 0x7069090a, 0x523c496f, 0x2073d52e, 0x646f5069, 0x75687320, 0x656c6666, 0x0d866786, 0x6f21f188, 0x20118a64, 
    0x8a8b8532, 0x90332011, 0x41342011, 0x20265809, 0x63756f74, 0x71853a68, 0x0a8a0b84, 0x210d5d60, 0x1f84646f, 0x2a5aa243, 0x6576694c, 0x6f685020, 
    0x4a736f74, 0x6c200ae8, 0x70201582, 0x0a211483, 0x490a8809, 0x612806d2, 0x6d6f7475, 0x63697461, 0x13641a8b, 0x242a8905, 0x73616c73, 0x54404168, 
    0x63614d27, 0x6b6f6f42, 0x0888653a, 0xea410888, 0x07e85f06, 0x6e656722, 0x4b52cc42, 0x20240aa9, 0x20646e61, 0xa24b8e90, 0x5366440e, 0x20207382, 
    0x82068149, 0x054c47ec, 0x3c470886, 0x71748359, 0x6a8205e6, 0x6f727022, 0x87096d41, 0x207b850c, 0x211e8909, 0x0c8b0a32, 0x33201e90, 0xaf6b1e8b, 
    0x243d8907, 0x65732e33, 0x574c7572, 0x0252cd83, 0x05484205, 0x8405cd51, 0x410a8590, 0x67285b48, 0x4d206369, 0x6573756f, 0x0d827b84, 0x0c836d20, 
    0x0b877c83, 0x53237ddc, 0x46656661, 0x5022082f, 0x4b436361, 0x73672105, 0x2e201682, 0x20062b46, 0x84158270, 0xd9148f8f, 0x704f2498, 0x4f636974, 
    0x6f200d6d, 0x69231283, 0x86090a64, 0x257cd908, 0x6b72614d, 0xff447075, 0x0638700a, 0x70697424, 0x0b89090a, 0x72632e24, 0x865c706f, 0x78179508, 
    0x606d0c2f, 0x612ba908, 0x6e240830, 0x2e6c6963, 0x748b8082, 0x6d245c86, 0x73756e69, 0x238b9897, 0x97554ca3, 0x83a09c05, 0x5a4a9d22, 0x732c50a9, 
    0x69726168, 0x6f20676e, 0x73752072, 0x61210883, 0x2a128320, 0x70206465, 0x77737361, 0x8364726f, 0x250b831a, 0x3a79656b, 0x5162090a, 0x071e6906, 
    0x13931482, 0x18514142, 0x82084341, 0x697323a8, 0xaa836e67, 0x2007fd72, 0x8cab8461, 0x053b519f, 0x11889d8b, 0x532b9bd1, 0xd5796e6f, 0x6c502073, 
    0x7e537961, 0x3a2305a1, 0x8270090a, 0x8573200d, 0x5690730d, 0x532d7282, 0x72616661, 0x72622069, 0x6573776f, 0x20758272, 0x21108473, 0x0785090a, 
    0x4120ead1, 0x2e062057, 0x72616853, 0x57206465, 0x20687469, 0x43756f59, 0x3d420ad1, 0x772e2105, 0x2e231982, 0x82756f79, 0x882a848a, 0x08d64310, 
    0x7365288e, 0x481c8f0d, 0xc98459e7, 0x8406f07b, 0x05624975, 0x124a0a88, 0x257a825a, 0x3a6d617a, 0x6c82090a, 0x26420882, 0x410c8b05, 0x772f5abf, 
    0x20746669, 0x676f7270, 0x6d6d6172, 0x74676e69, 0x73200bde, 0x544a1c83, 0x83532054, 0x61442359, 0xf4836174, 0x64200b83, 0x69d40b82, 0x6c655427, 
    0x70797465, 0x0a994265, 0x12867420, 0x87090a21, 0x612e2609, 0x6577736e, 0x42109072, 0x288e08a3, 0x880da342, 0x053f551c, 0x5055458a, 0x53984a0b, 
    0x756f5424, 0xc3476863, 0x8374200d, 0x4e325712, 0x63694d33, 0x6f736f72, 0x73d57466, 0x6f625820, 0x090a3a78, 0x44068278, 0x582559ce, 0x76726573, 
    0x84668365, 0x54184208, 0x20246385, 0x44494152, 0x2e246888, 0x64696172, 0x17c8de18, 0x0b3ade18, 0x1b04df18, 0x72007424, 0xdf186100, 0x2d220894, 
    0xd3187300, 0x0b830a53, 0x18007821, 0x26099962, 0x0069006e, 0x8265006e, 0x82742072, 0x6867347a, 0x69732d74, 0x20646564, 0x20786973, 0x20646e61, 
    0x826e696e, 0x004f221c, 0x20238270, 0x2437826e, 0x006f0066, 0x2c5f8275, 0x65704f00, 0x6f66206e, 0x00007275, 0x221b8256, 0x82740072, 0x82632049, 
    0x006c2477, 0x8279006c, 0x18632029, 0x200839db, 0x20098272, 0x20118464, 0x221b826f, 0x826e006f, 0x72652f32, 0x61636974, 0x20796c6c, 0x746e6563, 
    0x72827265, 0x6c6f6323, 0x891a826f, 0x8463206b, 0x223d8369, 0x8263006e, 0x8265205d, 0x2c7785c9, 0x72727563, 0x69636e65, 0x00007365, 0x20e98648, 
    0x225b8220, 0x82670065, 0x07cc180d, 0x4800320b, 0x20686769, 0x6967656c, 0x696c6962, 0x00007974, 0x20ef844f, 0x204b8220, 0x20cb8274, 0x839b8272, 
    0x826120ad, 0x656e2918, 0x6f747320, 0x20796572, 0x43200d82, 0x8283ca84, 0x09826c20, 0x00272a85, 0x636c6143, 0x82616c75, 0x00002224, 0x6dca1843, 
    0x0020210a, 0x0d09d018, 0x69430025, 0x186c6372, 0x20083f44, 0x181e8200, 0x9009c297, 0x7153242c, 0x8a726175, 0x8246202c, 0x846c2059, 0x006421cd, 
    0x462c2c90, 0x656c6c69, 0x79532064, 0x6c6f626d, 0x5322fe82, 0xd1186d00, 0x848e08b4, 0x616d5324, 0x29896c6c, 0x27824c20, 0x67007222, 0x5490f082, 
    0x72614c23, 0x24808a67, 0x006f004c, 0x20278277, 0x76901872, 0x00202208, 0x20908241, 0x203d8269, 0x386f826e, 0x006e0065, 0x4c000074, 0x7265776f, 
    0x65736163, 0x696c4120, 0x656d6e67, 0x2314826e, 0x00020000, 0xfe230084, 0x847800ca, 0x21048e08, 0x1082d303, 0x25820120, 0x01036308, 0x00050002, 
    0x00030106, 0x00090008, 0x000b000a, 0x000d000c, 0x000f000e, 0x00110010, 0x00130012, 0x00150014, 0x00170016, 0x00190018, 0x001b001a, 0x001d001c, 
    0x001f001e, 0x01210020, 0x00230004, 0x00250024, 0x00270026, 0x00290028, 0x002b002a, 0x002d002c, 0x002f002e, 0x00310030, 0x00330032, 0x631a0034, 
    0xe10e593b, 0x010501ac, 0x01070106, 0x00090108, 0x008600e8, 0x018b008e, 0x000b010a, 0x008a00a4, 0x008300da, 0x010c0193, 0x018d000d, 0x0188000e, 
    0x01de000f, 0x01110110, 0x00f50012, 0x01f600f4, 0x00ad0013, 0x00c700c9, 0x006200ae, 0x00900063, 0x00cb0064, 0x00c80065, 0x00cf00ca, 0x00cd00cc, 
    0x001401ce, 0x00d30066, 0x00d100d0, 0x006700af, 0x001501f0, 0x00d400d6, 0x006800d5, 0x00ed00eb, 0x006a0089, 0x006b0069, 0x006c006d, 0x00a0006e, 
    0x0071006f, 0x00720070, 0x00750073, 0x00760074, 0x00ea0077, 0x007a0078, 0x007b0079, 0x007c007d, 0x001601b8, 0x007e007f, 0x00810080, 0x00ee00ec, 
    0x011701ba, 0x01190118, 0x011b011a, 0x00fd001c, 0x011d01fe, 0x011f011e, 0x01ff0020, 0x01210100, 0x01230122, 0x01250124, 0x01270126, 0x01290128, 
    0x012b012a, 0x012d012c, 0x002f012e, 0x01f900f8, 0x01310130, 0x01330132, 0x01350134, 0x01370136, 0x01390138, 0x013b013a, 0x013d013c, 0x013f013e, 
    0x01d70040, 0x01420141, 0x01440143, 0x01460145, 0x01480147, 0x014a0149, 0x014c014b, 0x014e014d, 0x0150014f, 0x01520151, 0x01540153, 0x01560155, 
    0x01580157, 0x015a0159, 0x015c015b, 0x015e015d, 0x00b0005f, 0x016001b1, 0x01620161, 0x01640163, 0x01660165, 0x01680167, 0x00fb0069, 0x00e400fc, 
    0x016a01e5, 0x016c016b, 0x016e016d, 0x0170016f, 0x01720171, 0x01740173, 0x01760175, 0x01780177, 0x017a0179, 0x017c017b, 0x017e017d, 0x01bb007f, 
    0x01810180, 0x00830182, 0x01e700e6, 0x01850184, 0x01870186, 0x01890188, 0x018b018a, 0x018d018c, 0x018f018e, 0x01910190, 0x01930192, 0x01950194, 
    0x01970196, 0x01990198, 0x019b019a, 0x019d019c, 0x019f019e, 0x01a101a0, 0x01a301a2, 0x01a501a4, 0x01a701a6, 0x01a901a8, 0x01ab01aa, 0x01ad01ac, 
    0x01af01ae, 0x01b101b0, 0x01b301b2, 0x01b501b4, 0x01b701b6, 0x01b901b8, 0x01bb01ba, 0x01bd01bc, 0x01bf01be, 0x01c101c0, 0x01c301c2, 0x01c501c4, 
    0x01c701c6, 0x01c901c8, 0x01cb01ca, 0x01cd01cc, 0x01cf01ce, 0x01d101d0, 0x01d301d2, 0x01d501d4, 0x01d701d6, 0x01d901d8, 0x01db01da, 0x01dd01dc, 
    0x01df01de, 0x01e101e0, 0x01e301e2, 0x01e501e4, 0x01e701e6, 0x01e901e8, 0x01eb01ea, 0x01ed01ec, 0x01ef01ee, 0x01f101f0, 0x01f301f2, 0x01f501f4, 
    0x01f701f6, 0x01f901f8, 0x01fb01fa, 0x01fd01fc, 0x02ff01fe, 0x02010200, 0x02030202, 0x02050204, 0x02070206, 0x02090208, 0x020b020a, 0x020d020c, 
    0x020f020e, 0x02110210, 0x02130212, 0x02150214, 0x02170216, 0x02190218, 0x021b021a, 0x021d021c, 0x021f021e, 0x02210220, 0x02230222, 0x02250224, 
    0x02270226, 0x02290228, 0x022b022a, 0x022d022c, 0x022f022e, 0x02310230, 0x02330232, 0x02350234, 0x02370236, 0x02390238, 0x023b023a, 0x023d023c, 
    0x023f023e, 0x02410240, 0x02430242, 0x02450244, 0x02470246, 0x02490248, 0x024b024a, 0x024d024c, 0x024f024e, 0x02510250, 0x02530252, 0x02550254, 
    0x02570256, 0x02590258, 0x025b025a, 0x025d025c, 0x025f025e, 0x02610260, 0x02630262, 0x02650264, 0x02670266, 0x02690268, 0x026b026a, 0x026d026c, 
    0x026f026e, 0x02710270, 0x02730272, 0x02750274, 0x02770276, 0x02790278, 0x027b027a, 0x027d027c, 0x027f027e, 0x02810280, 0x02830282, 0x02850284, 
    0x02870286, 0x02890288, 0x028b028a, 0x028d028c, 0x028f028e, 0x02910290, 0x02930292, 0x02950294, 0x02970296, 0x02990298, 0x029b029a, 0x029d029c, 
    0x029f029e, 0x02a102a0, 0x02a302a2, 0x02a502a4, 0x02a702a6, 0x02a902a8, 0x02ab02aa, 0x02ad02ac, 0x02af02ae, 0x02b102b0, 0x02b302b2, 0x02b502b4, 
    0x02b702b6, 0x02b902b8, 0x02bb02ba, 0x02bd02bc, 0x02bf02be, 0x02c102c0, 0x02c302c2, 0x02c502c4, 0x02c702c6, 0x02c902c8, 0x02cb02ca, 0x02cd02cc, 
    0x02cf02ce, 0x02d102d0, 0x02d302d2, 0x02d502d4, 0x02d702d6, 0x02d902d8, 0x02db02da, 0x02dd02dc, 0x02df02de, 0x02e102e0, 0x02e302e2, 0x02e502e4, 
    0x02e702e6, 0x02e902e8, 0x02eb02ea, 0x02ed02ec, 0x02ef02ee, 0x02f102f0, 0x02f302f2, 0x02f502f4, 0x02f702f6, 0x02f902f8, 0x02fb02fa, 0x02fd02fc, 
    0x03ff02fe, 0x03010300, 0x03030302, 0x03050304, 0x03070306, 0x03090308, 0x030b030a, 0x030d030c, 0x030f030e, 0x03110310, 0x03130312, 0x03150314, 
    0x03170316, 0x03190318, 0x031b031a, 0x031d031c, 0x031f031e, 0x03210320, 0x03230322, 0x03250324, 0x03270326, 0x03290328, 0x032b032a, 0x032d032c, 
    0x032f032e, 0x03310330, 0x03330332, 0x03350334, 0x03370336, 0x03390338, 0x033b033a, 0x033d033c, 0x033f033e, 0x03410340, 0x00430342, 0x03b300b2, 
    0x00b60044, 0x00b400c4, 0x00c500b5, 0x00c20082, 0x00450387, 0x004603ab, 0x034703c6, 0x03490348, 0x00be004a, 0x034b03bf, 0x034d034c, 0x004f034e, 
    0x035003bc, 0x03520351, 0x03540353, 0x03560355, 0x03580357, 0x035a0359, 0x035c035b, 0x035e035d, 0x0360035f, 0x03620361, 0x03640363, 0x03660365, 
    0x03680367, 0x036a0369, 0x036c036b, 0x036e036d, 0x0370036f, 0x03720371, 0x03740373, 0x03760375, 0x03780377, 0x037a0379, 0x037c037b, 0x037e037d, 
    0x0380037f, 0x03820381, 0x03840383, 0x03860385, 0x03880387, 0x038a0389, 0x038c038b, 0x038e038d, 0x0390038f, 0x03920391, 0x03940393, 0x03960395, 
    0x03980397, 0x039a0399, 0x039c039b, 0x039e039d, 0x038c009f, 0x03a103a0, 0x03a303a2, 0x03a503a4, 0x03a703a6, 0x03a903a8, 0x03ab03aa, 0x03ad03ac, 
    0x03af03ae, 0x03b103b0, 0x03b303b2, 0x03b503b4, 0x03b703b6, 0x03b903b8, 0x03bb03ba, 0x03bd03bc, 0x03bf03be, 0x03c103c0, 0x03c303c2, 0x03c503c4, 
    0x03c703c6, 0x03c903c8, 0x03cb03ca, 0x03cd03cc, 0x03cf03ce, 0x03d103d0, 0x03d303d2, 0x03d503d4, 0x03d703d6, 0x03d903d8, 0x03db03da, 0x03dd03dc, 
    0x03df03de, 0x039800e0, 0x009a00e1, 0x03ef0099, 0x03e303e2, 0x03e503e4, 0x009200e6, 0x00e7039c, 0x038f00a7, 0x009400e8, 0x03e90395, 0x03eb03ea, 
    0x03ed03ec, 0x03ef03ee, 0x03f103f0, 0x03f303f2, 0x03f503f4, 0x03f703f6, 0x03f903f8, 0x03fb03fa, 0x03fd03fc, 0xef610ffe, 0x640a2b0e, 0x616c6c6f, 
    0x67697372, 0x8e720c6e, 0x8e17200b, 0x6e692c27, 0x74726576, 0x63086465, 0x84746e65, 0x7473272d, 0x696c7265, 0x0c84676e, 0x2006ba49, 0x230c8379, 
    0x6e657907, 0x06380783, 0x75732e61, 0x670d7370, 0x6c6c6975, 0x74656d65, 0x7466656c, 0x6f777408, 0x0a251684, 0x65726874, 0x340a8465, 0x2e756d07, 
    0x6b657267, 0x64696d09, 0x64656c64, 0x6f08746f, 0x201a856e, 0x202c8506, 0x2543880e, 0x68676972, 0xa98b1474, 0x07299987, 0x72747344, 0x07656b6f, 
    0x2007864f, 0x2807866f, 0x63616d41, 0x076e6f72, 0x28078561, 0x72624106, 0x06657665, 0x23068461, 0x676f4107, 0x6b226c82, 0x07856107, 0x63430b2d, 
    0x75637269, 0x656c666d, 0x89630b78, 0x4309210b, 0x61269682, 0x65766f62, 0x09876309, 0x63440623, 0x21588261, 0x06846406, 0x86640721, 0x8545206f, 
    0x65072167, 0x06210785, 0x21688445, 0x06846506, 0x88450921, 0x84e88347, 0x45072151, 0x07217b85, 0x21078565, 0x50844506, 0x84650621, 0x470b2106, 
    0x0b218589, 0x210b8967, 0x49884709, 0x09876720, 0x63470c2e, 0x616d6d6f, 0x65636361, 0x670c746e, 0x0b210c8a, 0x21398948, 0x0b89680b, 0x86480721, 
    0x856820b5, 0x49062807, 0x646c6974, 0x84690665, 0x49072106, 0x0721c385, 0x21078569, 0xc4844906, 0x84690621, 0x49072106, 0x0721af85, 0x21078569, 
    0x91884909, 0x644a492b, 0x61726769, 0x69096870, 0x2109866a, 0x75894a0b, 0x896a0b21, 0x4b0c210b, 0x0c21a68a, 0x300c8a6b, 0x2e616b07, 0x6c727963, 
    0x63614c06, 0x06657475, 0x2106846c, 0x228a4c0c, 0x8a6c0c21, 0x4c06280c, 0x6f726163, 0x846c066e, 0x4c082106, 0x2e258d82, 0x08544143, 0x2108866c, 
    0xe3854c07, 0x856c0721, 0x4e062107, 0x6e205785, 0x4e205785, 0x0c214a8a, 0x210c8a6e, 0x50844e06, 0x846e0621, 0x45032906, 0x6503676e, 0x4f07676e, 
    0x21051341, 0x07856f07, 0x624f0628, 0x65766572, 0x06846f06, 0x644f0923, 0x21af8562, 0x09876f09, 0x84520621, 0x72062168, 0x0c210684, 0x21628a52, 
    0x0c8a720c, 0x84520621, 0x72062168, 0x53200685, 0x06212e84, 0x21068473, 0x3941530b, 0x730b2109, 0x082a0b89, 0x64656354, 0x616c6c69, 0x08867408, 
    0x85540621, 0x8474203e, 0x54072106, 0x0721f385, 0x28078574, 0x69745506, 0x0665646c, 0x21068475, 0xc3855507, 0x85750721, 0x55062107, 0x0621c484, 
    0x27068475, 0x69725505, 0x7505676e, 0x09210583, 0x20d78855, 0x21098775, 0xff415507, 0x75072105, 0x0b210785, 0x21978957, 0x0b8a770b, 0x0b8a5920, 
    0x0b897920, 0x845a0621, 0x7a0621da, 0x09210684, 0x0845425a, 0x09877a20, 0x6f6c052d, 0x0573676e, 0x6f6f6842, 0x8344056b, 0x45093705, 0x65766572, 
    0x64657372, 0x68635305, 0x45056177, 0x6e65706f, 0x21844605, 0x05846620, 0x6d614726, 0x4907616d, 0x0521ef85, 0x2013844b, 0x2605836b, 0x6d616c0c, 
    0x85616462, 0x4f072518, 0x72726162, 0x4f264682, 0x6e726f68, 0x05836f05, 0x69530a2c, 0x2e616d67, 0x6b657267, 0x16845505, 0x05847520, 0x43845920, 
    0x05837920, 0x7a44113d, 0x6b626165, 0x69736168, 0x632e6e61, 0x0b6c7279, 0x746e6564, 0x6c636c61, 0x826b6369, 0x65742261, 0x280c8672, 0x766c610d, 
    0x616c6f65, 0x291a8472, 0x7465720e, 0x6c666f72, 0x0e857865, 0x635a4426, 0x6e6f7261, 0x22062443, 0x8c7a440e, 0x8c64200e, 0x4c09210e, 0x20085643, 
    0x0756434c, 0x886c0921, 0x884e2009, 0x884e201d, 0x876e2013, 0x41062109, 0x06215884, 0x20068561, 0x20068549, 0x20068569, 0x2006854f, 0x2006856f, 
    0x20068555, 0x29068475, 0x6964550f, 0x73657265, 0x1a427369, 0x750f2105, 0x0e200f8d, 0x61251f88, 0x65747563, 0x851e880e, 0x841d880e, 0x851d894c, 
    0x231d880e, 0x76617267, 0x0e843b8a, 0x63730a24, 0x01447768, 0x410f2105, 0x0f21748d, 0x200f8e61, 0x07294241, 0x6120a486, 0x08210f8d, 0x06944541, 
    0x45610821, 0x07210695, 0x06fe4147, 0x07856720, 0x45470621, 0x67200573, 0x4b200685, 0x6b200685, 0x07210684, 0x05d7424f, 0x856f0721, 0x860d2007, 
    0x206b850f, 0x8515860d, 0x6a06210d, 0x09223284, 0xd1415a44, 0x44092206, 0x2009877a, 0x28098764, 0x63614706, 0x06657475, 0x20068567, 0x21ee844e, 
    0x06846e06, 0x72410a24, 0x18856e69, 0x88610a21, 0x4107220a, 0x222b8445, 0x84656107, 0x4f0c2107, 0x0c85b685, 0x8406e946, 0x4109240c, 0x846c6264, 
    0x61092149, 0x0e210987, 0x07244741, 0x65726226, 0x610e6576, 0x09210e8c, 0x20318845, 0x20318865, 0x21228c45, 0x0e8c650e, 0x88490921, 0x88692031, 
    0x8c492031, 0x690e2122, 0x09210e8c, 0x2031884f, 0x2031886f, 0x21228c4f, 0x0e8c6f0e, 0x88520921, 0x88722031, 0x8c522031, 0x720e2122, 0x09210e8c, 
    0x20318855, 0x20318875, 0x21228c55, 0x0e8c750e, 0x45530c21, 0x0c210a75, 0x200c8b73, 0x200c8b54, 0x280c8a74, 0x61634806, 0x066e6f72, 0x20068468, 
    0x08784209, 0x72420920, 0x45082108, 0x21068145, 0x08866508, 0x424f0f21, 0x6f200eae, 0x0c250f8d, 0x6c69744f, 0x06994264, 0x8a6f0c21, 0x4f09210c, 
    0x20080c45, 0x8209876f, 0x746f254d, 0x766f6261, 0x0f203086, 0x82421988, 0x59072105, 0x79200786, 0x08200785, 0x6c263882, 0x6a737365, 0x34424107, 
    0x43072105, 0x63200786, 0x10310785, 0x6c616d73, 0x6f6c676c, 0x6c617474, 0x706f7473, 0x0c987c11, 0x6572672a, 0x6f740a6b, 0x2e736f6e, 0x12200a83, 
    0x1289bb87, 0x6c410f25, 0x89616870, 0x6109310f, 0x65746f6e, 0x6169656c, 0x73704511, 0x6e6f6c69, 0x0d221b89, 0x298a7445, 0x82490e21, 0x251c89ca, 
    0x696d4f11, 0x2e8b7263, 0x8f551121, 0x4f0f2440, 0x8a67656d, 0x69162142, 0x93914282, 0x93840a20, 0x0923b184, 0x45746542, 0x0a2305cd, 0x456d6147, 
    0x0a2306d8, 0x866c6544, 0x860c2015, 0x202c85a4, 0x202c875a, 0x84a98208, 0x540a2212, 0x20138768, 0x85af8309, 0x614b2314, 0x55857070, 0x614c0b25, 
    0x8564626d, 0x4d07210b, 0x2105cb4a, 0x07864e07, 0x84695821, 0x860c202e, 0x210c84d9, 0x14855007, 0x68520823, 0x2210846f, 0x85615408, 0x860c202e, 
    0x211585ee, 0x27866850, 0x08874320, 0x85735021, 0x4f0a2411, 0x8567656d, 0x83112071, 0x84ff8792, 0x86142037, 0x21148c44, 0xa341610f, 0x6511210d, 
    0x200f5841, 0x41e4820d, 0x0e21098a, 0x0c994169, 0x85751921, 0x1268412e, 0x78845884, 0x41620921, 0x67200868, 0x20096841, 0x09684164, 0x2c857386, 
    0x68417a20, 0x20358808, 0x09684174, 0x27847e83, 0x416b0a21, 0xb8470968, 0x21168405, 0x31416e07, 0x78072105, 0x21051141, 0x3a426f0c, 0x201c8505, 
    0x21148570, 0x60417208, 0x730f2a06, 0x616d6769, 0x616e6966, 0x2020846c, 0x410f840a, 0x7420057b, 0x86077b41, 0x201585e2, 0x07724170, 0x08876320, 
    0x7b417020, 0x416f2007, 0x7b42097b, 0x2037840b, 0x0e274114, 0x11201484, 0x5d419b86, 0x86112009, 0x20118926, 0x8955840f, 0x440c220f, 0x09434169, 
    0x8b640c21, 0x65492e0c, 0x76617267, 0x79632e65, 0x49076c72, 0x2207846f, 0x856a4408, 0x47082110, 0x09240886, 0x312e6549, 0x7a201b86, 0x06211b85, 
    0x220f8449, 0x85695907, 0x854a2007, 0x4c082116, 0x08213286, 0x2308864e, 0x68735409, 0x4b201b86, 0x0c221286, 0x75896949, 0x73550b26, 0x74726f68, 
    0x09224584, 0x2b867a44, 0x84410621, 0x42072110, 0x07213a85, 0x21078556, 0x1f864708, 0x85440721, 0x82072010, 0x21bb8399, 0x18875a08, 0x18875a20, 
    0x6b829885, 0x07215f89, 0x0503484b, 0x6c450722, 0x45215e85, 0x4907866d, 0x06210577, 0x200e854f, 0x21438650, 0x0f857245, 0x85734521, 0x85542007, 
    0x55062117, 0x45210e85, 0x20078566, 0x22558548, 0x85735408, 0x4308211f, 0x08228c86, 0x1a856853, 0x68530a23, 0x270a8663, 0x7261480d, 0x67697364, 
    0x09247185, 0x75726559, 0x0d244584, 0x74666f53, 0x06211788, 0x21148445, 0x1c854907, 0x85490721, 0x85062047, 0x62072106, 0x07206885, 0x2106b941, 
    0x70866708, 0x86640721, 0x85692018, 0x41082007, 0x0720074f, 0x2106b641, 0x16416907, 0x69692106, 0x200a1641, 0x060e4165, 0x0e416520, 0x85652006, 
    0x4206209c, 0x0721050f, 0x214c8570, 0x0e416507, 0x41652006, 0x7420060e, 0x06201785, 0x6520a386, 0x86060e41, 0x740821e8, 0x20070e41, 0x219d8663, 
    0x1a867308, 0x41730a21, 0x6820090e, 0x200c0e41, 0x080e4179, 0x0e417320, 0x2169850c, 0x6a866907, 0x07416920, 0x690c2105, 0x200bbe42, 0x22ae8569, 
    0x856a6408, 0x6708212d, 0x09210886, 0x08be4269, 0x07416420, 0x41062006, 0x07210506, 0x86078679, 0x6c082129, 0x6e200887, 0x09210886, 0x08be4274, 
    0x12866b20, 0x42690c21, 0x75200bbe, 0x21094741, 0x6e416409, 0x59082207, 0x05d14261, 0x86790821, 0x46092308, 0xb4857469, 0x87660921, 0x490c2609, 
    0x7469687a, 0x21168573, 0x0c8a690c, 0x19861420, 0x25077b48, 0x7279632e, 0x2186146c, 0x1021148c, 0x05c84149, 0x69617422, 0x2005c441, 0x06d94110, 
    0x11241088, 0x696d6553, 0x210c4d41, 0x118f7311, 0x72450b26, 0x6b636974, 0x0b216684, 0x290b8965, 0x6568470e, 0x75747075, 0x1a846e72, 0x8d670e21, 
    0x471d820e, 0x1d8805f6, 0x12200e8a, 0x85511d82, 0x6f682205, 0x205a856f, 0x8e3f8212, 0x5a112a12, 0x65646568, 0x6e656373, 0x065e4264, 0x8f7a1121, 
    0x5a102111, 0x1021228e, 0x21108f7a, 0x448d614b, 0x8e6b1021, 0x4b152310, 0xd8847661, 0xb14f6120, 0x21b28406, 0x15936b15, 0x4d4b0d21, 0x238406d0, 
    0x8b6b0d21, 0x4b0e280d, 0x73616261, 0x43696b68, 0x0e21050b, 0x210e8c6b, 0xc6824510, 0x1020cc8b, 0x108bd783, 0x6e450b23, 0x07c4445f, 0x6e650b23, 
    0x07b9435f, 0x65501122, 0x200f1941, 0x22118f70, 0x4e614810, 0x10210d27, 0x21108f68, 0x07417345, 0x8f65200e, 0x41542010, 0x74200f3a, 0x0e22108e, 
    0xe95d7355, 0x21fe8406, 0x0e8c750e, 0x1d881420, 0x200aea41, 0x8a238814, 0x8ead8214, 0x4168208b, 0x0b230e93, 0x455f6554, 0x0b230733, 0x445f6574, 
    0x11210730, 0x0f014243, 0x8f631121, 0x82162011, 0x12d04123, 0x28821620, 0x09221692, 0x7a446853, 0x73092106, 0x65830987, 0x830d4e41, 0x20118d65, 
    0x8865821a, 0x20cd8d11, 0x9669821a, 0x500d261a, 0x636f6c61, 0x06725268, 0x685a0d22, 0x2605af53, 0x7279632e, 0x8b7a0d6c, 0x4b0b220d, 0x081c4361, 
    0x8a6b0b21, 0x6c45210b, 0x2108bf43, 0x0b8a650b, 0x896e4521, 0x8a65202f, 0x6e45210b, 0x0b892f8a, 0xbf821220, 0x61686b25, 0x5073616b, 0x1220085b, 
    0x128eb782, 0x6d450b22, 0x0b893d8a, 0x8b700d21, 0x540b20c7, 0xc58405ec, 0xf1540b20, 0x200b8405, 0x08504f0e, 0x4f4f0e85, 0x220e8408, 0x475f4109, 
    0x092206a2, 0x95465f61, 0x490c2106, 0x210a1041, 0x0c8a690c, 0x4f530a21, 0x122008a7, 0x774a0a84, 0x79632508, 0x73126c72, 0x128c1d83, 0x685a1023, 
    0x20108d65, 0x21108e7a, 0x208d5a0f, 0x8d7a0f21, 0x6411210f, 0x210f7d51, 0xa254490d, 0x21c08406, 0x0d8b690d, 0x69490f22, 0x0f216e8c, 0x200f8d69, 
    0x089e4d0e, 0x0e203c84, 0x84089d4d, 0x520c200e, 0x0c850620, 0x61626f26, 0x64657272, 0x14200c84, 0x5c8c1986, 0x21861420, 0x0e21148c, 0x8d0e8d45, 
    0x530c20cd, 0x5484067d, 0x82530c20, 0x510c8406, 0x0e85095c, 0x85085c51, 0x088b530e, 0x90530e85, 0x210e8408, 0x54414310, 0x6310210e, 0x1121108e, 
    0x0fa04347, 0x90671121, 0x65592211, 0x21758d72, 0x118f7911, 0x52461220, 0x0c344608, 0x88055644, 0x480b2112, 0x200a2a43, 0x210b8968, 0xb845480d, 
    0x8b68200c, 0x5a0f220d, 0x07e65365, 0x0f21d384, 0x220f8d7a, 0x896c450b, 0x8965205f, 0x5707210b, 0x21054d48, 0x07857707, 0x45501021, 0x10210e2f, 
    0x22108e70, 0x44685312, 0x12210fe9, 0x22129073, 0x446c4510, 0x10210d50, 0x29108e65, 0x716e6506, 0x06646175, 0x06836d65, 0x6e65072a, 0x63617073, 
    0x6d650765, 0x0c250784, 0x72696874, 0x200c8664, 0x2321820e, 0x72657472, 0x0c250e86, 0x74786973, 0x260c8668, 0x6769660b, 0x84657275, 0x70102a34, 
    0x74636e75, 0x69746175, 0x204d856f, 0x86458209, 0x61682309, 0x24847269, 0x657a0e29, 0x69776f72, 0x84687464, 0x850a200e, 0x61642a3f, 0x64126873, 
    0x6c62756f, 0x07604565, 0x6e696c24, 0x4f181765, 0x723a07b5, 0x74686769, 0x6c616d73, 0x616c626c, 0x6e176b63, 0x72626e6f, 0x696b6165, 0x4684676e, 
    0x616e2e23, 0x26568272, 0x69727005, 0x850b656d, 0x820b8548, 0x6c702241, 0x2a0b8465, 0x72616305, 0x690b7465, 0x8265746e, 0x61622d2c, 0x7508676e, 
    0x7265646e, 0x13656974, 0x69221a84, 0x0d83736e, 0x706e6f23, 0x2224826f, 0x82736108, 0x73693528, 0x79680c6d, 0x6e656870, 0x6c6c7562, 0x73097465, 
    0x676e7577, 0x1021af83, 0x066a5a69, 0x0f224487, 0xd586616d, 0x64656d27, 0x096d7569, 0x26ea827a, 0x7075732e, 0x84690673, 0x66092406, 0x8672756f, 
    0x76692109, 0x2305385a, 0x78697308, 0x0a211284, 0x20fa8273, 0x200a856e, 0x84ee8365, 0x6e09220a, 0x06615a69, 0x6c700924, 0x13847375, 0x696d0a23, 
    0x240a876e, 0x61757165, 0x2115846c, 0xdd82700e, 0x656c6e24, 0x0e847466, 0x0e840f20, 0x48887220, 0x5a850620, 0x62219387, 0x06ba5a73, 0xe95a0882, 
    0x73622105, 0x2108e95a, 0xa9877362, 0xa9850983, 0xa9852782, 0xa9872782, 0xa9870a82, 0xa9862882, 0xa9860982, 0xa9871e82, 0xa9870a82, 0x8c736221, 
    0x736221a9, 0x6223a98d, 0x82610673, 0x200682c0, 0x20068565, 0x2006856f, 0x20068578, 0x20068568, 0x2006856b, 0x2006856c, 0x2006856d, 0x2006856e, 
    0x20068570, 0x20068573, 0x25068474, 0x6c6f6309, 0x015c6e6f, 0x75722605, 0x7269657a, 0x250c836f, 0x61726609, 0x0983636e, 0x696c0824, 0x08846172, 
    0x6c696d23, 0x211b846c, 0x1286616e, 0x65700a25, 0x84746573, 0x7209251d, 0x65657075, 0x07211e83, 0x254f8577, 0x6568730a, 0x31846571, 0x6f640824, 
    0x4384676e, 0x85756521, 0x6b07235f, 0x10837069, 0x75740a26, 0x6b697267, 0x70221b84, 0x7b847365, 0x75670b23, 0x207d8261, 0x26148369, 0x7375610b, 
    0x84617274, 0x680b2645, 0x6e767972, 0x236e8469, 0x64656308, 0x09242084, 0x676e6574, 0x0f267784, 0x69646e69, 0x87886e61, 0x75740f27, 0x73696b72, 
    0x25bf8768, 0x6e616d09, 0xc0847461, 0x62757223, 0x2333846c, 0x72616c08, 0x0b274684, 0x63746962, 0x846e696f, 0x6121081e, 0x756f6363, 0x666f746e, 
    0x64646110, 0x73736572, 0x75736465, 0x63656a62, 0x65640d74, 0x65657267, 0x25d68363, 0x630a7375, 0x425d6e65, 0x06653005, 0x65726163, 0x6307666f, 
    0x75616461, 0x8510616e, 0x61662e27, 0x6e657268, 0x74696568, 0x6d756e0a, 0x21fa8565, 0x5c82730e, 0x6f636437, 0x69727970, 0x0b746867, 0x76726573, 
    0x6d656369, 0x076b7261, 0x2eb38259, 0x0a64656e, 0x73656e6f, 0x6e657665, 0x82086874, 0x696e210a, 0x74200886, 0x74281187, 0x64726968, 0x6f777409, 
    0x73200884, 0x66242483, 0x68746669, 0x08841283, 0x740b7322, 0x65207a82, 0x0a240b85, 0x72756f66, 0x29830a85, 0x78697329, 0x660a6874, 0x84657669, 
    0x09732109, 0x65206282, 0x68218a83, 0x8534840c, 0x0b73210b, 0x0b862183, 0x8d840c20, 0x08250c86, 0x616d6f72, 0x8534826e, 0x20858208, 0x8411840a, 
    0x8409203c, 0x8670830a, 0x85668209, 0x856c8227, 0x854b8427, 0x8551840a, 0x20e48228, 0x82288565, 0x840b20e5, 0x6c652545, 0x6e657665, 0x74250b85, 
    0x766c6577, 0x83358565, 0x0c7921ca, 0x68272284, 0x72646e75, 0x84106465, 0x86b0830c, 0x840d2010, 0x68742710, 0x6173756f, 0x0d85646e, 0x7324b182, 
    0x6c6c616d, 0xb6820d85, 0x0f200d84, 0x0f84bb89, 0xc0880e20, 0xc5820e8b, 0xca823b8a, 0xcf843b8a, 0xd4840f8a, 0xd9833c8a, 0x74223c8a, 0x0d846e65, 
    0xe385b385, 0xe885108a, 0xed844e8a, 0x11200f84, 0x1184f28b, 0xf78f1520, 0x12201584, 0x1284fc8c, 0x3a8b1420, 0x20079047, 0x84149319, 0x7a0a232e, 
    0x5b427265, 0x750f2a06, 0x3031696e, 0x41323130, 0x881a842e, 0x8e38200f, 0x8e42200f, 0x8d39200f, 0x4533210f, 0x32200f8d, 0x46200f8f, 0x33211f8d, 
    0x200f8e31, 0x200f8d30, 0x205f8e34, 0x208f8f34, 0x212f8d43, 0x0f8d4439, 0x5f864120, 0x616e0526, 0x10616c62, 0x2d06d246, 0x65706f6b, 0x6f746172, 
    0x69720c72, 0x0c87676e, 0xe1460e20, 0x300e8705, 0x7571730a, 0x72657261, 0x09746f6f, 0x69627563, 0x25098363, 0x6c69740d, 0x22876564, 0x64690b2b, 
    0x69746e65, 0x746c6163, 0x0631416f, 0x8d343021, 0x34302191, 0x210d0141, 0xe18d3530, 0x37363522, 0x3321b18c, 0x210f8d37, 0x91413635, 0x3635210d, 
    0x35215f8e, 0x213f8c34, 0x6f8d3635, 0x8e373521, 0x3237216f, 0x37202f8d, 0x18303f86, 0x64786f62, 0x69776172, 0x6c73676e, 0x74686769, 0x2d078848, 
    0x6c626409, 0x61646d65, 0x740a6873, 0x0a867072, 0x69640932, 0x6d6f7474, 0x066b7261, 0x616d7346, 0x53066c6c, 0x082a0684, 0x746c6153, 0x6f6c6c69, 
    0x08867308, 0x42510621, 0x33200d50, 0x00297e85, 0xff010000, 0x000200ff, 0x20098201, 0x2203820c, 0x82180010, 0x0000220d, 0x220b8204, 0x84000002, 
    0x86012017, 0x010a3e07, 0x00a60116, 0x4c464404, 0x631a0054, 0x006c7279, 0x65726734, 0x6c66006b, 0x006e7461, 0x20338480, 0x204d8200, 0x222f8408, 
    0x82030002, 0x05d56a11, 0x04001c2b, 0x20524742, 0x53421c00, 0x22058248, 0x82425253, 0x41592205, 0x2005824b, 0x20319500, 0x95438204, 0x002e3019, 
    0x455a4107, 0x432e0020, 0x00205441, 0x82524344, 0x4d2e2f05, 0x00204c4f, 0x444c4e5c, 0x52740020, 0x0b824d4f, 0x82525421, 0x962e205d, 0x2059835d, 
    0x21a58a09, 0xa7850007, 0x0520178f, 0x06201796, 0x24081786, 0x7070610b, 0x6344006c, 0x00746c61, 0x6d63634a, 0x66560070, 0x00636172, 0x67696c5e, 
    0x6c660061, 0x006c636f, 0x2005846c, 0x32058472, 0x64726f78, 0x737e006e, 0x00736275, 0x70757384, 0x848a0073, 0x820f2085, 0x00042105, 0x11208585, 
    0x240a7941, 0x000d0002, 0x2021840e, 0x20058410, 0x20058406, 0x20058404, 0x20058403, 0x2005840c, 0x0805840a, 0x12000b28, 0x2e002600, 0x3e003600, 
    0x4e004600, 0x5e005600, 0x6e006600, 0x7e007600, 0x8e008600, 0x9e009600, 0xae00a600, 0x2d840200, 0x84009021, 0x0401214d, 0x2105e341, 0x0f861c01, 
    0x07862620, 0x17864a20, 0x07867420, 0x17867a20, 0x07858c20, 0x86a20621, 0x85b82007, 0x2607211f, 0x94200786, 0xe2200786, 0x07211f85, 0x210f85f8, 
    0x07863a08, 0x04003e22, 0x0821c583, 0x231f8542, 0x01005c08, 0x0c28a582, 0x24001e00, 0x30002a00, 0x3c24bd82, 0x48004200, 0x5424bf82, 0x60005a00, 
    0x2c22ad82, 0x05822d00, 0x4d004c22, 0x27220582, 0x05823d01, 0x05844720, 0x17842f20, 0x17842f20, 0x05844f20, 0x11843120, 0x0b843120, 0x05845120, 
    0x5d002722, 0x05842f83, 0xf2000329, 0x0000f300, 0x82015901, 0x84012655, 0x0a008501, 0x05454100, 0x83821220, 0x9f841c20, 0x05820220, 0x4c000322, 
    0xef203b82, 0x0a200f86, 0xf1223f82, 0x0d82bc01, 0x17840220, 0x08000122, 0x0e200b82, 0x01220382, 0x1b827800, 0x83000621, 0x844f203d, 0x834f200f, 
    0x2f0021d9, 0x2f200b84, 0x0a200b84, 0x12222182, 0x3d842200, 0x3f822c20, 0xfd850120, 0x00231b84, 0x91000500, 0x0006220f, 0x2c2d8862, 0x000e0002, 
    0x01a80104, 0x01aa01a9, 0x281582ab, 0x011d0104, 0x0121011e, 0x26558222, 0x04160010, 0x82160088, 0x04002209, 0x20718490, 0x240b821d, 0x001300bd, 
    0x2263821c, 0x823d0024, 0x00812213, 0x22058297, 0x829f0099, 0x00c12205, 0x220582c1, 0x82c300c3, 0x00c52205, 0x220582c5, 0x82c700c7, 0x00c92205, 
    0x220582c9, 0x82cb00cb, 0x00cd2205, 0x220582cd, 0x82cf00cf, 0x00d22205, 0x220582d2, 0x82d400d4, 0x00d62205, 0x220582d6, 0x82d800d8, 0x00da2205, 
    0x220582da, 0x82dc00dc, 0x00de2205, 0x220582de, 0x82e000e0, 0x00e22205, 0x220582e2, 0x82e400e4, 0x00e62205, 0x220582e6, 0x82e800e8, 0x00ea2205, 
    0x220582ea, 0x82ec00ec, 0x00ee2205, 0x220582ee, 0x82f000f0, 0x00f42205, 0x220582f4, 0x82f600f6, 0x00f92205, 0x220582f9, 0x82fb00fb, 0x00fd2405, 
    0x830100fd, 0x22058200, 0x82030103, 0x01052205, 0x22058205, 0x82070107, 0x01092205, 0x22058209, 0x820b010b, 0x010d2205, 0x2205820d, 0x820f010f, 
    0x01112205, 0x22058211, 0x82130113, 0x01152205, 0x22058215, 0x82170117, 0x01192205, 0x22058219, 0x821b011b, 0x011d2205, 0x2205821d, 0x821f011f, 
    0x01212205, 0x22058221, 0x82230123, 0x01252205, 0x22058225, 0x82270127, 0x01292205, 0x22058229, 0x822b012b, 0x012d2205, 0x2205822d, 0x822f012f, 
    0x01312205, 0x22058231, 0x82330133, 0x01352205, 0x22058235, 0x82380137, 0x013a2205, 0x2205823a, 0x823c013c, 0x013f2205, 0x28058241, 0x00420142, 
    0x01430102, 0x220b8244, 0x82480148, 0x014b2205, 0x2805824c, 0x004e014e, 0x014f0103, 0x220b824f, 0x82510151, 0x01532205, 0x22298253, 0x82580158, 
    0x015b220b, 0x2205825b, 0x825e015e, 0x01612205, 0x22058261, 0x82630163, 0x01652205, 0x22058265, 0x82670167, 0x01692205, 0x22058269, 0x826b016b, 
    0x016d2205, 0x2205826d, 0x826f016f, 0x01722205, 0x22058272, 0x82740174, 0x01762205, 0x22058276, 0x827a017a, 0x017c2205, 0x2205827c, 0x827e017e, 
    0x01802205, 0x22058280, 0x82830183, 0x01862205, 0x22058286, 0x82880188, 0x018a2205, 0x2205828a, 0x828c018c, 0x018e2205, 0x2205828e, 0x82900190, 
    0x01922205, 0x22058292, 0x82940194, 0x01962205, 0x22058296, 0x82980198, 0x019a2205, 0x2205829a, 0x829c019c, 0x019e2205, 0x2205829e, 0x82a001a0, 
    0x01a22205, 0x220582a2, 0x82a401a4, 0x01a62205, 0x220582a6, 0x82a801a8, 0x01aa2205, 0x220582aa, 0x82ac01ac, 0x01ae2205, 0x220582ae, 0x82b001b0, 
    0x01b22205, 0x220582b2, 0x82b401b4, 0x01b62205, 0x220582b6, 0x82b801b8, 0x01ba2205, 0x280582ba, 0x00c401c4, 0x01c60103, 0x280582cb, 0x00e501cd, 
    0x02080203, 0x28058208, 0x0039020a, 0x02690202, 0x22058269, 0x826b026b, 0x026d2205, 0x2205826d, 0x826f026f, 0x02712205, 0x22058271, 0x82730273, 
    0x02752205, 0x22058275, 0x82770277, 0x02792205, 0x22058279, 0x827b027b, 0x027d2205, 0x2205827d, 0x827f027f, 0x02812205, 0x22058281, 0x82830283, 
    0x02852205, 0x22058285, 0x82870287, 0x02892205, 0x22058289, 0x828b028b, 0x028d2205, 0x2205828d, 0x828f028f, 0x02912205, 0x22058291, 0x82930293, 
    0x02952205, 0x22058295, 0x82970297, 0x02992205, 0x22058299, 0x829b029b, 0x029d2205, 0x2205829d, 0x829f029f, 0x02a12205, 0x220582a1, 0x82a302a3, 
    0x02a52205, 0x220582a5, 0x82a802a7, 0x02aa2205, 0x220582aa, 0x82ac02ac, 0x02ae2205, 0x220582ae, 0x82b002b0, 0x02b22205, 0x220582b2, 0x82b402b4, 
    0x02b72205, 0x220582b7, 0x82b902b9, 0x02bb2205, 0x220582bb, 0x82bd02bd, 0x02bf2205, 0x220582c0, 0x82c202c2, 0x02c42205, 0x220582c4, 0x82c702c7, 
    0x02c92205, 0x220582c9, 0x82cb02cb, 0x02cd2205, 0x220582cd, 0x82cf02cf, 0x02d12205, 0x220582d1, 0x82d302d3, 0x02d52205, 0x220582d5, 0x82d702d7, 
    0x02d92205, 0x220582d9, 0x82db02db, 0x02dd2205, 0x220582dd, 0x82df02df, 0x02e12205, 0x220582e1, 0x82e302e3, 0x02e52205, 0x220582e5, 0x82e702e7, 
    0x02e92205, 0x220582e9, 0x82eb02eb, 0x02ed2205, 0x280582ed, 0x00ef02ef, 0x00010002, 0x3603821d, 0x000a0001, 0x00220016, 0x003a002e, 0x00520046, 
    0x006a005e, 0x82820076, 0x84042019, 0x0004221d, 0x20078400, 0x08ef4401, 0x01201785, 0x03201784, 0x1785238a, 0x20059545, 0x20179002, 0x8b478a02, 
    0x282f8b3b, 0x00000002, 0x00010003, 0x20038212, 0x200b820e, 0x83078200, 0x00042203, 0x229d8230, 0x455a0050, 0x0023053b, 0x82280020, 0x00002209, 
    0x221f8238, 0x84450101, 0x001322cb, 0x8207831c, 0x8201200d, 0x82022015, 0x8212200b, 0x00032147, 0x05221785, 0xe5820c00, 0x2a002024, 0x57823400, 
    0x08822185, 0x0120a584, 0x09840883, 0x1b8d8b89, 0x3c00022a, 0x37031b00, 0x34033803, 0x2414336e, 0x03390336, 0x0a276e3a, 0x42033b2a, 0x44034303, 
    0x35033c03, 0x1b225782, 0x7d820b00, 0x89820e20, 0x3a110f74, 0x00440020, 0x004b0048, 0x004f004e, 0x00510050, 0x00530052, 0x00570056, 0x82af035b, 
    0x002c30c1, 0x03270313, 0x03240328, 0x007a001c, 0x6e740073, 0x262a0cc9, 0x1d036c00, 0x7b002903, 0x65822503, 0x659e1320, 0x5d834c20, 0x10225584, 
    0x39870500, 0x827b0021, 0x82052039, 0x211d8483, 0x73824702, 0x1600122c, 0x26001e00, 0x00000300, 0xf7822e00, 0x2005ab41, 0x20278212, 0x068d4101, 
    0x410b594a, 0x414105f3, 0x220d8d07, 0x84060306, 0x223b8335, 0x84080306, 0x4703200b, 0x083406ad, 0x06000200, 0xcb030e00, 0xff020300, 0xca03ff02, 
    0xff020200, 0x01201b82, 0x01420582, 0x848c8213, 0x000a247d, 0x4a7a005c, 0x282a0cc7, 0x6b657267, 0x616c3600, 0xc7826e74, 0x28830420, 0x82ffff21, 
    0x4200205d, 0x002006af, 0x022c0da4, 0x6e72656b, 0x73730e00, 0x14003930, 0x01204382, 0xd7849f84, 0x03260482, 0x10000800, 0x05821800, 0x32205583, 
    0x01248984, 0x02001200, 0x02241182, 0xc64f7400, 0x0e260982, 0x03000400, 0x018238ff, 0x1f829c20, 0x73000326, 0x2a037400, 0x0c280982, 0x16000300, 
    0x3a002800, 0x0420158c, 0x5b200d82, 0x53834786, 0x3d820120, 0x8f000121, 0x03042811, 0x004a002b, 0x8b4f0052, 0xba4c2129, 0x00342b82, 0x02057c02, 
    0x5e051005, 0x0205c005, 0x84077207, 0xc0079607, 0x08370383, 0x08d40822, 0x0a4809f6, 0x0c0c0bfa, 0x0e240d9a, 0x12881216, 0x822413ea, 0x13423601, 
    0x156e1364, 0x16461644, 0x17f616c4, 0x170e1700, 0x1742171c, 0x24018248, 0x175c174e, 0x22098492, 0x82bc1700, 0xde280819, 0x4e17e817, 0x4c181218, 
    0xa4187618, 0x7207e618, 0x8407f418, 0xcc1f261b, 0xe41fd61f, 0xf41fee1f, 0x2020fe1f, 0x2a20cc1f, 0xcc200b82, 0xd6331584, 0x50202020, 0x84207620, 
    0xa0209a20, 0xe820ce20, 0x8221a020, 0x14213397, 0x74211e21, 0xd021c621, 0xc621e621, 0x64138407, 0x01821c22, 0x9423362a, 0xc6211c22, 0xe824b224, 
    0xc4208b82, 0x25210387, 0x2097823a, 0x8397820e, 0x83978303, 0x82002003, 0x82002097, 0x21038493, 0x09824025, 0x84174e21, 0xa4182501, 0x6c276a26, 
    0x81837d82, 0xf4200385, 0xf4229d82, 0x13828e27, 0xb427d622, 0x07230185, 0x82d61f96, 0x839a2093, 0xc2272903, 0xc227d61f, 0xcc1fc416, 0xf6230388, 
    0x8416f027, 0xe41f2103, 0x17250783, 0x28f62700, 0x2381851c, 0x0e17f41f, 0x17230383, 0x8c202042, 0x1f482603, 0x1f2628cc, 0x879782cc, 0x288f83a3, 
    0x282a205c, 0x1f921790, 0x280383ee, 0xf627a628, 0xfa2a9029, 0x882b8217, 0x27002203, 0x855f82b4, 0x23598303, 0x175020de, 0x2b2b0386, 0x20902b90, 
    0x17902b76, 0x838420e8, 0x9e2b2703, 0x4e17042d, 0x03939a20, 0x204c182d, 0x27a418ce, 0x18a418c2, 0x870221e6, 0x462d2f03, 0x022ecc2d, 0x362fb82e, 
    0xa020a418, 0x1783b42f, 0x17022122, 0xeb839982, 0x7d83ab82, 0x09415192, 0x3a252107, 0xc582e384, 0x1f001723, 0x83a783d6, 0x82138441, 0x822583c3, 
    0x87438221, 0x4117202f, 0xd58707a3, 0xb187c986, 0x84762021, 0x203b86cb, 0x88ef8317, 0x825f86ff, 0xca2f33c3, 0x1230d02f, 0x5a301c30, 0xce30bc30, 
    0x1431d02f, 0x11836e31, 0x30c03225, 0x855e331c, 0x3834231b, 0x1f823235, 0x80361c24, 0x25826a37, 0x385a3b08, 0x39ee38b0, 0x391e3914, 0x39b03864, 
    0x3a003a92, 0x3aee3852, 0x3b14397c, 0x3b1e391e, 0x3ae23b88, 0x3a883c00, 0x3a2a3d52, 0x3e103e52, 0x39783f22, 0x40523a64, 0x4064391a, 0x338239f0, 
    0x83523a21, 0x1e412109, 0x282a0182, 0x98413e41, 0xac41a641, 0x0182b241, 0xd241c432, 0x66421442, 0xb2429842, 0xb8423e41, 0xc6421e41, 0xd2300982, 
    0x22431843, 0x44439841, 0x9e431442, 0xb842b443, 0x2d821982, 0x18321582, 0xf843da43, 0x24441a44, 0xda432a44, 0xc2446444, 0x0d82d444, 0xea441a22, 
    0x24200182, 0xf8201582, 0x0b831d82, 0x9028f822, 0xfe2d1b82, 0x1843ea44, 0x86451c45, 0xce45b845, 0x350d8244, 0x3e41fc45, 0x1a46f843, 0x5e464c46, 
    0x7e466c46, 0xb242bc46, 0x0783da43, 0x47ea4627, 0x28d24134, 0x23038390, 0x1a44b842, 0x23822784, 0x4742472d, 0x4798417c, 0x48f847b6, 0x8350481a, 
    0x82358403, 0x27258321, 0xf8447a48, 0x24448048, 0x8e260384, 0x0e49dc48, 0x6b833449, 0x49270387, 0x41464946, 0x8324441e, 0x20bd8303, 0x83238248, 
    0x70492171, 0x1826cb84, 0x14421843, 0x0387c244, 0x9b827384, 0x47a64923, 0x26038434, 0x4afa49c4, 0x83624a28, 0x2b038769, 0x864a744a, 0xd24aa84a, 
    0x0e4bf04a, 0x242c0382, 0x7e4b0e4b, 0xc0077e4b, 0x244b904b, 0x21290183, 0x22b224d0, 0x22c6211c, 0x2301931c, 0x964bc621, 0xb424019c, 0xc621ee4b, 
    0x4c290183, 0x4c960764, 0x13904c7a, 0x2f018564, 0x09000300, 0x1700baff, 0x1b007eff, 0x1300e2ff, 0xe22e0982, 0xe2ff5301, 0xa6ff1202, 0xceff1302, 
    0x03821a02, 0xecff2024, 0x07822502, 0x07827d20, 0x1b829520, 0x03829720, 0x0b82a820, 0x1382ac20, 0x0382b720, 0x0382b920, 0x0382bb20, 0x1382c220, 
    0x0382c620, 0x0b82e720, 0xceffef26, 0x0c021800, 0x15200d82, 0x2c200382, 0x34200382, 0x6d200382, 0x6e241982, 0x8702d8ff, 0x93200b82, 0xb0224d84, 
    0x0f829602, 0xb0ff9724, 0x07829802, 0x13829b20, 0x0382a420, 0x4986a620, 0x2f82e920, 0xd8ffea28, 0x88ff0103, 0x03820303, 0x7eff0424, 0x03820d03, 
    0x03820e20, 0xb3820f20, 0x05006c26, 0x0a00c4ff, 0x14200382, 0x1a20bd82, 0x37240382, 0x390092ff, 0x3a281982, 0x3c00b0ff, 0x59006aff, 0x5a201b82, 
    0x5c200382, 0x6c200382, 0x6f201382, 0x73240382, 0x7400a6ff, 0x7a200382, 0x7b200382, 0x9e240f82, 0xbe006aff, 0xc0281f82, 0x2101c4ff, 0x230192ff, 
    0x33240382, 0x3401b0ff, 0x35240f82, 0x36016aff, 0x37200782, 0x51200782, 0x52200382, 0xaa200b82, 0xba201f82, 0xbb200b82, 0xde200b82, 0xdf200b82, 
    0xe2200b82, 0xe5200382, 0xed200382, 0xf6241382, 0x0002c4ff, 0x0c280382, 0x120292ff, 0x1502e2ff, 0x20200782, 0x2120d182, 0x2c200382, 0x31200b82, 
    0x34200782, 0x37200782, 0x39240782, 0x4002f6ff, 0x69200382, 0x6a20fd82, 0x6d243382, 0x6e02a6ff, 0x73200782, 0x74200f82, 0x7d200782, 0x7e202382, 
    0x7f201f82, 0x87200782, 0x93203382, 0x95240382, 0x96029cff, 0x97201b82, 0x98200782, 0x9b200782, 0x9d201382, 0x9f201f82, 0xa3240382, 0xa402baff, 
    0xa5200782, 0xa6200782, 0xa8200782, 0xa9200382, 0xb2203f82, 0xbf200782, 0xc0200382, 0xc2200382, 0xc3200382, 0xc4201382, 0xc6200782, 0xd1209f82, 
    0xd9200782, 0xe6200382, 0xe9200382, 0xea287f82, 0x0103c4ff, 0x03034cff, 0x04240382, 0x0d03ceff, 0x0e200382, 0x0f200382, 0x1c280382, 0x1d03a6ff, 
    0x1e03b0ff, 0x1f200782, 0x20200382, 0x21200382, 0x22200382, 0x23200382, 0x24200382, 0x25200382, 0x26200382, 0x27200382, 0x28200382, 0x29200382, 
    0x582e2f82, 0x6703d8ff, 0x0400b0ff, 0xecfff001, 0x0382f201, 0x0382f720, 0xecfffa24, 0x81420400, 0x00a63006, 0x006aff42, 0x003200e6, 0xff25010a, 
    0x82d201ce, 0xffde3403, 0xffe1016a, 0xffe2017e, 0xfff90160, 0xfffd01d8, 0x820002d8, 0xff3424a5, 0x82530224, 0x8418203b, 0x00122c3b, 0xff140050, 
    0xff1500c4, 0x821600d8, 0x82172007, 0xff182803, 0xff1a00bf, 0x821b00ba, 0xff1c2403, 0x823f00b0, 0x82b12003, 0xff252641, 0xffde011a, 0x20518256, 
    0x20898238, 0x228982d8, 0x82f701d8, 0x82f92017, 0x88fa2003, 0x036a2661, 0x03ecff56, 0x228f8258, 0x820f002c, 0x82112039, 0x82172003, 0x8224205d, 
    0x822d2059, 0x00372403, 0x8281001e, 0x82822007, 0x82832003, 0x82842003, 0x82852003, 0x82862003, 0x82c12003, 0x82c32003, 0x82c52003, 0xfff42803, 
    0x002101c4, 0x8223011e, 0x82612003, 0x8271200b, 0x827220f3, 0x82742007, 0x828a2003, 0x82902003, 0x82922003, 0x82aa2003, 0x82ae201f, 0x82c42007, 
    0x82cd2003, 0x82d02003, 0x82d72003, 0x00de2403, 0x8240021e, 0x827e20ef, 0x82a32003, 0x82a42003, 0x82a520ff, 0x82a62007, 0x82a92007, 0x82c12007, 
    0x82c32003, 0xffc62403, 0x82e602b0, 0x820a20b1, 0x820820a7, 0x00d82af7, 0x003c003f, 0x019cff42, 0x207182d2, 0x204982de, 0x2a0382e1, 0x02baffe2, 
    0x00ecff00, 0x82050014, 0x820920cb, 0x820a2009, 0xff0f2407, 0x821100ce, 0xff6d2c03, 0xff6d02ce, 0xffa302f6, 0x82a502e2, 0xffe92c03, 0xff0103f6, 
    0xff0203ce, 0x820303a6, 0x82042007, 0x82052003, 0x420a200b, 0x3b830e11, 0x0f006c24, 0x4582e2ff, 0x1700e222, 0x23240782, 0x3c00f6ff, 0x46205d82, 
    0x47200782, 0x48200382, 0x4a200382, 0x52200382, 0x54200382, 0x6c200382, 0x6d820382, 0x826f0021, 0x827b2007, 0x829e2003, 0x82a8202b, 0x82a92007, 
    0x82aa2003, 0x82ab2003, 0x82ac2003, 0x82b12003, 0x82b32003, 0x82b42003, 0x82b52003, 0x82b62003, 0x82b72003, 0x82b92003, 0x82c82003, 0x82ca2003, 
    0x82cc2003, 0x82ce2003, 0x82d02003, 0x82d12003, 0x82d32003, 0x82d52003, 0x82d72003, 0x82d92003, 0x82db2003, 0x82dd2003, 0x82df2003, 0x82e12003, 
    0xffe32403, 0x820c01f6, 0x820e2003, 0x82102003, 0x82122003, 0xff352403, 0x823701ec, 0x824d2003, 0x8251200b, 0x82532007, 0x825a2003, 0x8266200b, 
    0x219f8203, 0x07827f01, 0x03828120, 0x03828520, 0x03828720, 0x03828f20, 0x03829520, 0x03829720, 0x03829d20, 0x03829f20, 0x0121ab82, 0x200782b3, 
    0x200382b5, 0x200382b7, 0x200382b9, 0x824782ba, 0xdf01219f, 0xe2200782, 0xe5200382, 0xe6200382, 0xe7201782, 0xe9200382, 0xeb200382, 0xee200382, 
    0xef200382, 0xf2200382, 0xf3200382, 0xf7200382, 0xf8200382, 0xfa200382, 0xfb200382, 0xfc200382, 0xff240382, 0x0202f6ff, 0x03200382, 0x05200382, 
    0x07200382, 0x20200382, 0x69280382, 0x6d02ecff, 0x7302e2ff, 0x7d200782, 0x95240f82, 0x9702d8ff, 0xa8200382, 0xc2200b82, 0xc6200382, 0xe9241b82, 
    0x0a03e2ff, 0x11280382, 0x1d03ceff, 0x2903f6ff, 0x672e0382, 0x0400f6ff, 0x1e003f00, 0xd8ff4200, 0x6182e101, 0xceffe22e, 0x0d006300, 0x0f00ecff, 
    0x1100baff, 0x14200382, 0x37240b82, 0x3900e2ff, 0x3a200782, 0x3c200382, 0x3d200b82, 0x41203782, 0x59200b82, 0x5a200b82, 0x5b200382, 0x5c200f82, 
    0x6c200782, 0x6f200782, 0x71200382, 0x73201b82, 0x74200f82, 0x7a200382, 0xdb410382, 0x00e22205, 0x240b82be, 0x01e2ffc0, 0x20038221, 0x24038223, 
    0x01ecff33, 0x20078234, 0x20038235, 0x82038236, 0x38012167, 0x3a208582, 0x3c200382, 0x51200382, 0x52201382, 0xaa200382, 0xba200382, 0xbb200382, 
    0xd2200382, 0xde201782, 0xdf200782, 0xe2200382, 0xe5200382, 0xed200382, 0xf6200382, 0x0020e382, 0x0c200382, 0x15200382, 0x20240382, 0x2c02ecff, 
    0x5f820782, 0x824b0221, 0x8253200b, 0xff692803, 0xff6d02d8, 0x827302ce, 0x827d2007, 0x8287200f, 0x8288201f, 0x82932007, 0x82942007, 0xff952407, 
    0x829702c4, 0x829b2003, 0x829c200f, 0x82a3200f, 0x82a5202b, 0x45a82003, 0xc620062b, 0xe92c0b82, 0x0103ceff, 0x0203ecff, 0x0303e2ff, 0x04200782, 
    0x05200382, 0x0a240b82, 0x0d03baff, 0x0e200b82, 0x0f200382, 0x1c200382, 0x1d241382, 0x1e03f6ff, 0x1f200782, 0x20200382, 0x21200382, 0x22200382, 
    0xfb820382, 0x82240321, 0x82252007, 0x82262003, 0x82272003, 0x82282003, 0x82292003, 0x8258202f, 0x8261203b, 0x82652003, 0xff672403, 0x412200f6, 
    0xa7410889, 0x41002006, 0x7b240765, 0x1a02f6ff, 0x59820382, 0x82400221, 0x826d20b1, 0x826e20d5, 0x827d20a9, 0x827e200b, 0x82952003, 0x8296200f, 
    0x8297200f, 0x84982007, 0x05cf43cd, 0x1b82a820, 0x0382a920, 0x3b82b720, 0x0382b920, 0x0382bb20, 0x0f82c220, 0x0382c320, 0xd822e185, 0x7d82ea02, 
    0x2942d183, 0x883c200b, 0x82242089, 0x433b2097, 0x958506db, 0x81009c22, 0x82200f82, 0x83200382, 0x84200382, 0x85200382, 0x86200382, 0x9e240382, 
    0xc100ecff, 0xc3200782, 0xc5200382, 0x240a6343, 0x01ecff51, 0x200f8261, 0x20038272, 0x20038274, 0x2003828a, 0x20038290, 0x20038292, 0x063343ae, 
    0x0782c420, 0x0382cd20, 0x0382d020, 0x0382d720, 0x3382df20, 0x2205a542, 0x82e501ec, 0xa7fdabd1, 0xff0223f5, 0xdd4403a6, 0x01ba2a05, 0xff06001c, 
    0xff090092, 0x2ef982a6, 0xff110024, 0xff120024, 0xff1300c4, 0x821600e2, 0xff172403, 0x82180088, 0x821920dd, 0x001a240b, 0x821b0028, 0x821c2007, 
    0x821d200f, 0x821e2023, 0xff1f2803, 0xff23004c, 0x822400d8, 0x82262037, 0x822a2017, 0xff2d2403, 0x82320060, 0x82342007, 0x823f2003, 0xfe422433, 
    0x824400b6, 0xff46245f, 0x8247009c, 0x82482003, 0x824a2003, 0x82522003, 0x82542003, 0xff562803, 0xff5800b0, 0x825b00ce, 0x826d2047, 0x827c206f, 
    0x82812007, 0x8282204f, 0x82832003, 0x82842003, 0x82852003, 0x82862003, 0x82882003, 0x82932053, 0x82942003, 0x82952003, 0x82962003, 0x82972003, 
    0x82992003, 0x82a12003, 0x82a22063, 0x82a32003, 0x82a42003, 0x82a52003, 0x82a62003, 0x82a72003, 0x82a82003, 0x82a92067, 0x82aa2003, 0x82ab2003, 
    0x82ac2003, 0x82b12003, 0x82b32003, 0x82b42003, 0x82b52003, 0x82b62003, 0x82b72003, 0x82b92003, 0x82ba2003, 0x82bb208f, 0x82bc2003, 0x82bd2003, 
    0x82c12003, 0x82c2207b, 0x82c32047, 0x82c42007, 0x82c52007, 0x82c62007, 0x82c72007, 0x82c82077, 0x82c9202f, 0x82ca2007, 0x82cb2007, 0x82cc2007, 
    0x82cd2007, 0x82ce2007, 0x82d02007, 0x82d12003, 0x82d32003, 0x82d52003, 0x82d72003, 0x82d92003, 0x82db2003, 0x82dc2003, 0x82dd2023, 0x82de2007, 
    0x82df2007, 0x82e02007, 0x82e12007, 0x82e22007, 0x82e32007, 0xfff42c07, 0xff0b0160, 0xff0c01ec, 0x820d019c, 0x820e2007, 0x820f2007, 0x82102007, 
    0x82112007, 0x82122007, 0xff1a2407, 0x821c01b0, 0x821e2003, 0x82202003, 0xff282403, 0x822a01ce, 0x822c2003, 0x822e2003, 0x82302003, 0x82322003, 
    0x824c2003, 0x824d202f, 0x8250202f, 0x05f1450b, 0x61019c2a, 0x620124ff, 0x6501a6ff, 0x66201b82, 0x68201b82, 0x6a201b82, 0x6c200382, 0x6e200382, 
    0x70200382, 0x71200382, 0x72201782, 0x73202782, 0x74202782, 0x75200782, 0x77200782, 0x7a200382, 0x7b203382, 0x7e201b82, 0x7f200782, 0x80200782, 
    0x81200782, 0x85200782, 0x86200382, 0x87200b82, 0x8a200782, 0x8b202f82, 0x8d202b82, 0x8e200382, 0x8f201382, 0x90201382, 0x91201382, 0x92200f82, 
    0x93200782, 0x95200782, 0x97201382, 0x9c200382, 0x9d201f82, 0x9e200782, 0x9f200782, 0xa5200782, 0xa7207b82, 0xa9200382, 0xae20d382, 0xaf202b82, 
    0xb1202b82, 0xb2201782, 0xb3201f82, 0xb4200782, 0xb5200782, 0xb6200782, 0xb7200782, 0xb8200782, 0xb9200782, 0xc4200782, 0xcc202b82, 0xcd200782, 
    0xd0200782, 0xd4200382, 0xd7201782, 0xdb200782, 0xe0200782, 0xe6200382, 0xe7201b82, 0xe9200382, 0xea200382, 0xeb205f82, 0xee200782, 0xef200382, 
    0xf0200382, 0xf2200382, 0xf3200382, 0xf8200382, 0xfa200382, 0xfb200382, 0xfc200382, 0xfe200382, 0xff282b82, 0x01029cff, 0x0202ceff, 0x03200782, 
    0x04200382, 0x05200b82, 0x06200782, 0x07200782, 0x12220782, 0x454c56ff, 0x02602206, 0x069d451e, 0x1b822520, 0xd8ff2e30, 0xecff3902, 0xbaff3a02, 
    0x00003b02, 0x13823e02, 0x13824020, 0x0b824120, 0x0b824420, 0x1b825020, 0x07826220, 0x07826d20, 0x17826e20, 0x094b7a20, 0x02d82208, 0x200f8296, 
    0x20038298, 0x201b829e, 0x200382a0, 0x206782a4, 0x4a0382a6, 0xd82205e9, 0x3782ac02, 0x0382ad20, 0x1b82b320, 0x60ffb724, 0x6382b802, 0x0782b920, 
    0x0782ba20, 0x0782bb20, 0x0782bc20, 0x2f82c120, 0x2205054b, 0x82c502d8, 0x82c62073, 0x82da2013, 0x82e0202f, 0x82e62067, 0x82e7203b, 0x82e82003, 
    0x82e92003, 0x82ea2013, 0x82ef206b, 0x82f0200b, 0xfff92803, 0xfe0203ec, 0x820503de, 0xff0a3003, 0xff110324, 0xff120388, 0xff2a03d8, 0x822b034c, 
    0x822c2003, 0x822d2003, 0x822e2003, 0x822f2003, 0x82302003, 0x82312003, 0x82322003, 0x82332003, 0x82342003, 0x82352003, 0x82362003, 0x82372003, 
    0x82382003, 0xff5c2a03, 0x001800e2, 0x00ecff24, 0x20098239, 0x4503823a, 0xec22095b, 0x17828200, 0x03828320, 0x03828420, 0x03828520, 0x03828620, 
    0x0382c120, 0x0382c320, 0xecffc528, 0xe2ff3301, 0x07826101, 0x03827220, 0x03827420, 0x03828a20, 0x03829020, 0x03829220, 0x3745ae20, 0x00ce2a08, 
    0xff1a000e, 0x003c00d8, 0x07194a00, 0x009e0025, 0x82350100, 0x82372003, 0x82512003, 0x82ba2003, 0x132d4a03, 0x1500072a, 0x16000a00, 0x1700f6ff, 
    0x1a209b82, 0xde246f82, 0xe201b0ff, 0x5820f982, 0x08268382, 0xc4ff0c02, 0x03821502, 0x03822c20, 0x03823420, 0x03828720, 0x03829320, 0xc4ff9b24, 
    0x35825803, 0xe1010224, 0x0982b0ff, 0x7500b022, 0x6a208382, 0xc424e982, 0x60ff3700, 0x6a30ed82, 0x6aff3a00, 0x92ff3b00, 0x4cff3c00, 0x88ff3d00, 
    0x2008ad4d, 0x06b14d5b, 0xb3825d20, 0x2017674b, 0x2033829e, 0x05b54dbe, 0x734b0020, 0x2101250a, 0x230160ff, 0x332a0382, 0x34016aff, 0x3501c4ff, 
    0xc14d4cff, 0x014c2a06, 0x0188ff38, 0x01d8ff39, 0x2007823a, 0x2007823b, 0x2007823c, 0x2007823d, 0x20238251, 0x202b8252, 0x4b038261, 0x4f82149f, 
    0x1b82ae20, 0x2782ba20, 0xa74bbb20, 0x82d2200e, 0x82d72043, 0x82de2013, 0x82df2023, 0xffe1241f, 0x82e20192, 0x82e52007, 0x0d0d4e03, 0x1202602e, 
    0x1302a6ff, 0x1502c4ff, 0x180260ff, 0x1a200b82, 0x1e2c0b82, 0x2002d8ff, 0x21029cff, 0x2502e2ff, 0x2c200f82, 0x2d201b82, 0x2f201b82, 0x31200b82, 
    0x34201b82, 0x37200f82, 0x39241b82, 0x4b02ceff, 0x4e200382, 0x53201782, 0x7d200782, 0x7f203382, 0x87201782, 0x88201f82, 0x93200f82, 0x94200782, 
    0x99200782, 0x9a201f82, 0x9b200382, 0x9c200f82, 0x9d200f82, 0x9f204382, 0xa8200382, 0xac202f82, 0xb2201782, 0xb7200b82, 0xb9200782, 0xcb820382, 
    0x82c20221, 0x82c42017, 0x82d12047, 0x82d32003, 0x82d52077, 0x82d72003, 0x82d92003, 0x82e12027, 0x82e22023, 0x82e32003, 0x82e42003, 0x82e72003, 
    0xffef2803, 0xff0103c4, 0x82030342, 0xff582e03, 0x0040006a, 0x00ceff17, 0x0088ff24, 0x20038281, 0x20038282, 0x20038283, 0x20038284, 0x20038285, 
    0x24038286, 0x0056ff87, 0x200782c1, 0x240382c3, 0x0188ffc5, 0x24038261, 0x01ecff71, 0x20078272, 0x24038274, 0x0156ff76, 0x2007828a, 0x2007828c, 
    0x20078290, 0x20038292, 0x200382ae, 0x200382c4, 0x200382cd, 0x240382d0, 0x0288ffd7, 0x50a98212, 0x92220593, 0xad822002, 0xdd822520, 0x0a003b28, 
    0xf6ff3e02, 0x07823f02, 0x03824720, 0x03824a20, 0x03824d20, 0x03825920, 0x03825a20, 0x03825d20, 0x1e006924, 0x07826c02, 0x07827320, 0x14007924, 
    0x3b827d02, 0x07828520, 0x13829020, 0x03829220, 0x0f82a420, 0x0382a620, 0x0382a820, 0x2605d350, 0xffb90292, 0x82bb0292, 0x82be2003, 0xffc1241f, 
    0x82c202ec, 0x82cc201b, 0x82ce200b, 0x82d02003, 0x82df2003, 0x07e7503f, 0x15001f2e, 0x1a00ecff, 0x3900d8ff, 0x3b00e2ff, 0x3c200b82, 0x59200b82, 
    0x5c200b82, 0x9e200382, 0xbe200b82, 0xc0270782, 0x3501e2ff, 0x4a01d8ff, 0xd82205f1, 0x0b825101, 0x13825220, 0x0782ba20, 0x5d82bb20, 0x2205cd4b, 
    0x826e02c4, 0x5173206d, 0xec21081b, 0x051b5102, 0x4b02ec21, 0xc42a05cd, 0xecffea02, 0xc4ff0103, 0x03820303, 0x57825820, 0x14000c28, 0x1800baff, 
    0x8182f6ff, 0x1b00e222, 0x1c207d82, 0x1f280382, 0x2200c4ff, 0x3f0088ff, 0x6e207d82, 0x78200382, 0x98280f82, 0x2501c4ff, 0x020092ff, 0x2606fb4b, 
    0x000300a6, 0x82b0ff12, 0x00ec2337, 0x0d83ff42, 0x9f481720, 0x82782006, 0x0009244d, 0x82ceff09, 0x849c201f, 0x821620dd, 0x82172019, 0x821b206d, 
    0x003f2203, 0x212f8214, 0x25830038, 0x21820120, 0x0100e222, 0x28205182, 0x9c204d84, 0x4d830984, 0x3f820d20, 0x9b82e220, 0x8500ec21, 0x82ce203b, 
    0x00ec22a3, 0x243f821c, 0x007eff1f, 0x22078223, 0x829cff6e, 0x00a62a43, 0x01d8ff98, 0x03ceff26, 0x20c782b5, 0x2131820a, 0x878300a6, 0x6d841a20, 
    0x1f00ec22, 0x2222bd82, 0xc98574ff, 0x82fcfe21, 0x82882031, 0x004222c5, 0x205f8208, 0x209f86c4, 0x203182f6, 0x20c782c4, 0x85d986f6, 0x8402209b, 
    0x20a58347, 0x0527500a, 0x8660ff21, 0x8274208b, 0x86602055, 0x828820a9, 0x00602a51, 0x013c00f5, 0x006e0099, 0x2029820e, 0x2055829c, 0x203b826a, 
    0x06db49ba, 0x2d82f620, 0xb1826a20, 0x3186ba20, 0x6e006023, 0x203583ff, 0x22b982b0, 0x84c101b0, 0x00ce21b9, 0x39836383, 0x254a7420, 0x223d8506, 
    0x866aff1f, 0x82562035, 0x82c42067, 0x00ec22e3, 0x2063820b, 0x206382ec, 0x065941e2, 0x6b82e220, 0x6b82e220, 0x92206783, 0xec206782, 0x14203182, 
    0xa6202d82, 0x10202d84, 0x88202d82, 0x74202d82, 0xd8202d86, 0x74202d82, 0xce212d82, 0x05e74100, 0x31822e20, 0xf786d820, 0x99824c20, 0x39829c20, 
    0x99829c20, 0x9982a620, 0x41828820, 0x0300ba22, 0xce203182, 0xb383c382, 0x8c00c428, 0x50000f00, 0x03821100, 0xecff1428, 0xe2ff1a00, 0x03822600, 
    0x03822a20, 0x03823220, 0x03823420, 0xb0ff372c, 0xd8ff3800, 0x9cff3900, 0x03823a00, 0x2605d142, 0x004d00b0, 0x8259003c, 0xff5a240f, 0x825c00c4, 
    0x82882007, 0x8293202b, 0x82942003, 0x82952003, 0x82962003, 0x82972003, 0x82992003, 0x829a2003, 0x829b203f, 0x829c2003, 0x829d2003, 0x829e2003, 
    0x82be2053, 0x82c02033, 0x82c72003, 0x82c9201f, 0x82cb2003, 0x82cd2003, 0x82dc2003, 0x82de2003, 0x82e02003, 0x82e22003, 0x00f52803, 0xff0b013c, 
    0x820d01e2, 0x820f2003, 0x82112003, 0xff212403, 0x822301b0, 0xff272403, 0x822901d8, 0x822b2003, 0x822d2003, 0x822f2003, 0x82312003, 0xff332203, 
    0x06ed459c, 0x3601b022, 0xc3820b82, 0x824c0121, 0x824f2037, 0x8251201b, 0x82522037, 0x82652013, 0x8267200f, 0x8269200f, 0x826b2003, 0x826d2003, 
    0x826f2003, 0xff712403, 0x827a01ec, 0x827e201b, 0x82802003, 0x82862003, 0x828e2003, 0x829c2003, 0x829e2003, 0x82a42003, 0x82a62023, 0x82aa2003, 
    0x82b22047, 0x82b4200f, 0x82b62003, 0x82b82003, 0x82ba2003, 0x82bb2013, 0x82bc205b, 0x82d420b3, 0x47db200f, 0xdf20061f, 0xe0201782, 0xe1200b82, 
    0xe2205b82, 0xe5200b82, 0xed200382, 0xf6242782, 0x00029cff, 0x402c0382, 0x4b02ecff, 0x5002d8ff, 0x5302ceff, 0x692a0782, 0x6a02b0ff, 0x6d02a6ff, 
    0xff536aff, 0x02b02206, 0x200f8274, 0x2027827e, 0x201f8288, 0x53038294, 0x9c200ff7, 0x9e201382, 0xa0203f82, 0xa3200382, 0xa4205382, 0xa5204382, 
    0xa6200782, 0xa9200782, 0xb3203782, 0xbf201782, 0xc0202382, 0x29520382, 0x02d82209, 0x201782da, 0x201f82e6, 0x286b82e9, 0x03c4ffea, 0x03defe01, 
    0x28038203, 0x031aff04, 0x0350000a, 0x2007820d, 0x2003820e, 0x2003820f, 0x2eb38258, 0xff0d0029, 0xff13006a, 0xff14009c, 0x8216001a, 0x05034d07, 
    0x19009c22, 0x1b200b82, 0x1c200382, 0x26240382, 0x2a00a6ff, 0x2d240382, 0x3200d8ff, 0x34200782, 0x37240382, 0x380088ff, 0x392c0782, 0x3a0060ff, 
    0x3c0056ff, 0x41004cff, 0x422c4b82, 0x4400b0ff, 0x4600ecff, 0x4700c4ff, 0x48200382, 0x4a200382, 0x4d240382, 0x5200a000, 0x53240782, 0x54001400, 
    0x56200782, 0x58202382, 0x59244f82, 0x5a000a00, 0x5c203f82, 0x71200782, 0x88203f82, 0x93205382, 0x94200382, 0x95200382, 0x96200382, 0x97200382, 
    0x99200382, 0x9a200382, 0x9b200382, 0x9c200382, 0x9d200382, 0x9e200382, 0xa1247382, 0xa200ceff, 0xa3204b82, 0xa4200782, 0xa5200382, 0xa6200382, 
    0xa7200f82, 0xa8200382, 0xa9206782, 0xaa206382, 0xab200782, 0xac200782, 0xb1200382, 0xb3200b82, 0xb4200782, 0xb5200782, 0xb6200782, 0xb7200382, 
    0xb9200382, 0xba200f82, 0xbb200782, 0xbc200382, 0xbd200382, 0xbe200382, 0xc0209382, 0xc2209b82, 0xc4205382, 0xc6200382, 0xc7205382, 0xc8207782, 
    0xc9202b82, 0xca200782, 0xcb202382, 0xcc200782, 0xcd200f82, 0xce200782, 0xd0200f82, 0xd1200b82, 0xd3200382, 0xd5200b82, 0xd7200382, 0xd9200b82, 
    0xdb200382, 0xdc200b82, 0xdd202382, 0xde200782, 0xdf200782, 0xe0200782, 0xe1200782, 0xe2201b82, 0xe3200782, 0xf4200782, 0xf52c1382, 0x0b01a000, 
    0x0c01a6ff, 0x0d01d8ff, 0x0e200782, 0x0f200782, 0x10200782, 0x11200782, 0x12280782, 0x1a01c4ff, 0x1c01ecff, 0x1e200f82, 0x20200782, 0x21240782, 
    0x230188ff, 0x27200382, 0x28201f82, 0x29200f82, 0x2a200782, 0x2b200782, 0x2c200782, 0x2d200782, 0x2e200782, 0x2f200782, 0x30200782, 0x31200782, 
    0x32200782, 0x33240782, 0x340156ff, 0x47490382, 0x01562605, 0x014cff37, 0x201b824c, 0x2063824d, 0x2007824f, 0x20238250, 0x24138251, 0x010a0052, 
    0x2413825a, 0x01ceff62, 0x20178265, 0x20178266, 0x20078267, 0x20078268, 0x20078269, 0x2007826a, 0x2007826b, 0x2007826c, 0x2007826d, 0x2007826e, 
    0x2007826f, 0x24078270, 0x01e2ff71, 0x20378273, 0x20038275, 0x20af8277, 0x2017827a, 0x2017827b, 0x2007827e, 0x2053827f, 0x20078280, 0x200f8281, 
    0x200b8285, 0x200b8286, 0x20078287, 0x202b828b, 0x202b828d, 0x200f828e, 0x200f828f, 0x200f8291, 0x20038293, 0x20278295, 0x20038297, 0x2017829c, 
    0x2007829d, 0x2007829e, 0x2007829f, 0x200782a4, 0x200782a5, 0x200782a6, 0x200782a7, 0x243b82a9, 0x0188ffaa, 0x200782af, 0x203f82b1, 0x201782b2, 
    0x201782b3, 0x200782b4, 0x200782b5, 0x200782b6, 0x201782b7, 0x200782b8, 0x490f82b9, 0x562605fb, 0xa000bc01, 0x6782cc01, 0x1782d420, 0x0382db20, 
    0x4382de20, 0x2effdf24, 0x0b82e001, 0x0782e220, 0x0382e520, 0x1f82e620, 0x0382e720, 0x0382e920, 0x3b82ea20, 0x0782eb20, 0xe382ed20, 0x0b82ee20, 
    0x0b82ef20, 0x0782f020, 0x0382f220, 0x0b82f320, 0x1782f620, 0x0b82f720, 0x0382f820, 0x0382fb20, 0x0382fc20, 0x0382fe20, 0xd8ffff24, 0x03820102, 
    0xceff0224, 0x03820302, 0x0b820420, 0x03820520, 0x03820620, 0x0f820720, 0x88ff0c28, 0xa6ff0e02, 0x0f821202, 0x0b821520, 0x07821820, 0x78001e24, 
    0x13822102, 0x03822820, 0x03822b20, 0x17822c20, 0x17822d20, 0x9cff2e28, 0x60ff3102, 0x0f823402, 0x17823720, 0x27823e20, 0xc4ff4b28, 0xbaff5002, 
    0x07825302, 0x4f826920, 0x07826a20, 0x1b826b20, 0x56ff6d24, 0x03826e02, 0x13827320, 0x13827420, 0x13827f20, 0x37828720, 0x0b828820, 0x0b828f20, 
    0x03829120, 0x0f829320, 0x0f829420, 0x0b829520, 0x2b829620, 0x07829720, 0x07829820, 0x17829b20, 0x17829c20, 0x6b829d20, 0x5b829e20, 0x07829f20, 
    0x0782a020, 0x7effa324, 0x8382a402, 0x0782a520, 0x0782a620, 0x1782b220, 0x1782b320, 0xe2ffc124, 0x3b82c402, 0x0382cb20, 0x0382cd20, 0x0382cf20, 
    0x0382d120, 0xb382d320, 0x0382d520, 0x0382d720, 0x2b82d920, 0x2b82da20, 0x5f82e920, 0x56ffea28, 0xa6ff0103, 0x03820303, 0xd8ff563a, 0x92ff5803, 
    0x6aff6103, 0x6aff6503, 0x14000200, 0x1a00b0ff, 0x0300e2ff, 0xce200982, 0xc4240982, 0xc4ff4200, 0x1a221782, 0x0982d8ff, 0x0100e226, 0x2800ad00, 
    0xd8240f88, 0x09000800, 0x12262d82, 0x1700ceff, 0x218288ff, 0x7800d82e, 0xb100ecff, 0xb900d3ff, 0x8f01d3ff, 0x02200782, 0xe2264582, 0x3c004200, 
    0x2b820900, 0x2782ec20, 0x1182a620, 0x1f00d828, 0x6e0056ff, 0x2f8274ff, 0x2f82d820, 0x2f82ce20, 0x2f82ce20, 0x2586ce20, 0xbaff1222, 0xd8202982, 
    0xec202982, 0xb0222982, 0x75822200, 0x13824220, 0x03826e20, 0x9f86b120, 0x4784e220, 0x6f824220, 0x2b840520, 0x85821f20, 0xf6ff7822, 0xf1204982, 
    0xf1224982, 0x3d840100, 0x75820b20, 0x1200ce24, 0x238692ff, 0x2300ba22, 0x42223f82, 0x7d8260ff, 0x9800b022, 0xa724d782, 0x7701d8ff, 0x8d200382, 
    0x06200b82, 0xc4202d82, 0xc4202d82, 0xff832d86, 0xc421a783, 0x20198300, 0x20938af6, 0x20b982c4, 0x20b984e2, 0x20a18204, 0x204d8292, 0x201184ba, 
    0x26818298, 0xff010302, 0x820303ba, 0x02152aab, 0x02ceff0c, 0x02b0ff12, 0x08095c15, 0x2c02ba22, 0x2f240b82, 0x3402e2ff, 0x7d240782, 0x8702baff, 
    0x93200782, 0x99200382, 0x9b201382, 0xa8200782, 0x155c1382, 0x02ba220d, 0x241b82e1, 0x03e2ffe3, 0x26bd8258, 0xff370014, 0x8239007e, 0x823a205f, 
    0x823c200d, 0xff9e240b, 0x8221017e, 0x82232003, 0xff252803, 0xff3301c4, 0x823501e2, 0x2127820b, 0x07825101, 0x0382aa20, 0x0382ba20, 0x0382de20, 
    0x0382df20, 0x0382e220, 0x7effe522, 0x2107054b, 0xf7820200, 0xe600b026, 0x05005000, 0xce28e382, 0xd8ff1a00, 0x9cffde01, 0x2206a34e, 0x820d00d8, 
    0x829c20c7, 0x829c20c3, 0x829c20bb, 0x029c22b7, 0x208f824b, 0x24038253, 0x029cff87, 0x20078288, 0x20078293, 0x22bf8494, 0x849c029c, 0x00d822a7, 
    0x20558206, 0x204f82e2, 0x2e598292, 0x00f9015a, 0x00fd0146, 0xfdb30346, 0x82570076, 0x00ec2619, 0x00b0ff0e, 0x41038210, 0x1f2007ed, 0x42200b82, 
    0x6d24d582, 0x6e00d8ff, 0x73240782, 0x74005a00, 0x7a200382, 0xb1280382, 0xb8000000, 0xc401b0ff, 0xcc240382, 0xcd01ecff, 0xd0200782, 0xd2200382, 
    0xd720ed82, 0xde240782, 0xdf0192ff, 0xe1201782, 0x260c2958, 0xffe701ec, 0x82e801f6, 0x82e920cd, 0x82eb2017, 0x82ed2003, 0x82ee200b, 0x82ef2007, 
    0xfff02417, 0x82f101f1, 0xfff2240f, 0x82f301e2, 0x82f62013, 0x82f7200b, 0x82f82007, 0x82f92003, 0x82fa2013, 0x82fb201f, 0x82fc200b, 0x82fd2003, 
    0xffff220f, 0x064558ec, 0x0502ec22, 0x072c0b82, 0x0103f6ff, 0x02039cff, 0x0303ecff, 0x04230782, 0x82033c00, 0x0d032117, 0x0e200782, 0x0f200382, 
    0x11280382, 0x1c03d8ff, 0x1e035a00, 0x1f200382, 0x20200382, 0x21200382, 0x22200382, 0x23200382, 0x24200382, 0x25200382, 0x26200382, 0x27200382, 
    0x28200382, 0x2a240382, 0x2b0388ff, 0x2c200382, 0x2d200382, 0x2e200382, 0x2f200382, 0x30200382, 0x31200382, 0x32200382, 0x33200382, 0x34200382, 
    0x35200382, 0x36200382, 0x37200382, 0x38200382, 0xaf300382, 0x4700b0ff, 0xe2ff0900, 0xc4ff2400, 0xa6ff2d00, 0x22062950, 0x823a00b0, 0x823b200f, 
    0xff3c240f, 0x823d009c, 0xff44240b, 0x825b00f6, 0x825d2027, 0x17215003, 0x2b828720, 0x28009124, 0x07829e00, 0x2f82a120, 0x0382a220, 0x0382a320, 
    0x0382a420, 0x0382a520, 0x0382a620, 0x0382a720, 0x4f82c120, 0x0782c220, 0x0782c320, 0x0782c420, 0x0782c520, 0x0782c620, 0xa6fff42a, 0x28000101, 
    0x1e000201, 0x24085550, 0x01c4ff25, 0x200f8226, 0x24078233, 0x019cff35, 0x20038237, 0x240b8238, 0x01e2ff39, 0x2007823a, 0x2007823b, 0x2007823c, 
    0x2007823d, 0x201b8251, 0x240b8261, 0x01f6ff62, 0x20078272, 0x20078273, 0x20078274, 0x20078275, 0x201b8276, 0x20078277, 0x200f828a, 0x2007828b, 
    0x200f828c, 0x2007828d, 0x200f8290, 0x20078291, 0x20078292, 0x20078293, 0x067950aa, 0x0b82af20, 0xc782ba20, 0x14000d26, 0x1500b0ff, 0x16240982, 
    0x1a00a6ff, 0x1b240782, 0xd201baff, 0xde2a0382, 0xe101fcfe, 0xe201b0ff, 0x2b5d4cff, 0x02c4280a, 0x00ceff53, 0x82170014, 0xff25284f, 0xffde0174, 
    0x82df0124, 0x09a15021, 0xf601ba26, 0x0002baff, 0x50240382, 0x9e02f6ff, 0xa0200382, 0xb3200382, 0xda220382, 0x795ff6ff, 0x03ba260a, 0x03baff0d, 
    0x2f03820e, 0x00baff0f, 0xff780001, 0x004a00f6, 0x00c4ff24, 0x2205735f, 0x823c00b0, 0xff592491, 0x515c00d8, 0xa6221cb5, 0x1f82be00, 0x0382c020, 
    0x5f0db551, 0x35280577, 0x3601a6ff, 0x3701d8ff, 0x51200782, 0x52200382, 0x95510b82, 0x01922219, 0x20d782ae, 0x202782ba, 0x2c2782bb, 0x0292ffde, 
    0x026aff0c, 0x02ceff12, 0x20078215, 0x22d38218, 0x54ecff1a, 0xa6220679, 0x17822102, 0x17822c20, 0x17822d20, 0x0b822f20, 0x03823120, 0x0f823420, 
    0x07823720, 0xa6ff3924, 0x03827d02, 0x0b827f20, 0x13828720, 0x03829320, 0x0b829920, 0x07829b20, 0x07829d20, 0x03829f20, 0x1f82a820, 0x0782b220, 
    0x5382b720, 0x0382b920, 0x0382bb20, 0x1382c220, 0x1382c420, 0x0382d120, 0x5782d320, 0x0382d520, 0x0382d720, 0x0f82d920, 0x0382e120, 0xceffe32e, 
    0xbaff5803, 0x0f004000, 0x110038ff, 0x24260382, 0x2d00b0ff, 0x3541ceff, 0x009c2206, 0x240b823a, 0x0092ff3c, 0x2017823d, 0x20038281, 0x20038282, 
    0x20038283, 0x20038284, 0x20038285, 0x24038286, 0x007eff87, 0x2023829e, 0x200b82c1, 0x200382c3, 0x220382c5, 0x60cefff4, 0xce260aad, 0x92ff3501, 
    0x03823701, 0xb0ff3824, 0x03823a01, 0x03823c20, 0x0f825120, 0x07826120, 0x03827220, 0x03827420, 0x7eff7624, 0x07828a01, 0x07828c20, 0x07829020, 
    0x03829220, 0x2382aa20, 0x0782ae20, 0x0782ba20, 0x8b44d220, 0xffe22406, 0x82010392, 0xff022403, 0x82030306, 0x82052007, 0xff0a2807, 0xff2a0338, 
    0x822b03c4, 0x822c2003, 0x822d2003, 0x822e2003, 0x822f2003, 0x82302003, 0x82312003, 0x82322003, 0x82332003, 0x82342003, 0x82352003, 0x82362003, 
    0x82372003, 0xff382403, 0x820800c4, 0x03742e51, 0x039cff02, 0x0374ff03, 0x03ceff04, 0x600b8205, 0x00270a5b, 0xff0f0009, 0x821100ec, 0xff142103, 
    0x2207bf47, 0x825b00d8, 0x00c128e7, 0x00c50100, 0x820a0300, 0x0bdd471b, 0x4700d821, 0x56201721, 0x24142147, 0xff1a0001, 0x2c6782d8, 0x003c0004, 
    0x005a0014, 0x00320015, 0x2407821a, 0x001e001b, 0x28138222, 0x006e003f, 0x016e00e6, 0x26138225, 0x00ad0002, 0x82e90078, 0x001a2203, 0x2027820d, 
    0x24038241, 0x0050006c, 0x2003826f, 0x450b8271, 0x7b280bdf, 0x1c035000, 0x1d035a00, 0x2b450782, 0x8229202b, 0x0061242f, 0x82650332, 0x46672003, 
    0xec2206bf, 0xfd821f00, 0xe2ff2328, 0xf6ff3b02, 0x0b825302, 0x05003a26, 0x0a007eff, 0x0d280382, 0x0e0056ff, 0x100074ff, 0x14210382, 0x132751ff, 
    0x37009c2a, 0x3c009cff, 0x3f004cff, 0x4120e982, 0x6c282f82, 0x6e006aff, 0x6f00fcfe, 0x71200782, 0x73240f82, 0x7400b0ff, 0x78240382, 0x7a0088ff, 
    0x7b200782, 0x9e201782, 0xb8282f82, 0x210174ff, 0x23019cff, 0x25280382, 0x350142ff, 0x37014cff, 0x51200382, 0xaa200382, 0xba221382, 0x15624cff, 
    0x036a260a, 0x036aff0d, 0x2003820e, 0x2403820f, 0x03b0ff1c, 0x2007821d, 0x2007821e, 0x2003821f, 0x20038220, 0x20038221, 0x20038222, 0x20038223, 
    0x20038224, 0x20038225, 0x20038226, 0x20038227, 0x20038228, 0x242f8229, 0x0356ff61, 0x20038265, 0x200b8267, 0x20d382af, 0x20e9825a, 0x24e98238, 
    0xff0d0038, 0x22e98260, 0x8210007e, 0x822220f5, 0xff2624d1, 0x822a00c4, 0x82322003, 0x82342003, 0xff372403, 0x82390042, 0x823a20c1, 0x823c2035, 
    0x8241200b, 0x826c202f, 0x826f200b, 0x82712003, 0x8273200b, 0x827420d1, 0x22e58503, 0x827b004c, 0x82882017, 0x82932037, 0x82942003, 0x82952003, 
    0x82962003, 0x82972003, 0x82992003, 0x829e2003, 0x82b82043, 0x82c7206b, 0x82c9200b, 0x82cb2003, 0x82cd2003, 0x82dc2003, 0x82de2003, 0x82e02003, 
    0xffe22403, 0x820b01c4, 0x820d2003, 0x820f2003, 0x82112003, 0xff212403, 0x82230142, 0xff252803, 0xff33017e, 0x82350174, 0x219b820b, 0x1b824c01, 
    0x0b825120, 0x07826520, 0x03827a20, 0x03827e20, 0x03828020, 0x03828620, 0x03828e20, 0x03829c20, 0x03829e20, 0x2382aa20, 0x0782b220, 0x0382b420, 
    0x0382b620, 0x0382b820, 0x42ffba28, 0x10ff0103, 0x03820303, 0x06ff0424, 0x03820d03, 0x03820e20, 0x03820f20, 0x4cff1c28, 0x74ff1d03, 0x07821e03, 
    0x03821f20, 0x03822020, 0x03822120, 0x03822220, 0x03822320, 0x03822420, 0x03822520, 0x03822620, 0x03822720, 0x03822820, 0x2f822920, 0x60ff6124, 
    0x03826503, 0x0b826720, 0xe782af20, 0x26002526, 0x2a001400, 0x32200382, 0x34200382, 0x78240382, 0x88001e00, 0x93200782, 0x94200382, 0x95200382, 
    0x96200382, 0x97200382, 0x99200382, 0xc7200382, 0xc9200382, 0xcb200382, 0xcd200382, 0xdc200382, 0xde200382, 0xe0200382, 0xe2240382, 0x0b011400, 
    0x0d200382, 0x0f200382, 0x11200382, 0x4c200382, 0x65200382, 0x7a200382, 0x7e200382, 0x80200382, 0x86200382, 0x8e200382, 0x9c200382, 0x9e200382, 
    0xb2200382, 0xb4200382, 0xb6200382, 0xb8200382, 0x032a4782, 0xe2ff1400, 0xd8ff1a00, 0x03824200, 0x0e00592a, 0x0f00ceff, 0x10006aff, 0x11200782, 
    0x20260782, 0x2400baff, 0xb15292ff, 0x822d2008, 0x82322013, 0x82342031, 0x82722003, 0xff78241b, 0x828100c4, 0x8282201f, 0x82832003, 0x82842003, 
    0x82852003, 0x82862003, 0xff872303, 0xb1520038, 0x82b8201b, 0x82c12063, 0x82c32027, 0x82c52003, 0x1fa55203, 0x6afff422, 0x2810a552, 0x01e2ff4c, 
    0x0192ff61, 0x20078265, 0x20078272, 0x22038274, 0x5238ff76, 0x8a20105d, 0x8c201782, 0x8e201782, 0x90202782, 0x92200b82, 0x9c200382, 0x9e200b82, 
    0xae200382, 0x65520b82, 0x0203250e, 0x050310ff, 0x0a240382, 0x2a036aff, 0x2b200382, 0x2c200382, 0x2d200382, 0x2e200382, 0x2f200382, 0x30200382, 
    0x31200382, 0x32200382, 0x33200382, 0x34200382, 0x35200382, 0x36200382, 0x37200382, 0x38200382, 0xaf280382, 0xb803ceff, 0xb903baff, 0xbb200382, 
    0xbc2e0382, 0x1000baff, 0x14007800, 0x3c002a03, 0x03822b03, 0x03822c20, 0x03822d20, 0x03822e20, 0x03822f20, 0x03823020, 0x03823120, 0x03823220, 
    0x03823320, 0x03823420, 0x03823520, 0x03823620, 0x03823720, 0x3c00382e, 0x1a002100, 0x23002800, 0x6100e2ff, 0x63200382, 0x6b200382, 0x6e200382, 
    0x78200382, 0x80200382, 0x98200382, 0xad200382, 0xaf202982, 0xb0202782, 0xe6340782, 0xe7001e00, 0xe9001400, 0xeb006e00, 0xed005a00, 0xf100a000, 
    0xf52c2382, 0x01016400, 0x02011e00, 0x25011400, 0x64300782, 0x99017800, 0x9b01fa00, 0xfd025000, 0xfe02e2ff, 0xff240382, 0x1703e2ff, 0xab200382, 
    0xb2200382, 0xb5200382, 0xb6200382, 0x0d223b82, 0x05821f00, 0x46002224, 0xd1823f00, 0x79877d83, 0x6182e620, 0x7182e720, 0x1e255d89, 0x5a002601, 
    0x21398203, 0xc74b2d00, 0xff132808, 0xff1700ec, 0x821900ce, 0xff1f2a07, 0xff6d0088, 0xffb800ba, 0x06eb4fb0, 0xdb01b022, 0xe0200b82, 0xe6200382, 
    0x2006db4f, 0x200782e8, 0x240382e9, 0x01ecffea, 0x240782eb, 0x019cffed, 0x4f0782ee, 0xce2205df, 0x0b82f101, 0xc4fff223, 0x05e34f01, 0xf7019c26, 
    0xf801e2ff, 0xf9281382, 0xfa01baff, 0xfb01f6ff, 0xfc200b82, 0xfd240382, 0xfe0174ff, 0xff244382, 0x0002ceff, 0x01230382, 0x4f02ecff, 0xec2209f3, 
    0x13820502, 0x13820620, 0xceff0734, 0xbaff1103, 0xb0ffaf03, 0x09001f00, 0x1200a6ff, 0xb1829cff, 0xf782a620, 0x23008822, 0x61201582, 0x6e20b582, 
    0x78200382, 0x80200382, 0x98200382, 0xad280382, 0xaf007800, 0xb0003c00, 0x71410782, 0x00782205, 0x410b82eb, 0x7e360571, 0x6400f500, 0x78006401, 
    0x22019901, 0x78009b01, 0x88fffd02, 0x0382fe02, 0x88ffff24, 0x03821703, 0x0382ab20, 0x0382b220, 0xc4ffb324, 0x0782b503, 0x5382b620, 0x08001f24, 
    0x7d821e00, 0x1400c424, 0x554e4600, 0x200f8205, 0x2403821c, 0x00ceff1f, 0x2c6d8222, 0x00e2ff23, 0x005a003f, 0x00baff42, 0x850b8261, 0x00e22295, 
    0x2023827d, 0x2003827e, 0x2003827f, 0x42178298, 0x1e200507, 0x2c06f341, 0x0026011e, 0x00c5011e, 0x00fd021e, 0x22858800, 0x821e000c, 0x03a62a89, 
    0x03e2ffab, 0x00c4ffb6, 0x26798205, 0xff1400d8, 0x821500ec, 0x821a2003, 0x821c2003, 0x00012203, 0x207b8239, 0x59178210, 0x1c23090b, 0x5900f6ff, 
    0x012d0a07, 0x016affde, 0x0188ffe2, 0x01b0fff0, 0x340382f2, 0x01cefff7, 0x01c4fff9, 0x01e2fffa, 0x029cfffd, 0x0074ff00, 0x20cf8202, 0x22bb82ec, 
    0x590f0028, 0x01210b1b, 0x2023824e, 0x242b82d2, 0x01baffde, 0x203782e1, 0x240f82e2, 0x01ecfff0, 0x220782f5, 0x82f6fff7, 0x82f62047, 0x82f62047, 
    0x82f62047, 0x00f62247, 0x18b55718, 0x4cff1f22, 0x2a06ad57, 0xff76002e, 0x00cc0192, 0x82e301c8, 0xffe92455, 0x82ec01d8, 0xffee2251, 0x20a1829c, 
    0x22a182ce, 0x82f401ba, 0x20a5851f, 0x205d8288, 0x205d8256, 0x265d8288, 0x00030288, 0x82040064, 0x82ba20cf, 0x82ec20cf, 0x01f62129, 0x00218382, 
    0x20738211, 0x50b582ec, 0x8f4e057d, 0x826e2007, 0x20b9855b, 0x20b98292, 0x2a3184ec, 0x012300f0, 0x010000f2, 0x823200f5, 0x82ec2039, 0x82e220bd, 
    0x82f1205f, 0x00e2265f, 0xff3c0016, 0x20a184d8, 0x2091829e, 0x20038235, 0x20038237, 0x20f3824e, 0x20078251, 0x200382ba, 0x200382df, 0x200382e2, 
    0x200382e5, 0x28b182e7, 0x01e2ffe8, 0x01c4ffed, 0x200b82ef, 0x200b82f1, 0x200b82f5, 0x200382f6, 0x200f82f7, 0x09ad5afa, 0x82540021, 0x00ce2a9f, 
    0x006aff0e, 0x0056ff0f, 0x20078210, 0x30078211, 0x009cff12, 0x00c4ff13, 0x00ecff16, 0x0074ff17, 0x240b8219, 0x00b0ff1d, 0x2203821e, 0x8260ff1f, 
    0x00142289, 0x28078242, 0x00fcfe6d, 0x002eff76, 0x2c2f827c, 0x016affb8, 0x014cffc4, 0x01fcfecc, 0x200782cd, 0x240382d0, 0x019cffd4, 0x200782d7, 
    0x200782db, 0x200382e0, 0x20f782e3, 0x201f82e6, 0x280382e7, 0x012effe8, 0x0192ffe9, 0x200b82ea, 0x200382eb, 0x240f82ed, 0x0160ffee, 0x200b82ef, 
    0x200782f0, 0x200f82f1, 0x200782f2, 0x200f82f3, 0x200b82f4, 0x203b82f5, 0x200782f6, 0x203382f7, 0x201382f8, 0x200b82f9, 0x200782fa, 0x200382fb, 
    0x200382fc, 0x200f82fd, 0x280782fe, 0x02fcfeff, 0x022eff00, 0x20078201, 0x20038202, 0x20038203, 0x20038204, 0x20038205, 0x22038206, 0x45fcfe07, 
    0x082408bb, 0x0903b0ff, 0x0a240382, 0x110356ff, 0xf7821782, 0xff2a0325, 0x822b0392, 0x822c2003, 0x822d2003, 0x822e2003, 0x822f2003, 0x82302003, 
    0x82312003, 0x82322003, 0x82332003, 0x82342003, 0x82352003, 0x82362003, 0x82372003, 0x82382003, 0xffaf2403, 0x4427006a, 0xe22622bd, 0xc4ffd401, 
    0x0382db01, 0x0382e020, 0xe2ffe624, 0x0382e701, 0x0382e820, 0x0382e920, 0x0382eb20, 0x0382ed20, 0x0382ee20, 0x0382ef20, 0x0382f020, 0x0382f120, 
    0x22055550, 0x82f601e2, 0x05b9440b, 0xfa01e222, 0xfb200b82, 0xfc200382, 0xff240382, 0x0202e2ff, 0x03200382, 0x05200382, 0x07240382, 0x0803e2ff, 
    0x09200382, 0xa5440382, 0x00362507, 0x00ecff05, 0x00211182, 0x2407820a, 0x0024ff0e, 0x21038210, 0xbd43ff13, 0x0b155c05, 0x13821920, 0x9cff6d26, 
    0x24ffb800, 0x20066f45, 0x25b182ba, 0xffe001ba, 0x6f4501ba, 0x01d82109, 0x200d4f55, 0x0a6f457e, 0x0b51b020, 0x45b02006, 0x7e24066f, 0xb0fff701, 
    0x20066f45, 0x20b982b0, 0x0a6f45ce, 0xfe019c25, 0x4501d8ff, 0x7e20056f, 0x29126355, 0xff0602ce, 0xff0702d8, 0xfd6c03ce, 0xff11240f, 0x82af039c, 
    0x823e20c3, 0x4dc420d5, 0x122008d1, 0x1721b982, 0x0d7f5cff, 0x61826d20, 0x03824e20, 0x6affc422, 0xec22d182, 0x0782cd01, 0x0382d020, 0x1382d220, 
    0x0782d720, 0xecffde24, 0x0b82df01, 0x2205976b, 0x82e501d8, 0x82e6200b, 0x82e72013, 0x82e92003, 0x82eb2003, 0x00ed2203, 0x22e18228, 0x82ef01d8, 
    0x82f0200b, 0x82f22003, 0x82f32003, 0xfff52403, 0x82f601c4, 0x82f7201b, 0x82f8200b, 0x82fa2037, 0x07395607, 0xb982ff20, 0xecff0224, 0x03820302, 
    0xc5840520, 0x2a0bb162, 0xff110338, 0xff2a03d8, 0x822b0360, 0x822c2003, 0x822d2003, 0x822e2003, 0x822f2003, 0x82302003, 0x82312003, 0x82322003, 
    0x82332003, 0x82342003, 0x82352003, 0x82362003, 0x82372003, 0xff382403, 0x82530060, 0x43ba20f9, 0x602012c3, 0x251ec343, 0xff420028, 0xc3430088, 
    0x43922005, 0x6a240ac3, 0x60ffcc01, 0x26081d41, 0x01baffd4, 0x416affd7, 0xe32008fb, 0xe6200f82, 0xe7201f82, 0xe8200382, 0xe9200382, 0xea20f982, 
    0xeb201f82, 0xed280b82, 0xee017eff, 0xef019cff, 0xf0240b82, 0xf101b0ff, 0xf2200782, 0xf3200f82, 0xf4240782, 0xf60192ff, 0x03421f82, 0x01742205, 
    0x201382f9, 0x240382fa, 0x0174fffb, 0x200382fc, 0x200b82fd, 0x2c4782fe, 0x0274ffff, 0x0260ff00, 0x026aff01, 0x20078202, 0x20038203, 0x200b8204, 
    0x20178205, 0x20078206, 0x49f58207, 0xbf43077b, 0x03062615, 0x0306ff2b, 0x2003822c, 0x2003822d, 0x2003822e, 0x2003822f, 0x20038230, 0x20038231, 
    0x20038232, 0x20038233, 0x20038234, 0x20038235, 0x20038236, 0x20038237, 0x28038238, 0x006affaf, 0xff09003a, 0x08e74cec, 0xe2ff1228, 0xc4ff1300, 
    0x03821900, 0x5eff1b21, 0x2028050d, 0x3f00b0ff, 0x6d001400, 0x72200782, 0x7c200382, 0xb8202382, 0xcc28d982, 0xd401c4ff, 0xdb01ceff, 0xe0200382, 
    0xe6200382, 0xe7200f82, 0x95480382, 0x01c42605, 0x01e2ffea, 0x200f82eb, 0x200382ed, 0x200382ee, 0x200382ef, 0x480382f0, 0xb0220595, 0xa345f301, 
    0x01c42208, 0x470b82f8, 0xc4220507, 0x0b82fb01, 0x0382fc20, 0xa6fffd24, 0x4382fe01, 0xc4ffff24, 0x03820002, 0xe2ff0124, 0x07820202, 0x03820320, 
    0x0b820420, 0x07820520, 0x07820620, 0xc4ff0724, 0x03820803, 0x03820920, 0xb0ff1123, 0x25c38203, 0x7effaf03, 0x0b82b803, 0x0382b920, 0x0382bb20, 
    0xb782bc20, 0xe9825120, 0xe9828820, 0x0f00602a, 0x100038ff, 0x110060ff, 0x12220782, 0xf18274ff, 0xd95eba20, 0xff192c0c, 0xff1b00ba, 0xff1d00ce, 
    0x821e0088, 0x0b2f4703, 0x4cff6d28, 0x92ff7600, 0x17827c00, 0x60ffb828, 0x88ffc401, 0xad82cc01, 0x20072562, 0x20b182d4, 0x201382d7, 0x200782db, 
    0x230382e0, 0x01ecffe3, 0x21091941, 0x3f4201ec, 0x01c42205, 0x493382eb, 0xc42205ab, 0x2382f101, 0x0f82f320, 0x0382f420, 0x0382f520, 0x0382f720, 
    0x2405a749, 0xfffa01ec, 0x0a3744ba, 0xfe01ec22, 0xff241b82, 0x0102ceff, 0x0d41fd82, 0x49c42009, 0xc42406a3, 0xc4ff0702, 0x360aef45, 0xff0903a6, 
    0xff0a03a6, 0xff110338, 0xff12034c, 0xff2a0388, 0x822b031a, 0x822c2003, 0x822d2003, 0x822e2003, 0x822f2003, 0x82302003, 0x82312003, 0x82322003, 
    0x82332003, 0x82342003, 0x82352003, 0x82362003, 0x82372003, 0x82382003, 0xffaf2403, 0x470f0060, 0xdd4710e1, 0xf1ff2314, 0xfd82f201, 0xd982f720, 
    0x0782f920, 0xe2fffd32, 0xecff0002, 0x1a000900, 0xde01d8ff, 0xe1017eff, 0xe2261582, 0xf001a6ff, 0x2982f6ff, 0xf501f622, 0xf72a2982, 0x0002f6ff, 
    0x02000a00, 0x0d82f901, 0x2f82fd20, 0x862a4f48, 0x134f4871, 0x51000b21, 0x7d820acd, 0x7d826020, 0xe201c424, 0x758256ff, 0x6b84b020, 0x8582fa20, 
    0xa3846f82, 0x03521b20, 0x71012013, 0xff231017, 0x82df01ce, 0x05894903, 0xe501ce22, 0xe7240b82, 0xe801fbff, 0xed20b982, 0xef20e382, 0xf1200b82, 
    0xf5200b82, 0xf620e782, 0xd1860f82, 0xce206182, 0x2008d154, 0x20e1820a, 0x084f4114, 0x1727a383, 0x1a00d8ff, 0x4900c4ff, 0xa6290539, 0xbaff6e00, 
    0xc4ff4e01, 0x053d4901, 0x3d497420, 0x20ed8409, 0x41bf84e7, 0xf6220563, 0x6d82fa01, 0xf6fffd24, 0xed8e0a00, 0xed833583, 0x2d82ce20, 0xed82ec20, 
    0xfd01c424, 0x8782c4ff, 0x2800e226, 0x82004200, 0xe220d982, 0x2206c142, 0x82d001e2, 0x82d720ad, 0x05e75803, 0xa541a620, 0xffe52208, 0x0ac542a6, 
    0xc542e220, 0x07df4306, 0x2346ce20, 0x01c42106, 0x2005b747, 0x06db43ec, 0xf801ce22, 0xce21f984, 0x071b4601, 0x5b82fd20, 0x2105d343, 0xcf4302d8, 
    0x02d82111, 0x2807cf43, 0x03ecff01, 0x00ecff03, 0x268b411a, 0xdf016024, 0xad8256ff, 0xe501c422, 0x114a0782, 0x01ec2405, 0x46f6ffed, 0xf62006b9, 
    0xec209982, 0xd822ff82, 0x1382f601, 0xf6fff722, 0xd820ff82, 0x240c8741, 0xffcc0116, 0x20e388c4, 0x430b82e9, 0xd82005a1, 0xc4224182, 0x8f48f001, 
    0x4dc42008, 0xd8200645, 0x22068b48, 0x82fc01d8, 0x05f346e3, 0x0302c425, 0x4602c4ff, 0x934405f3, 0x29002708, 0xc4ff0e00, 0x03821000, 0xceff1328, 
    0x92ff1400, 0x07821700, 0xe2ff1824, 0x07821900, 0x6982b820, 0xb0217985, 0x053d4501, 0x5d41a620, 0x01ba2406, 0x82b0ffeb, 0x019222c3, 0x450782ee, 
    0xc783053d, 0xf201a624, 0x6141ceff, 0x82922006, 0x01d8228d, 0x221f82f8, 0x8274fff9, 0x01ec2291, 0x200b82fb, 0x2a0382fc, 0x0138fffd, 0x01bafffe, 
    0x82b0ffff, 0x027426eb, 0x02baff01, 0x450b8202, 0xba20053d, 0xb022a582, 0x13820602, 0xb0ff0724, 0x9b82af03, 0x220b0b42, 0x82cd01e2, 0x1d0b42ef, 
    0xc349e220, 0x82ec2006, 0x01e221ad, 0x2005814e, 0x20ad82e2, 0x22ad82ce, 0x82ef01f6, 0xfff1213f, 0x20056575, 0x200b82f3, 0x24b182f6, 0x01f6fff8, 
    0x201382f9, 0x200782fb, 0x056f43fc, 0x2006754e, 0x209d82f6, 0x08cb49ec, 0xecff0422, 0xf6209d82, 0xec259d82, 0xe2ff0702, 0x070b4203, 0x0e003926, 
    0x1000d8ff, 0x17200382, 0x1f240382, 0x6d00ceff, 0xd75a0782, 0x01d82205, 0x206182cc, 0x4cef82de, 0x77450b19, 0x82ce2005, 0x45ce20a1, 0xc420066f, 
    0xce209982, 0x2206cd41, 0x82f301ec, 0x05774433, 0xf801ec24, 0xd141c4ff, 0x01c42206, 0x220b82fc, 0x4fc4ffff, 0x05200803, 0x07220b82, 0x8982ceff, 
    0x0303b02e, 0x0403b0ff, 0x08032800, 0x0903ecff, 0x0d200382, 0x0e200b82, 0x0f200382, 0x11280382, 0x2a03d8ff, 0x2b034600, 0x2c200382, 0x2d200382, 
    0x2e200382, 0x2f200382, 0x30200382, 0x31200382, 0x32200382, 0x33200382, 0x34200382, 0x35200382, 0x36200382, 0x37200382, 0x38200382, 0xaf200382, 
    0x0420cf82, 0xe220e582, 0xe222e582, 0xfb82b800, 0xe2ffaf25, 0x47005500, 0xd82105a1, 0x05875200, 0x1100d824, 0x634d6aff, 0x00ce210a, 0x211df35b, 
    0xf35b01d8, 0x5bce2005, 0xba2012f3, 0x2306014a, 0xffe201ec, 0x2207014a, 0x50e701ce, 0xeb200657, 0xee220782, 0x3341ecff, 0x01742112, 0x2005f949, 
    0x063341ec, 0xfc01ec22, 0xdf5b2782, 0x052b6005, 0x2f500520, 0xff012606, 0xff0203b0, 0x08374160, 0x0b820520, 0x6aff0a23, 0x0f374103, 0x2631e35b, 
    0xff2b03ba, 0x822c03ba, 0x822d2003, 0x822e2003, 0x822f2003, 0x82302003, 0x82312003, 0x82322003, 0x82332003, 0x82342003, 0x82352003, 0x82362003, 
    0x82372003, 0x82382003, 0xffaf2403, 0x422800d8, 0xba20324d, 0x200a1941, 0x069543ba, 0x200f4d42, 0x061941e2, 0x1941b020, 0x01b02806, 0x01b0fffc, 
    0x42b0ffff, 0xb0210a4d, 0x0f4d4202, 0x830f0d41, 0x003524a1, 0x82c4ff09, 0x00ec25a5, 0x00ecff10, 0x20051b52, 0x061b52d8, 0x4200ba3a, 0x6d005000, 
    0x6e007eff, 0xb800b0ff, 0xc401ecff, 0xcc0174ff, 0xcd01ceff, 0xd0200782, 0xd2240382, 0xd701c4ff, 0xc9450782, 0x01ba2205, 0x240f82e1, 0x01baffe2, 
    0x200382e5, 0x200382e6, 0x529582e7, 0xcd83093b, 0xef01ba22, 0x17621382, 0xfff5220b, 0x065f44a6, 0xcd82ba20, 0xfb01f622, 0xfc203782, 0xfe200382, 
    0xff226f82, 0xb543baff, 0x62c42006, 0xec22061b, 0x13820502, 0xecff0622, 0xc420dd82, 0x4d081f6a, 0x7e220991, 0xc782af03, 0x201b8b47, 0x0ac350ce, 
    0x0002ec22, 0x02262d82, 0xf6ff1700, 0x09825302, 0x14000526, 0x1a00c4ff, 0x42240982, 0x3402ceff, 0x53200382, 0x16270f82, 0xceff0600, 0x49ff0900, 
    0xec2007bf, 0x88222f82, 0x25821800, 0xe2ff1b22, 0x22069d68, 0x8221006a, 0xff422823, 0xff610060, 0x826e006a, 0xff982803, 0xff3b0260, 0x824302e2, 
    0xff4b24af, 0x825f027e, 0x006028b3, 0xff61023c, 0x825603ec, 0x825c2003, 0x00032459, 0x82c4ff42, 0x03c42667, 0x00f6ff58, 0x22098201, 0x820100ce, 
    0x00a62213, 0x20898204, 0x208982e2, 0x201382e2, 0x221d8288, 0x820300e2, 0x84ec2011, 0xff4b2493, 0x821000b0, 0x83ce208f, 0x16002111, 0xeb458382, 
    0xff1f2207, 0x2287829c, 0x826100d8, 0x826e20ab, 0x82982003, 0x8221205d, 0xff3b2283, 0x20df82a6, 0x83778260, 0x03ce2269, 0x2033825c, 0x20d58214, 
    0x204588d8, 0x208d8215, 0x20c18216, 0x225b8217, 0x82d8ff1b, 0x00f624d5, 0x8274ff1f, 0x82ec204d, 0x824c208f, 0x00ba24d1, 0x849cff98, 0xff5322d1, 
    0x28cd82b0, 0x006002f6, 0xff61021e, 0x205582f6, 0x215182d8, 0xa16b00ec, 0x0591520d, 0x61009222, 0x6e205582, 0x98205182, 0x3420ff82, 0x3b203982, 
    0x41829382, 0x9c22d382, 0xc1840600, 0xfb821a20, 0x1d842220, 0xa5829220, 0x1982ce20, 0x20050541, 0x22f382ce, 0x82780042, 0x02e226f3, 0x00000061, 
    0x20b18214, 0x20b182ec, 0x203582e2, 0x064b4bd8, 0x8300ce21, 0x821820b1, 0x411a20cf, 0xe220088f, 0x9c20b982, 0x2220b984, 0x0b411782, 0x829c2005, 
    0x82a620bd, 0x82b020bd, 0x416a2061, 0x00210707, 0x20db8202, 0x225f82a6, 0x820800ce, 0x53ec2057, 0x8d8205e3, 0xaf821f20, 0x38ff4222, 0xf620f582, 
    0xce203782, 0xe2222182, 0x7d821600, 0x2582e220, 0x1600ba22, 0x17242182, 0x180074ff, 0x1b200782, 0x1c207582, 0x60203184, 0x88204b82, 0x9220ed86, 
    0x6a203582, 0xce326d82, 0xa6ff4302, 0x60ff4b02, 0xe2ff5f02, 0x28006002, 0x07826102, 0x7effa224, 0x0382b602, 0x7effee22, 0xd8228982, 0x51820500, 
    0x7542ec20, 0x829c2006, 0x03ba226b, 0x20b78258, 0x838d8209, 0x00c421c9, 0x20055954, 0x228984d8, 0x82ecff3b, 0x829c20c1, 0x82e22037, 0x00ec2425, 
    0x82120007, 0x82142081, 0x8215202f, 0x82162007, 0x82222003, 0x82232003, 0x823f2003, 0x84082003, 0xff1222d5, 0x204b86ce, 0x63a382e2, 0x98320505, 
    0xb603e2ff, 0x020092ff, 0x32001200, 0x78004200, 0x57820100, 0x0e00b022, 0xd8203182, 0x63415386, 0x82e22007, 0x82c4203d, 0x76e220ed, 0x22200803, 
    0x2326f182, 0x3f00baff, 0x1142d8ff, 0x00ba2206, 0x20358217, 0x242982d8, 0xff1f00ec, 0x246782ce, 0xff6e00c4, 0x211d82ce, 0x258302d8, 0x29824720, 
    0x03824a20, 0x03824d20, 0x03825920, 0x03825a20, 0x03825d20, 0x03826c20, 0x03829020, 0x03829220, 0x0382be20, 0x0382cc20, 0x0382ce20, 0x0382d020, 
    0x0000fd24, 0x0382fe02, 0x0000ff24, 0x5d840400, 0x92ff4226, 0xf6ff9800, 0xf6225582, 0x67820500, 0xd8206383, 0x41201184, 0xc5201582, 0x03269582, 
    0xa6ff1400, 0x0d821a00, 0x9cff5322, 0x2341d384, 0x7de22005, 0x18210839, 0x056b41ff, 0x07821b20, 0xc4ff3f2a, 0x06001a00, 0x08006aff, 0x09200d82, 
    0x12225d82, 0x298210ff, 0x1500ba22, 0x16200b82, 0x17224182, 0xf98224ff, 0x51829c20, 0xfd82d820, 0x1c00742e, 0x220088ff, 0x2300e2ff, 0x3f0060ff, 
    0x42243382, 0x5e00f2fe, 0x5f28ab82, 0x60029cff, 0x61020000, 0xa2200782, 0xb6200382, 0xee200382, 0xfd240382, 0xfe0274ff, 0xc3830382, 0x09000c22, 
    0x12206f82, 0x15205582, 0x1722a982, 0x5582d8ff, 0x5582ec20, 0x4d82ec20, 0x4d85d820, 0x0206ff23, 0x8645823b, 0x22e382f9, 0x821e0012, 0x42d8208f, 
    0xec260673, 0x50004200, 0xff420b00, 0x00ec220a, 0x20cf8817, 0x209d82f6, 0x839d82f6, 0x82e2204f, 0x82e2204f, 0x0046222d, 0x1bd94207, 0x440c0021, 
    0xc4220605, 0xf1821200, 0x20054742, 0x085344ce, 0x83050944, 0x85ec20ed, 0x2023824f, 0x224f8404, 0x86b0ff12, 0x00ba22b1, 0x458f8203, 0x00210835, 
    0x200d8204, 0x062341ba, 0xd8223583, 0x63820f00, 0x0800ec22, 0x0920ef82, 0x14200382, 0xe220ff84, 0xce206382, 0x7421bb82, 0x05bb4300, 0x1b00e224, 
    0xbf82ceff, 0x3982ce20, 0x2300ce22, 0x3f200b82, 0x42222b82, 0xed827800, 0xe1820920, 0x0d821420, 0x07821620, 0xc4ff1722, 0x20067945, 0x202d82ec, 
    0x832d86ec, 0x82c4208b, 0x005a22ed, 0x3f234412, 0x20081b44, 0x0b5f4203, 0x820e0021, 0x82e22057, 0x00e222f9, 0x21c38412, 0x857f00c4, 0x82d82005, 
    0x84d820c3, 0x821a2091, 0x050d4417, 0x8341ec20, 0x05334106, 0xf9820e20, 0xd8203983, 0xf620398a, 0x20066141, 0x423986e2, 0x1c220505, 0x3982e2ff, 
    0x0d42d820, 0x00b02206, 0x30714410, 0x200f5944, 0x14934308, 0x25065d42, 0x0000ff02, 0xff410d00, 0x829c2006, 0x42382029, 0xd8200657, 0xc4209d82, 
    0xb026d782, 0xc4ff1b00, 0xd7821c00, 0x88ff2330, 0xf6ff3f00, 0xa6ff4200, 0x9cff3b02, 0x09410a00, 0x82b02006, 0x00f62231, 0x20198215, 0x20038216, 
    0x44038217, 0xd8200519, 0x22062d42, 0x82010056, 0x00ec2221, 0x83878403, 0xff1a2427, 0x411300ec, 0x02233fa3, 0x41a6ff53, 0x0c2008a7, 0x212fb144, 
    0x93820900, 0xb582ce20, 0xe782e220, 0xe782ec20, 0x8342ec20, 0x07854106, 0x2300ec22, 0xe742a582, 0x82142005, 0x05894209, 0xf5822820, 0x460b8172, 
    0x978313df, 0x9cff5824, 0xe1840d00, 0x44055344, 0xa9470979, 0x41d82005, 0xe22006f3, 0x23064d45, 0xff2200e2, 0x2005ad43, 0x13f14507, 0x8308e945, 
    0x0f814253, 0x4543c420, 0x82c42006, 0x00d82453, 0x43ceff1a, 0xd8200645, 0xb021c182, 0x22b78300, 0x8209000b, 0x052346c1, 0xec20f383, 0x20087942, 
    0x082b461a, 0x22077b44, 0x820e00e2, 0x44c420b7, 0x142208a5, 0x2541d8ff, 0x4ee22006, 0xec20064d, 0x2206b144, 0x821c00d8, 0x0501463d, 0x4200ec2a, 
    0x040056ff, 0xc4ff1200, 0x3b412582, 0x20118505, 0x064f7715, 0x21001822, 0x08263784, 0x00004b02, 0x03825302, 0x03826920, 0x03827320, 0x03828820, 
    0x03829420, 0x03829c20, 0x6d82c620, 0x12020a22, 0x259d0982, 0x5803ec26, 0x0700e2ff, 0x478a298c, 0x20061547, 0x22238206, 0x8288ff09, 0x45422095, 
    0x7e22063b, 0x13821b00, 0x7eff802e, 0x14000500, 0x25017eff, 0xde0138ff, 0xe2280382, 0x000238ff, 0x16009cff, 0x0620fb82, 0x7e24fb82, 0xdefe1200, 
    0x20061942, 0x20338238, 0x26eb84b0, 0x0042ff1f, 0x8292ff23, 0x00a62aeb, 0x00ceff5e, 0x00a6ff61, 0x20f18263, 0x24078276, 0x0074ff80, 0x205182b1, 
    0x200382f0, 0x240382f2, 0x01a6fff4, 0x220782f7, 0x827efffa, 0x00ce2659, 0xffde0104, 0x061b4bb0, 0x3402b022, 0x0120e782, 0xd822a582, 0x87820700, 
    0x87824c20, 0x1f826a20, 0xe201062c, 0xf9011aff, 0xfd01ceff, 0x8f84ceff, 0x95500e20, 0x82122008, 0xff4230b7, 0xff1202d8, 0xff2002b0, 0xff2f02c4, 
    0x827d02e2, 0x82992007, 0x82a82007, 0x82c22007, 0x07796a03, 0xecff0a24, 0xc5821d00, 0x3d82e220, 0x11007e22, 0x3582ed82, 0x82170021, 0x05d34873, 
    0x6d009222, 0x6e204d82, 0x7c260382, 0x9800f6ff, 0x5582ecff, 0x13026a22, 0x1a245d82, 0x1e0292ff, 0x20207b82, 0x25200382, 0x7d200f82, 0xa8200782, 
    0xac200382, 0xb7200b82, 0x29761b82, 0x82c22007, 0x82e72013, 0xffef2c13, 0xff0a03d8, 0xff11037e, 0x821203e2, 0x0205224b, 0x20198250, 0x2003829e, 
    0x200382a0, 0x240382b3, 0x00ceffda, 0x08836a05, 0xad828820, 0x03829420, 0x7b829c20, 0x39000a22, 0x3a201b82, 0x3b20ab82, 0x3c2c0382, 0x9e00baff, 
    0x3301baff, 0x3501ecff, 0x37200782, 0x51200382, 0xba200382, 0x02321782, 0x05006e00, 0x00000600, 0x0b000800, 0x0d000200, 0x0d822400, 0x3500262e, 
    0x37001e00, 0x2e003f00, 0x42004100, 0x44280982, 0x39004b00, 0x5e004e00, 0x60260f82, 0x52006100, 0x01826300, 0x6c00542e, 0x55006f00, 0x74007100, 
    0x76005900, 0x5d220182, 0x01827800, 0x7a005e34, 0x5f007c00, 0xa9008000, 0xb1006200, 0x8c00d200, 0x0182d400, 0xd600ae2e, 0xaf00da00, 0xe800dc00, 
    0xea00b400, 0xc1220182, 0x0182ec00, 0xee00c222, 0xc3220182, 0x0182f000, 0xf200c422, 0xc5220182, 0x0182f400, 0x00c63808, 0x00fe00f6, 0x010101c7, 
    0x01d00008, 0x0018010b, 0x011a01d8, 0x01e6001a, 0x001c011c, 0x011e01e7, 0x01e8001e, 0x003d0120, 0x014c01e9, 0x01070153, 0x015b0158, 0x825e010f, 
    0x132c0801, 0x63016101, 0x65011401, 0x17017001, 0x76017201, 0x7a012301, 0x28018101, 0x84018301, 0x86013001, 0x32018c01, 0x94018e01, 0x96013901, 
    0x40220182, 0x01829801, 0x9a014122, 0x422e0182, 0xa7019c01, 0xa9014301, 0x4f01bb01, 0x0182c101, 0xc4016222, 0x63220182, 0x0182c601, 0xc9016424, 
    0x5782d201, 0xd401d428, 0xd6016f01, 0x6182d701, 0xdb01da22, 0xa8086382, 0x01e301dd, 0x02e50174, 0x027b0107, 0x010f020a, 0x0212029e, 0x02a40116, 
    0x01180218, 0x021a02a9, 0x02aa0121, 0x01240224, 0x022802b2, 0x02b30128, 0x0130022a, 0x023302b4, 0x02bb0134, 0x01380236, 0x023c02bd, 0x02c00141, 
    0x014c024b, 0x024e02c6, 0x02c8014f, 0x01530252, 0x025502ca, 0x02cc0155, 0x015c0259, 0x026202cd, 0x02d10165, 0x01670267, 0x026902d5, 0x02d6016b, 
    0x016e026d, 0x027102d9, 0x02db0175, 0x01910277, 0x029302e0, 0x02fb019e, 0x02a602a1, 0x02a80207, 0x020d02ad, 0x02b102b0, 0x02b40213, 0x021502b5, 
    0x220182b7, 0x82b90217, 0x02182e01, 0x02c002bb, 0x02c20219, 0x021f02c6, 0x220182cb, 0x82cd0224, 0x02252201, 0x220182cf, 0x82d10226, 0x02272401, 
    0x82d802d3, 0x02db32b1, 0x022e02dc, 0x02e602df, 0x02e90230, 0x023802f0, 0x080182f9, 0xfd024065, 0x4102ff02, 0x05030103, 0x08034402, 0x49020a03, 
    0x0f030c03, 0x11034c02, 0x50021203, 0x38031c03, 0x56035202, 0x6f025603, 0x5c035c03, 0x67037002, 0x71026903, 0xaf03ae03, 0xb3037402, 0x7602b303, 
    0xb503b503, 0xb8037702, 0x7802b903, 0xbc03bb03, 0x02007a02, 0x0400f2bb, 0x06ad0000, 0xa9007cb4, 0x92008300, 0xbaff2700, 0x0000f6ff, 0x1a85ceff, 
    0x85ecff21, 0x21058907, 0x0b87baff, 0x85c4ff21, 0xc4ff2109, 0x0f850987, 0x698705b5, 0x85a6ff21, 0x8681883f, 0x82158365, 0x84b02069, 0x83e22007, 
    0x21039305, 0x1591e0ff, 0xffe4ff23, 0x210383e9, 0x1d940000, 0x43913192, 0xff21118f, 0x21118792, 0x098860ff, 0x0987d820, 0x1e20079a, 0x1a921b9a, 
    0x5392ff20, 0x92b0ff21, 0x2112f028, 0x7291f6ff, 0x210b2d42, 0x2942d8ff, 0x41298309, 0xec2008cf, 0x3d913983, 0xfd92e994, 0x03b34b83, 0x82ecff21, 
    0x9fb39201, 0xe2ff234b, 0x05430000, 0x85358511, 0x6aff21b3, 0xce200d86, 0x31820987, 0x13839c20, 0x1783d393, 0xff2003b5, 0x3b8d5384, 0x8d072d43, 
    0x250dc315, 0xbaffbaff, 0xa7410000, 0x21db8309, 0x0941ceff, 0x20198c18, 0x189f43ff, 0x398f999f, 0x8f095141, 0x4cff2139, 0x0f9f118f, 0x399f4b99, 
    0x9f8f1f89, 0x09e51989, 0x87074543, 0x0d61426d, 0x877eff21, 0x2107c717, 0x4983f2ff, 0xffc4ff25, 0x430000c4, 0xff2107cf, 0x200b82e2, 0x0519426a, 
    0x41ceff21, 0x07820587, 0x17822182, 0x03827420, 0x1143f620, 0xff742208, 0x08d74556, 0x49849220, 0x07841f82, 0xcd42ce20, 0xecff2309, 0x138338ff, 
    0x84000021, 0x45e22059, 0x6b420751, 0xa6ff2109, 0xe0201b82, 0x8f465984, 0x05874106, 0x2d83ef8b, 0xff7eff24, 0xb182fe7e, 0xbf424183, 0x8d578505, 
    0xbbff2105, 0x0d870f8d, 0x82cdff21, 0xfff222e7, 0xc10f87b2, 0x11e54407, 0x91000021, 0x0fd34197, 0xe5842382, 0xe2202982, 0x8d0d5947, 0x09fb4329, 
    0x45130544, 0xcb970d7d, 0x22089d41, 0x43d8ffe2, 0x5b420fdb, 0x20058605, 0x0d6942c4, 0xff214f89, 0x936983c4, 0x2131856d, 0x2b8556ff, 0x47d8ff21, 
    0xc9440a29, 0x44258612, 0xa1482839, 0x074f420f, 0x470b7341, 0x23466729, 0xc7f7853b, 0x74234605, 0x83062b4a, 0xecff21c3, 0x43054542, 0x0027059f, 
    0xffe2ff00, 0x82f6ffd8, 0x47c42007, 0xff200b45, 0xe9410d83, 0x084b4a0c, 0xc1937420, 0x7e205984, 0x0f835389, 0xff250383, 0xff00007e, 0x4a0984e9, 
    0x0d83088b, 0xff21038f, 0x093943ce, 0x3f499182, 0x17e5421a, 0xfb246384, 0xeeff0000, 0x03c70983, 0xc7091143, 0x2347f951, 0xf1fff1ff, 0x46207d9a, 
    0x69411b8f, 0xbaff2109, 0x4c088544, 0x358a106d, 0x0b892820, 0x319a3b8a, 0xd5445585, 0x4445830f, 0xef410917, 0xdf29831b, 0x470c1003, 0x61410101, 
    0x13ad410d, 0x0dcf218d, 0x00ceff23, 0x65d54900, 0x4314b14a, 0xdf911017, 0x26913794, 0x2f481184, 0x8912830d, 0x24ff213d, 0x03890f83, 0x89f2fe21, 
    0x0000230b, 0x0d85defe, 0x9406c947, 0x1aff2197, 0x05952385, 0xab481d8d, 0x1aa7430e, 0x6d500020, 0x05f94506, 0xff234587, 0x8706ffc4, 0x4cff2167, 
    0x19460b83, 0x1dc7450d, 0x00213987, 0x8e098878, 0x42ff2108, 0x0e90108e, 0x8d9cff21, 0x8d2085c3, 0x401385e5, 0x0b429505, 0x8fa74011, 0x4c2a3b4a, 
    0x594f0621, 0x29c5431b, 0x481b3b4a, 0x25480865, 0x7d47411a, 0xff21e78b, 0x0de34ad8, 0x1141d98d, 0x13d14211, 0xdb4ccdb5, 0x09ef4913, 0x6f5053b5, 
    0x46418f0b, 0x13931319, 0x0faf378f, 0xff2153b5, 0x236793f7, 0xf7fffbff, 0x2d931995, 0x3c2013ae, 0x2e8d2fae, 0x4b8d3dbd, 0x43800d40, 0xf6200c11, 
    0x4215d349, 0xba9615af, 0x960a6b4a, 0x95169221, 0x41288477, 0xff24346d, 0x00ceffd8, 0x84061b47, 0x42048845, 0x594f05a3, 0x45238207, 0x6d470f1d, 
    0x9646881c, 0x47c78f08, 0x34850d77, 0x21595b46, 0xd78356ff, 0x82baff21, 0x053152d5, 0xecff6a22, 0x2105274d, 0x138288ff, 0x03821a20, 0x11828820, 
    0x3b46ec20, 0x85602006, 0x0000228f, 0x553183ff, 0xc9480689, 0xff00220c, 0x09eb4760, 0x21092951, 0x3382ceff, 0xed456020, 0x84398808, 0x517c207d, 
    0xff2109a7, 0x0e614538, 0x1b821a20, 0x1f87a620, 0x21055349, 0xa34988ff, 0x86a9830d, 0x82ec2083, 0x82958c29, 0x84ec200f, 0xffec22bf, 0x200782ce, 
    0x200f8293, 0x852b8557, 0x6bff2105, 0xff210783, 0x0d8541d8, 0x8274ff21, 0x41d820ad, 0x91410775, 0x0b6b570f, 0x857eff21, 0xc4ff21d3, 0x8d0ffd45, 
    0x839f85c7, 0x42ff2005, 0x318f082d, 0xff211d89, 0x411b856a, 0xc753082f, 0x53218406, 0x334709b1, 0x0913411a, 0x03a53383, 0x93e2ff21, 0x203b8e91, 
    0x410f8932, 0x534e0b33, 0x0c675008, 0x098c2b89, 0x0d8b1420, 0x93210146, 0x5035a295, 0xff21163b, 0x056555f2, 0x0bcb838b, 0x450d074f, 0xff210907, 
    0x8db389e2, 0x07c551bd, 0x1d8d8587, 0x07bd1587, 0x8d0f2952, 0x4271914d, 0x7744050b, 0x42ff204b, 0x7d8e0ac3, 0x2512c742, 0x00006aff, 0x2783e4ff, 
    0x552b5942, 0x43841317, 0x83149542, 0x24f342e3, 0x03a74283, 0x2019db42, 0x0c2b5528, 0x8600ec21, 0x20158229, 0x215c821e, 0xa383ff1e, 0x09832820, 
    0x02a00382, 0x9d0daf44, 0x4a2b8f2e, 0x29470a95, 0x080b4212, 0x50005022, 0x1d455785, 0x082b5714, 0x210f2342, 0x8541e2ff, 0x1a1d4509, 0x850a675e, 
    0x45058565, 0x3f8d331d, 0x5f08cf58, 0x1f8b0839, 0x07520b85, 0xcf0f8509, 0x114f4305, 0x210df550, 0x5346c4ff, 0x212f830d, 0x2382c4ff, 0x9f201541, 
    0x058d41a9, 0x4ce2ff21, 0x23422f79, 0x2367970f, 0x38ff60ff, 0x755aa785, 0x56ff2105, 0x6a200d82, 0xff202d83, 0xff210582, 0x220d8806, 0x827effe2, 
    0x832e200b, 0x3c002319, 0x0d84ecff, 0x5a0c9947, 0x1744074d, 0x0db5460b, 0x5a09415c, 0xec2208e1, 0x558224ff, 0x03829420, 0xe9868820, 0x67475620, 
    0x2081840d, 0x82758488, 0x10ff2104, 0xff230983, 0x83fcfe9c, 0x89038707, 0xe2ff2131, 0x20122f48, 0x071744e2, 0x4805f350, 0x3b880521, 0x00217b82, 
    0x05e15600, 0x20081f48, 0x501182ce, 0xfe2108df, 0x412b85ca, 0xdd850581, 0x21071149, 0x1b497eff, 0x8374200a, 0x411f8527, 0x13410ff9, 0x5256200c, 
    0x35840d39, 0x1d45d782, 0x0cd94406, 0x270f6345, 0xfcfefcfe, 0x000056ff, 0x41052f49, 0x47830d5d, 0xff210385, 0x8f07858b, 0xa2ff2105, 0xdf220182, 
    0x178f9fff, 0xb3480f97, 0x8525910d, 0x4717831f, 0x178313d1, 0x034303cd, 0x1515482d, 0x1d931587, 0x37611b88, 0x0583410c, 0x415f3b4a, 0x75441329, 
    0x763b4a05, 0x9cff9c24, 0xc3440000, 0x92ff2109, 0x20083b52, 0x200982ce, 0x09594d4c, 0x87e2ff21, 0x84c38319, 0x0ca9450d, 0x2008f34a, 0x096f5e9c, 
    0x450d2f42, 0x6946093b, 0x2343820a, 0x0000b2ff, 0x5e076549, 0x638307e3, 0xff200383, 0x2b438183, 0x06474c08, 0x0746ce20, 0x0e93450d, 0x83084544, 
    0x20038d3f, 0x20d383ff, 0x21138b97, 0x0d8b9bff, 0x55450b87, 0x87bd8d05, 0x8907831b, 0x2dab4219, 0x03933b83, 0x9f1fc545, 0x42538d1f, 0x002113f3, 
    0x08f54200, 0x2d8de920, 0xaf5b0d83, 0x0bf34811, 0x038f2183, 0x43142947, 0x71530a4f, 0x85ec2010, 0x21378541, 0x0182f6ff, 0x9f0c7d4f, 0x843d854f, 
    0x213784ab, 0xf541ecff, 0x0b834b05, 0xff20b397, 0x27823182, 0x830a7f5d, 0x49039947, 0x14200819, 0xba216f84, 0x05e34900, 0x09870c83, 0x25059f66, 
    0xff000046, 0x0b8300e2, 0x2800e622, 0x31421e83, 0x84178c17, 0x822d8229, 0x823d8637, 0x82218c0c, 0x2102890f, 0x1b84a6ff, 0x11876420, 0x220c0d46, 
    0x8474ff14, 0x187b657f, 0x69473583, 0xad11830d, 0x1f7d4203, 0xcf411f93, 0x8521870d, 0x0d2b4a07, 0x9f8d3d93, 0xff212f83, 0x1921419c, 0x4a000021, 
    0x8142083b, 0x87698f08, 0x23458351, 0xecffa6ff, 0x318775a1, 0x3782078b, 0x114ae220, 0x200d820d, 0x202183f6, 0x481782ff, 0xff230993, 0x4c6affe2, 
    0xba2008ff, 0x09831f89, 0x3b4103a1, 0x433d840d, 0x59510c2b, 0x8b178305, 0x0d054503, 0x0bcf198b, 0x200c394c, 0x50ad861e, 0x6f840a5f, 0x8408af42, 
    0x4c049d0d, 0x114307cd, 0x6332990c, 0x0f8f0fc7, 0xe1413985, 0x1b4b421b, 0x05863d85, 0x610a674d, 0x77410b1d, 0x4d479907, 0x92200c4d, 0x870dff42, 
    0x1a31693d, 0x8206dd6b, 0x0ca34821, 0xf36b3985, 0x47e79b0d, 0x3b850bb1, 0x2f45058b, 0x40238b17, 0xa742bb0b, 0x4cc8dc0c, 0x68930b33, 0x4c09c162, 
    0x74220837, 0xdd419cff, 0xa73f9315, 0x07094313, 0x99151143, 0x0d975545, 0x199d2799, 0x44058144, 0x81461387, 0x084d4d05, 0x210a2d4f, 0xab837eff, 
    0x523da146, 0xa14e0f3d, 0x0a3f6708, 0x9d0d314a, 0x431dd9c7, 0x3f451371, 0x05ff4a05, 0xc1460582, 0x08534b0c, 0x2583ec20, 0xd8202986, 0x970f3b49, 
    0x0ce755af, 0x2585f620, 0x46172d44, 0x77830d73, 0x97667185, 0x913b8505, 0x28358805, 0xff88ff14, 0xff000088, 0x820382b0, 0x0a002307, 0x098660ff, 
    0x88ff0024, 0x1b841e00, 0xc4ff8822, 0xc420df82, 0x00200b85, 0x21062f46, 0x27879cff, 0xff205d87, 0x0c823f83, 0x08825185, 0x1d880b84, 0x0000e222, 
    0x098f2187, 0x829fff21, 0x859c2011, 0x4cff21e1, 0x09532584, 0x20178206, 0x502d8b06, 0xff210557, 0x0d6d4c9c, 0xdb20578a, 0x87080351, 0x82002078, 
    0x88c420bd, 0x82b62003, 0x8877201f, 0x2108821a, 0x0d877aff, 0x85b0ff21, 0x0b074309, 0x860dff42, 0x4c27841f, 0x8f820b3f, 0x1b83a620, 0xffe2ff24, 
    0x6f830056, 0x9c202185, 0x6905014a, 0xd82208b9, 0x1d8292ff, 0x74ff7422, 0xba200582, 0xe5421b82, 0x82ff2006, 0xbaff212d, 0x20087548, 0x212583ec, 
    0x8d88fcfe, 0x1985ec20, 0x200b7544, 0x82c582fe, 0xff9c2243, 0x5025887e, 0xf55608db, 0xffce260c, 0xffceff88, 0x7105824c, 0xa78308cf, 0x24203b82, 
    0xf76c3f84, 0x83918405, 0x0f154717, 0x49baff21, 0x17480a33, 0x83142007, 0x8c038329, 0x05574b2d, 0x038c1683, 0x2f518d82, 0x8c1c890c, 0x8f16863d, 
    0x0f3b4a13, 0x210d1746, 0xbb4b6aff, 0x86db8e06, 0x20069f4c, 0x73c3900e, 0xff25063f, 0x00b0ffb0, 0x0bd94400, 0x41c4ff21, 0xba200683, 0x1b823383, 
    0xd8ffba24, 0xdb82ceff, 0xf5697e20, 0x4c0d830c, 0xcf440cab, 0x8b4c2008, 0x080548b9, 0x8741e220, 0x0d1b4805, 0x38201382, 0xbd200382, 0x11431583, 
    0x93098305, 0x07674303, 0x94091f42, 0x187f4125, 0x20067553, 0x8d3593cb, 0x21bd8c13, 0xdd5200ba, 0x86238906, 0x0a7d7281, 0x85ceff21, 0x054754fb, 
    0x83051f43, 0xf6ff26cd, 0xb0ffc4ff, 0x209382ff, 0x20e583ff, 0x82398388, 0xffe22213, 0x0c494160, 0x09474982, 0x0f495909, 0x8407a14b, 0x83d8203b, 
    0xf2fe2185, 0x4f833d82, 0x83062b43, 0x201d8313, 0x06c54100, 0x24081b52, 0xff88ff7e, 0x200182d8, 0x738582ec, 0x1593122b, 0x450d9342, 0x67830d6d, 
    0xb58a038d, 0x43060d45, 0x2a8d0a41, 0x1f4e0d90, 0x871d900c, 0x8dcb8510, 0x411b8595, 0x454809a5, 0xa93f852f, 0x394d4d05, 0x299363a9, 0x930f7d41, 
    0x13c548e7, 0x13b34b93, 0x20087541, 0x213d8314, 0x0584b0ff, 0x0583ec20, 0x865a0021, 0x0b774c77, 0x7408fb4d, 0x5f420757, 0x853d8413, 0x85822004, 
    0x82002006, 0x23574943, 0x437eff21, 0x1d410d77, 0x4f3c200c, 0x5d861159, 0x5b49068a, 0x0ad14533, 0x84190541, 0x0a002119, 0x820a1f41, 0x92ff210a, 
    0x0541a185, 0x82db8c33, 0x4102894b, 0x0a207405, 0x7e227582, 0x9f450000, 0xceff2505, 0xf2fe0000, 0x2108cf61, 0x008400b0, 0x22089947, 0x41d8ffce, 
    0x2b830967, 0x6d723b82, 0xf2fe2108, 0x20050d46, 0x204d83ff, 0x83278792, 0xb0ff2157, 0x2105f560, 0x018288ff, 0x5283d820, 0x849cff21, 0x83298225, 
    0x8203830d, 0xffd8223d, 0x206983a6, 0x08c548fe, 0x95820020, 0xffd8ff23, 0x833f8306, 0x21038323, 0x158284fe, 0xff213782, 0x82078256, 0x248182ad, 
    0xffceffd8, 0x82598292, 0x06875215, 0x1b820620, 0x4b83ec20, 0x8274ff21, 0x0e534753, 0x1d83ff20, 0x2106db46, 0x9d424cff, 0xe5778323, 0x0af74403, 
    0x8b0e6d51, 0x0d5d457f, 0x850f615d, 0x09716429, 0x05b10f85, 0x911f5556, 0x75ff201f, 0x97820c03, 0x20076541, 0x4c7d83e2, 0xaf850777, 0x8311e379, 
    0x0d957a1f, 0x038f3583, 0x4b82ff20, 0x890fc14c, 0x06c54289, 0x20131360, 0x5d7182d8, 0x638f1621, 0xe3660fbf, 0x0e4d5d0c, 0xe141ab8a, 0x191d4414, 
    0x87419597, 0x83299711, 0x48ff2017, 0x0f830a57, 0xa34703a5, 0x0d374311, 0x1393b593, 0x85000021, 0x441b8949, 0x0b41061f, 0x100b420e, 0x1f501f82, 
    0x05ad5d1d, 0xfb415f82, 0x827f9508, 0x204b8321, 0x690d429c, 0x41096141, 0x3f89357b, 0x41890940, 0xc37a06c5, 0x0bed560c, 0x5960ff21, 0x717d0819, 
    0xff9c2209, 0x05d14d24, 0x21099941, 0x11829cff, 0x0f859c20, 0xa3543f83, 0xff242108, 0x85085746, 0x82ff2013, 0x0b99506b, 0x230ddf4e, 0xecffbaff, 
    0x4507d141, 0x65570e1d, 0x20778a0a, 0x24c18660, 0xff0000f6, 0x0dcb42ce, 0x438e5983, 0x830c094d, 0x4603fb1f, 0x4b470a23, 0x0e3b4305, 0x4f4a9b85, 
    0x150d7e0d, 0x8543657d, 0x4505b76d, 0x47870fc9, 0x87116f44, 0x4407df19, 0x779b1735, 0x7b0c5f4f, 0x1f85122f, 0x200c1546, 0x05d34ace, 0x7e201986, 
    0x2408a362, 0xffbaffc4, 0x083f51b0, 0xd8ff742a, 0xe2ff0000, 0xecff24ff, 0x57510182, 0x06734e09, 0xcf7d9385, 0x230d8507, 0xc4ff0000, 0x84052142, 
    0x0c09473b, 0x27732982, 0x20798608, 0x432f8260, 0x7b820821, 0x3d837420, 0x87099343, 0x83258253, 0x439c2073, 0x23410595, 0x08b3430d, 0x82082f58, 
    0x1305412d, 0x4d83ba20, 0xaf5fff20, 0xa6ff210a, 0x20060541, 0x215183c4, 0xe74b9cff, 0xffc42208, 0x820d82d8, 0x203184fb, 0x82cf8388, 0x05054111, 
    0x24091d41, 0xff0000ce, 0x089d5424, 0x9b82d820, 0x1182ec20, 0xff215f86, 0x060541b0, 0x1382b020, 0x8408f747, 0x82ce2067, 0x0617415b, 0x6f4f2386, 
    0x226f8705, 0x8260ffc4, 0xffb02499, 0x8d88ffe2, 0x834982e9, 0x417e2061, 0xbd420705, 0x83b58317, 0x833d8f03, 0x85039313, 0xbaff2127, 0x8d41e784, 
    0x00002308, 0xf144c4ff, 0x06394509, 0x1786f382, 0x820af543, 0x08a144ad, 0xb959e184, 0x8681911c, 0x0ce5447f, 0xffecff23, 0x200382d8, 0x0dd349ec, 
    0xff213b85, 0x208382d8, 0x05cd46ce, 0x820ba353, 0x066b4b15, 0x570b7d4a, 0x43830f19, 0x1b561f85, 0x4760200c, 0x4f8205df, 0x00003824, 0x0d866aff, 
    0x19434c20, 0x07235505, 0x20064166, 0x82158338, 0x54b02029, 0x4c20088f, 0x24203382, 0x22083743, 0x8260ffc4, 0x4f56200f, 0x15840f3f, 0x21061f42, 
    0x8784d4fe, 0xfcfe9c22, 0x00226985, 0x7783ff00, 0x24ffb022, 0x23490982, 0x92ff210a, 0xc4247382, 0x38ff24ff, 0x210f8576, 0x2982fcfe, 0x03828820, 
    0x0382d820, 0x8206ef46, 0x0e076d09, 0x511f0342, 0xcb45e165, 0x0d09551f, 0x00820020, 0x56d8ff21, 0x136a0c91, 0x09b34708, 0xe2212584, 0x055361ff, 
    0x63419c20, 0x0d95430d, 0x83113348, 0x0000233b, 0xa553d8ff, 0x2113830b, 0x2547ecff, 0x05994209, 0x200f3f42, 0x058f4e00, 0xc4ffd822, 0x3d83638d, 
    0x5a2003b0, 0xa30d6348, 0x82e78d3f, 0x0ba15131, 0x440de945, 0x198c0b1d, 0x02943582, 0x839cff21, 0x83d7835d, 0xd8ff21fb, 0x430b7359, 0x69480857, 
    0xca4e9414, 0x0c134e14, 0x950a076f, 0x10234162, 0x1b9b268a, 0xeb5a2685, 0x8d13850d, 0x8c0d8519, 0x0f756005, 0x0c931c8c, 0x551d0b57, 0xff211365, 
    0x57bb8dec, 0xf9550877, 0x09494b0e, 0x7d48778f, 0x83ec200c, 0x1177431d, 0x038d1583, 0x8609bb45, 0x10414f59, 0x0b5c9982, 0x845b8d28, 0x84a62083, 
    0x0c474c05, 0x03871183, 0xc345ff20, 0x05756708, 0xff000027, 0xffbaff6a, 0x0ddd4a24, 0x650de158, 0x38200ce3, 0x83057b74, 0x05014113, 0x6b82ff20, 
    0x00233d8f, 0x4992ff00, 0x6770060f, 0x8b418318, 0x05256d03, 0x88209f82, 0x17438f82, 0x0da54108, 0x20087d5c, 0x4939839c, 0x13830fa7, 0xff210385, 
    0x453783e2, 0x77540e27, 0x89208405, 0x84bd83af, 0x41002012, 0x002023bd, 0x8507e565, 0x9305a032, 0xa0d18f53, 0xae204044, 0x490ae142, 0xc2910835, 
    0x20087559, 0x181b85e2, 0x89139f4c, 0xd8238549, 0x0a194205, 0x73670020, 0xe2ff2206, 0x41158400, 0x0d421cad, 0x8a098909, 0x06d346a4, 0x4608cd44, 
    0x399414e3, 0x4a8a7b85, 0x82080968, 0x8b50208f, 0x210b8e17, 0x1d9b0014, 0x8616495d, 0x85068c16, 0x4cff21ab, 0x00226f82, 0xc742f6ff, 0xc4ff2609, 
    0xe2ffceff, 0x05ed4700, 0x21083d5c, 0x5d50d8ff, 0x08915209, 0x47175b5c, 0x5f82103d, 0xeb41ec20, 0x080f4d1b, 0x8d41ce20, 0x37e76705, 0x0c94e08c, 
    0x940dc368, 0xa7144022, 0xa89b1e20, 0x201cd542, 0x1f4d4700, 0x1bb3599b, 0x470c8975, 0x518f100f, 0x8f11d56c, 0x490f8a21, 0x158a0acf, 0xad510a86, 
    0x1d095509, 0x068e2e86, 0x210fdb45, 0x374138ff, 0x7aff2009, 0x34830815, 0x73462985, 0xc74d180a, 0x2121830c, 0xff420000, 0xf2fe210d, 0x38241182, 
    0xbaffc4ff, 0xff211783, 0x07815074, 0x4d852b83, 0x830f5f63, 0x4103af19, 0x3f471fe7, 0x185e820e, 0x4d10d752, 0x4f4206fb, 0x08af430d, 0x82063150, 
    0x82029238, 0x1421444b, 0x8209b95f, 0x6028207f, 0x93850fbf, 0x2511474c, 0xc4ff0000, 0x1d45ecff, 0x2385881e, 0xceffceff, 0x880f5360, 0x4108921c, 
    0xc150099d, 0x0f1d4109, 0x860dc141, 0x82282044, 0x09fb6565, 0x4c12ed4b, 0xc4200809, 0x538f3183, 0x3f891384, 0x830c9971, 0x4103e91b, 0x779b0de1, 
    0xcf41298f, 0x93158f05, 0x1d3d5541, 0x21056369, 0x2341ecff, 0x18598409, 0x2017f140, 0x93298bc4, 0x4b13976d, 0x19481797, 0x08f34208, 0x20088943, 
    0x426b82ec, 0x548e057d, 0xd341ab83, 0x5229820d, 0x30830c15, 0x8f4c4783, 0x081b5e09, 0x22121347, 0x6fffceff, 0x53410a31, 0x82ff2015, 0x08cd4c9f, 
    0x9918dd4d, 0x9d9183e5, 0x48779103, 0x448214d9, 0x210d7d7d, 0x0d4f0000, 0x823f9105, 0x41028e2a, 0xa1440505, 0x05e94f17, 0x95110748, 0xb0ff2159, 
    0x6e8e2991, 0x46b20e40, 0xc2c90f7f, 0xffd8ff24, 0x8f6900d8, 0x69531808, 0x08354e0d, 0x5d7a2182, 0x85382008, 0x6aff2323, 0x138256ff, 0x88ffec22, 
    0x38200582, 0x6a220b84, 0x7756c4ff, 0x43c4200a, 0xfe2105e1, 0x201f82f2, 0x2003826a, 0x21b383c4, 0x9f4fe8fe, 0x0fef4109, 0x9b56ff20, 0x25298308, 
    0x24ff38ff, 0xfb41e2ff, 0x86002005, 0x7afe219f, 0x42200982, 0x20087146, 0x84bb856a, 0x8474202d, 0x007421c5, 0x22058754, 0x8238ff38, 0x05f54509, 
    0x4312234b, 0xc16a0731, 0x8d418307, 0x530e1003, 0xcd440501, 0x137b4205, 0xdd4b1986, 0xa14c1806, 0x21178309, 0x0f82a6ff, 0x240cc755, 0xceffb0ff, 
    0x14734f00, 0x8509b745, 0x57058365, 0x75681133, 0x14334a0c, 0x410d7745, 0x995c07cb, 0x93198711, 0x93439507, 0xb3134029, 0x451f0b41, 0x33530f4d, 
    0x20f3ad0f, 0x0cff41ff, 0x5f8f3b83, 0x03951383, 0xcb4b2984, 0x593b990c, 0x71490c03, 0x0869490a, 0x850edd56, 0x0f794471, 0xa5a31585, 0x4205635b, 
    0x19971929, 0x61833785, 0xff206b9d, 0x8a0a835b, 0x08136b29, 0x89e8fe21, 0x59af8415, 0x0d8308b5, 0x3220039e, 0x38203184, 0x67830584, 0x35499220, 
    0x89501811, 0x46002309, 0x27416aff, 0x0c5b5813, 0x4812a34a, 0x00230f05, 0x49d8ff00, 0x9c2006cd, 0xff211b83, 0x083f73b0, 0x1982ce20, 0x8d84b020, 
    0xff214782, 0x083d56c4, 0x83509c20, 0x00d8240c, 0x8874ff00, 0x82b0201b, 0x05af7933, 0x5b833883, 0x0883c420, 0x09855984, 0x00009224, 0x0382ceff, 
    0x82ffb021, 0x821b8347, 0x2343820b, 0x6aff1e00, 0x0c594818, 0x87838820, 0x2006474c, 0x8b278528, 0x88ff2105, 0x21065d46, 0x8b420028, 0x214f8206, 
    0x5b85009c, 0x7e206985, 0x200c677d, 0x08714642, 0x677d0020, 0x0c1d5312, 0x6a20cd88, 0x8822677d, 0x83ff2039, 0x7dcb20d9, 0x99450b67, 0xfcfe210d, 
    0x03821b83, 0x1a209d85, 0xff20cd83, 0x6c0f677d, 0x1d84088b, 0x11830d8c, 0xbf840385, 0x0000d924, 0x0f85abff, 0x4a0f1361, 0x56200871, 0x05831985, 
    0x4d13114d, 0xf14f05b9, 0xff88210c, 0xff237386, 0x6e00006a, 0x098207b7, 0x33419c20, 0x82b5820b, 0x06e55c25, 0xc4ffec22, 0x9c203388, 0xb0202982, 
    0x22083d41, 0x6f74ffba, 0x85690b37, 0x0a957508, 0x2105c148, 0x01829cff, 0xa583c420, 0x1d832382, 0x656e9c20, 0xffd8220e, 0x228b82d8, 0x8260ffc4, 
    0x0e4d5701, 0x25428583, 0x70002006, 0x4785050f, 0x5318059b, 0xb15d3139, 0x18558907, 0x83132f57, 0x218f831d, 0x05860000, 0x09828820, 0x1584ba20, 
    0x0cbb4b18, 0x220f8b41, 0x820010ff, 0x20e18231, 0x2007824c, 0x20eb82ba, 0x41338456, 0x0d830863, 0xe54503b3, 0xa6ff210f, 0x200c6143, 0x20538460, 
    0x20058432, 0x4e198428, 0x375408dd, 0x43118708, 0x37841281, 0x235a0485, 0x0d63450c, 0x180c5d42, 0x18081d4e, 0x1813c154, 0x7908f755, 0x2f83128f, 
    0x5feeff21, 0x0f830981, 0xff230383, 0x83e4ffee, 0x83038307, 0xc3ff2169, 0x03870983, 0x87cdff21, 0x48118809, 0xa78d0a9d, 0x13852185, 0x200c4345, 
    0x05e941c4, 0x83d8ff21, 0x5fff201b, 0xce220993, 0x0182ecff, 0x3786ce20, 0x82ffb021, 0x262382b5, 0xff00007e, 0x4bcefff6, 0x15830803, 0x6208b142, 
    0x858608bb, 0x8407bd5d, 0x0e894e3b, 0x4743ff20, 0x43198409, 0x69820dab, 0x4d83b020, 0x6f490782, 0x204d8410, 0x50af86c4, 0x6b5112e5, 0xe752180b, 
    0x0dad6e15, 0x4d85e183, 0x890a0b46, 0x416182c1, 0x42180949, 0xdb8209b3, 0x8209d95e, 0x09af48c1, 0x41094552, 0x63831381, 0x4c000021, 0xe182059b, 
    0x5c0dab77, 0xd8200f0f, 0x21054141, 0x535f9cff, 0x2543830d, 0x0000b0ff, 0x7585f6ff, 0xfb52ff20, 0x11b54814, 0x420d0548, 0x51830bb9, 0xff210389, 
    0xdf6218ec, 0x8367820d, 0x0c5b52e1, 0x8205cf49, 0x08054179, 0xff203f85, 0x8308af41, 0x091d775f, 0x4313cb47, 0x65510511, 0x12a5530c, 0x0384c783, 
    0x2982ba20, 0x410ef147, 0x99840647, 0x6ba6ff21, 0xaf852d4b, 0x4a8d0540, 0xcbcd3df5, 0x41053f42, 0xec200661, 0x21095b41, 0xeb42e2ff, 0x8277830f, 
    0x18f62015, 0x8317e54e, 0x18038b1f, 0x850f4d64, 0x192d431b, 0x2009d143, 0x06a34fff, 0x5b226351, 0x61850c67, 0xff210583, 0x180584e0, 0x8312c144, 
    0x00002317, 0x07857cff, 0xff000023, 0x210985a4, 0x6418e4ff, 0x53854ba9, 0xff000023, 0x210985c1, 0x0785d0ff, 0xff2105a5, 0x232791c5, 0xd6ffceff, 
    0x53820383, 0x1e201d8d, 0x31932b83, 0x03ab1783, 0x630da74b, 0xff530f93, 0x462b820d, 0xed4c081d, 0x0c676c13, 0x45085144, 0xd8210eb3, 0x051b64ff, 
    0x420e2947, 0x8b821121, 0x0b6ee220, 0xd8ff2167, 0x440ded4d, 0xa75c0dd1, 0x46b38608, 0x05410951, 0x43058d05, 0x198d0b43, 0x8208454a, 0x83ff2047, 
    0x0c957103, 0xe5442b83, 0x152d4111, 0x03a32b83, 0x91058d43, 0x493b8755, 0x17870fcd, 0x1f5b07d7, 0x418bc133, 0xe7578705, 0x756b1808, 0x3f034130, 
    0x910dcf42, 0x192f484d, 0x49082942, 0x6418068d, 0x39830f9f, 0x48c4ff21, 0x3787118f, 0x25840785, 0x8512796c, 0x2105831d, 0x05846aff, 0x48115b7b, 
    0x4b841035, 0x59ffc421, 0x458316af, 0xff27038b, 0x0074ff74, 0x82b0ff00, 0xffc42103, 0xff218182, 0x08c54e38, 0x0eed6618, 0x4ad8ff21, 0xe74f0b91, 
    0x09f14806, 0x6806955d, 0xff21151b, 0x205582d8, 0x23778556, 0x88ffceff, 0x840f1153, 0xffba2175, 0x05514d82, 0x05ef4f0a, 0x83087356, 0x521d893d, 
    0x59820865, 0xdf540020, 0x2eff210c, 0xad832984, 0x4bff7421, 0x118306e1, 0xff200385, 0x497e1d82, 0x5c4c2008, 0x278513df, 0x3d6b0589, 0x4e31850d, 
    0x002005db, 0xb984a182, 0xbaffec22, 0x88200b82, 0x9c220b84, 0x558bd8ff, 0x84050f41, 0x26a16519, 0x220c3568, 0x4324ff4c, 0x477d0715, 0xb1621808, 
    0x8ca38308, 0x0523426b, 0x2007c541, 0x46a58356, 0x78200637, 0x038d2b83, 0x2208f544, 0x8d640028, 0x4b0d8719, 0x15870d33, 0x421807a1, 0x2f990d17, 
    0xffecff23, 0x12d166f6, 0x00006022, 0x41056747, 0x15820d79, 0x47430620, 0x206b8a1f, 0x420b8328, 0x9c200a2f, 0x8305c94b, 0x42038715, 0x6a200c6b, 
    0x87190546, 0x9107402f, 0x401fb744, 0x91ad91b1, 0x2036557a, 0x11af45ec, 0x8341557a, 0xbaff21b9, 0x59650584, 0x0583410c, 0xffbaff27, 0xff0000e2, 
    0x056f434c, 0xfebaff23, 0x220d82fc, 0x82e2ffec, 0xff922217, 0x5e058274, 0x19820a2d, 0xd8ffc424, 0xdd85ceff, 0x200c5772, 0x1815829c, 0x8708df42, 
    0x833d856b, 0x2d03870d, 0x9cff7eff, 0x0000ecff, 0xecffceff, 0x4343c4ff, 0x4fe18d05, 0xec22105f, 0x2f829cff, 0x31824c20, 0x4f827e20, 0xf6ffce22, 
    0x8705e953, 0x43078b51, 0xa3450509, 0x08694610, 0x831b1549, 0x090346ff, 0xe2207384, 0x8f824f83, 0x9f567420, 0xd8ff210f, 0x110f7018, 0x99828783, 
    0x09839f82, 0x4584038b, 0x874aec20, 0x85c4200c, 0x0000235f, 0xed50d8ff, 0x463f8c15, 0x05820529, 0x8288ff21, 0x84c42077, 0x51e2207d, 0x2f521365, 
    0x105f470c, 0x05af1d85, 0x440fdd4e, 0xff2111c9, 0x09094ca6, 0x63422d82, 0x426da90c, 0x9c200653, 0x4c082d46, 0x53520f47, 0x59758810, 0x71a90cf7, 
    0x5a20298a, 0x0aa60b8a, 0x210f2f49, 0xbb433c00, 0x0d814209, 0x470cb953, 0x5518084b, 0x6e9307f7, 0xff88ff23, 0x69dd8260, 0xd8200745, 0x0b1f5a18, 
    0x0dc36618, 0x139b3d93, 0xffd3ff23, 0x181f8bd3, 0x200ca347, 0x18b78d32, 0x8608e552, 0x24674630, 0x890a9355, 0x2139992f, 0x1f4e92ff, 0x0d9d580d, 
    0x42082774, 0xb7491a53, 0x40b28615, 0x7744d006, 0x85e64015, 0xa311bb46, 0x0dff4197, 0x75443197, 0x49299111, 0x23911191, 0xc58511a1, 0xcb42cb99, 
    0x42c39b13, 0x00200dd1, 0x164d6f18, 0x78186f89, 0x398f0947, 0xc4223b82, 0x6b859cff, 0x8319c946, 0x07a9509f, 0xc1570782, 0x85ff870e, 0x87b79b6f, 
    0x5107b129, 0x77580f45, 0x14f75708, 0xa50d4552, 0x113d4a6d, 0x870fa147, 0x21178347, 0xe7a6ecff, 0x88ff2822, 0x2305014c, 0x74ffceff, 0x32204182, 
    0x50200382, 0x00220386, 0x1d458c00, 0x6f562010, 0x50200a4b, 0x00223985, 0x4b460028, 0x60ff2318, 0x4d821e00, 0xff230286, 0x536e00ec, 0x1385136b, 
    0xc820058c, 0x10885582, 0x4620fb88, 0x70181282, 0x17821487, 0xe78302b1, 0x318435b1, 0x41098145, 0xff210921, 0x23a14e9c, 0x04a83e84, 0x9188ff21, 
    0x1ff34353, 0x00ceff25, 0x8288ff00, 0x16074303, 0x288d7ca8, 0x8d18e341, 0x440d8b26, 0x497810c1, 0x88419030, 0x7149785e, 0x88088542, 0x50088783, 
    0x7d550c05, 0x05b54406, 0x20098b55, 0x05e97cff, 0x46069341, 0x691805d3, 0x89560897, 0x4c498308, 0x0022076b, 0x8b52ff00, 0x6f7d180e, 0x06eb4a0c, 
    0x4f829585, 0x3f79ce20, 0x4a2b830d, 0x498209c7, 0xbaffd822, 0xc4200584, 0x83131944, 0x5ecd8319, 0x13830fa9, 0x8d8503b5, 0x764cff21, 0x83840f73, 
    0x7518bb82, 0xf3820d65, 0x0b7ace20, 0x19d94409, 0x19494d84, 0x42fd8a0a, 0x8d451aed, 0x859c2008, 0x119f5b09, 0x5418e389, 0x138a097d, 0x0b87e020, 
    0x15297e18, 0x09d16f18, 0x41112b73, 0x4d87136d, 0x195907a5, 0x82ff211b, 0x258943a5, 0x1f85c195, 0x00efff23, 0x8d518d00, 0xb125850d, 0xff401805, 
    0x205f8209, 0x0a3145d8, 0x275bb020, 0x0c117007, 0x440c4f4e, 0x87831901, 0x418d4b89, 0x038f1b83, 0x0bbd7e18, 0x0cdf6118, 0x8f12654d, 0x180f873b, 
    0x20141166, 0x211d83ba, 0x974506ff, 0x5027850b, 0x74200c2d, 0x2705d94b, 0x6afff6ff, 0x7eff0000, 0x08934218, 0xe2ff6a22, 0x9b601382, 0x74ff2306, 
    0x1d8256ff, 0x22050d54, 0x18baffd8, 0x63087940, 0xff210cc1, 0x204384c4, 0x0f3d7356, 0x7a92ff21, 0x9b4709a3, 0x9cff2305, 0x4388fcfe, 0x1d836020, 
    0x4124ff21, 0xec2a0c29, 0x6affceff, 0x60ffd8ff, 0x415456ff, 0x2429840f, 0xffecff74, 0x203182d8, 0x19fd4488, 0x0340fd83, 0x134b42a5, 0xab19554a, 
    0x876218d3, 0x4b418915, 0x7e180941, 0x258911b3, 0x5d8809c1, 0x4bc1c620, 0x3c204196, 0xff211783, 0x8f0583e7, 0xf7811803, 0x2b51180d, 0x2569410f, 
    0xa6092f45, 0x84d8202f, 0x84e2208f, 0x0a676705, 0x4c200f84, 0x180b4376, 0x8307bb4b, 0x68039319, 0x21870d8d, 0x210d3342, 0x178796ff, 0xff210783, 
    0xc505839a, 0x48ff2003, 0x4f870803, 0x1587798d, 0x8d13d749, 0x09a94329, 0x4513b343, 0xc163068b, 0x855d890e, 0x08314709, 0x4c109f6c, 0x798d0dbb, 
    0x218d3b85, 0x078b1387, 0x118f3591, 0x4d0ecb48, 0xcf480645, 0x210f5005, 0x37753d83, 0x0ca54911, 0x78057367, 0x73480a61, 0x00002119, 0x8b07b348, 
    0x480be1c3, 0x23410f39, 0x093d4f0d, 0xd597899b, 0x0b423385, 0x16a34e06, 0x05892385, 0x8922cb62, 0x8d09bc2c, 0x8f4a8de9, 0x210d42f7, 0x0d933f8d, 
    0x9515314f, 0x7c7f8485, 0x61931c47, 0x7f9a13b3, 0xbb844e8a, 0x8a0cc55c, 0x210a881c, 0x6d18e2ff, 0x16870bff, 0x200c1143, 0x59158510, 0x43440fc5, 
    0x204b8411, 0x11e967b0, 0x059b3f85, 0x8f0fbb41, 0x206b922b, 0x0cd372d8, 0x7560ba20, 0x83f62008, 0x252f833b, 0x0000b0ff, 0x2b43b0ff, 0x0fd74b05, 
    0x740d4d52, 0x5b430bab, 0x05454610, 0xd582ce20, 0x4f82ba20, 0xdf786788, 0x831f8408, 0x82038773, 0x82d82029, 0x9fc42003, 0x892f87d3, 0x15d74107, 
    0x5b471f8a, 0x616a1810, 0x091f4e0d, 0xff243385, 0xff0000ec, 0x8306716f, 0x0fcb6e11, 0x03891383, 0x0d494b18, 0x4583178a, 0x3f84b020, 0x5aff9c21, 
    0xd820057f, 0xf6204982, 0x5c182185, 0x11850b1b, 0xff210585, 0x200182d8, 0x11b741ec, 0x05951d85, 0x9509296c, 0x4d15891f, 0x1b89114d, 0xcb5409b7, 
    0xbb4bb713, 0x67ff2037, 0x558518d9, 0x41fbff21, 0x05410767, 0x0fbd4211, 0x07a92987, 0xa9d6ff21, 0x1829a12b, 0x251b7d40, 0x0000f8ff, 0x4395deff, 
    0x17817018, 0x03532d8f, 0x4dc42012, 0x498d0df9, 0x5c08bd48, 0xbd710573, 0x4a1f8310, 0xff21095d, 0x610b83e2, 0x15841107, 0x8506f743, 0x0be1531d, 
    0x955d7f83, 0xc4ff2513, 0x74ffd8ff, 0x432d0b54, 0x296f0911, 0x0d0b4111, 0x51540b42, 0x99201b39, 0x0da17f8d, 0x9dc9ff21, 0x85701823, 0x831e2008, 
    0x07bb6a27, 0x11430b84, 0x0db74508, 0x03831b83, 0x435e6551, 0xed551a11, 0xa3878309, 0x1b054103, 0x00efff23, 0x0e054100, 0x53899320, 0x180a0b42, 
    0x421e7790, 0x4589110b, 0x6b5209b7, 0xaf79201c, 0x1b6b5255, 0x5d524b83, 0x050b4208, 0x13837120, 0x0d450395, 0x201f8f09, 0x083b41ff, 0x21091144, 
    0x258fcfff, 0xff210fc1, 0x414385d9, 0x0f850975, 0xff21059d, 0x231f93ef, 0xeffff8ff, 0x554a1992, 0x09f96d3a, 0x45091b46, 0x91931775, 0xe75013a7, 
    0x9747951f, 0xe7ff2189, 0x41124750, 0x1d451a05, 0x09214305, 0x05416d8f, 0xeeff2111, 0x8f412b47, 0x00002165, 0x55070761, 0xff212d1d, 0x753982de, 
    0xff210e09, 0x0d8f48de, 0x20080f45, 0x2175831e, 0x0583b4ff, 0xf5870385, 0x221f3748, 0x43ff0000, 0xff210847, 0x233b856d, 0x8eff0000, 0x07b50987, 
    0x4385a58d, 0x85a2ff21, 0x5405ad07, 0x3d870f65, 0x828aff21, 0xffd62201, 0xa70f87ac, 0x138f4307, 0x6311934b, 0x594607a3, 0xd8ff2105, 0x660c9955, 
    0x6c180881, 0x01411b01, 0xf6ff2109, 0x13974d18, 0x180c274b, 0x8512bf4d, 0x0d4f5d93, 0xd8204982, 0xe2207382, 0x8a17594f, 0x0c1543db, 0x85dbff21, 
    0x4205976d, 0x23460923, 0xd1759753, 0x0ca54a17, 0xc50c0141, 0x211b446b, 0xaf135d42, 0x0da3767b, 0xff213d9f, 0x0f7d66ec, 0x76180020, 0xb54f0ef1, 
    0x856a200c, 0x0b55434f, 0x82112d4b, 0x83602041, 0x0c4b4f27, 0x8f586020, 0x83c42006, 0x74ff2107, 0x08155b18, 0xc4ff3824, 0x8564e2ff, 0x6d258408, 
    0xff210541, 0x05a365b0, 0x4f824984, 0x1842ff21, 0x20089547, 0x202f839c, 0x08bb43fe, 0x08959f18, 0xa6202583, 0x00212f83, 0x06414b00, 0x10ff7e22, 
    0x2008d77e, 0x2015824c, 0x5a5b8374, 0xce200a05, 0x4c226382, 0x258292ff, 0x90183820, 0xfc20109d, 0x88202f82, 0xc4205b82, 0x38200782, 0x0f477e18, 
    0x19416583, 0x120b680c, 0x4e124f79, 0xc37f06bb, 0x61ff2005, 0x09820835, 0x5952b020, 0x4f338305, 0xed4e0933, 0x201b840d, 0x087b4cec, 0x25827188, 
    0x0000d824, 0x5763b0ff, 0xf9701809, 0x44e22008, 0x94180547, 0xf55415af, 0x05c57a08, 0x1744ec20, 0x83398313, 0x537b8617, 0xa74716bb, 0x19ad4705, 
    0x22090f46, 0x8400b6ff, 0x83491800, 0xbc188413, 0x088f5804, 0x46abd520, 0x82121548, 0x8e15873e, 0x821e201d, 0x8e00201a, 0x82128313, 0xc2ff2103, 
    0x029a0482, 0x206f1d45, 0x314d4dff, 0xbe9ad220, 0x2f471a82, 0x36437708, 0x2319f965, 0xc4ff74ff, 0x0b5f9d18, 0x0f830b82, 0x83082b4e, 0x05c54239, 
    0x769cff21, 0x4b1809d9, 0xf1421341, 0x71ac8205, 0x0f830cf9, 0xad440383, 0x8d178313, 0xceff2103, 0x08096b18, 0x11959c18, 0x2005b552, 0x204d84ec, 
    0x2d8b52c4, 0x03853383, 0x856f0b42, 0x4705d475, 0x54184a29, 0xe778085b, 0x09e14405, 0xbd910f84, 0x840c8145, 0x17414723, 0xff211791, 0x13654af6, 
    0x95886393, 0x912ab95f, 0x6811a947, 0x61420d39, 0x09034309, 0x47464b8d, 0x4a178709, 0x75421191, 0x9b0f850f, 0x0d314105, 0x2208e352, 0x97e2ffec, 
    0x8d4d835d, 0x8f118335, 0x25314303, 0x0df76618, 0x0cbd7718, 0x0748c420, 0x88ff2305, 0x4b860000, 0x09821420, 0x798f6a20, 0x4407c343, 0x85820549, 
    0x03823220, 0xff470284, 0x08557a09, 0x28008824, 0x0d826aff, 0x84089147, 0x18048228, 0x83097564, 0x0c1f6711, 0x11835020, 0x4418038d, 0x00210791, 
    0x0ab76828, 0xbb54228c, 0x24294705, 0x4208bd45, 0x668c25a7, 0x29470ca0, 0xa0da2008, 0x46208a2a, 0x415816f7, 0x0c3f4b06, 0x89690020, 0x178b4f05, 
    0x0a8e548a, 0x41135d42, 0xd14105e7, 0x09095a05, 0x82f6ff21, 0x83c4200b, 0x0519431b, 0xec240584, 0xf6ff0000, 0x0bab4c18, 0x815e3b86, 0x113b4610, 
    0x20080f49, 0x15a342e2, 0x43053341, 0x25820809, 0x20061549, 0x107b42ba, 0x12f34a18, 0x0ea2e68e, 0x87a8ff21, 0x21394c24, 0x07bb2987, 0x9715dd41, 
    0x2cd94151, 0x458f3a20, 0x85e0ff21, 0x19094311, 0x6b20fb88, 0x0d698a18, 0x86180d83, 0x1983155b, 0x775403a5, 0x09dd6413, 0x258543a5, 0x25179351, 
    0x93ffa4ff, 0x1b51e7ff, 0x472d8409, 0x01250729, 0xb8030500, 0x08375100, 0x5d200982, 0x5e241f82, 0x59003f00, 0x00210384, 0x05596200, 0x15827b20, 
    0x7b200285, 0x7e221182, 0x0c827e00, 0x03822e20, 0x06240283, 0x25005100, 0x00230883, 0x84220087, 0x00052407, 0x84210033, 0x00002209, 0x31078263, 
    0x0014001a, 0x00050020, 0x00240060, 0x0018000a, 0x6583001c, 0x5e000022, 0x00261b82, 0x12000300, 0x09825a00, 0x78001724, 0x0d825800, 0x0e000e24, 
    0x0f822b00, 0x19840320, 0x13821220, 0x2900382c, 0x0d000c00, 0x1e001900, 0x05825400, 0x3f864620, 0x02922482, 0x75000422, 0x04201582, 0x5e240382, 
    0x0f002e00, 0x0a820182, 0x0f240286, 0x74000400, 0x00220b86, 0x018a0600, 0xc3860020, 0x08941c88, 0xc5820520, 0x18200383, 0x03221d84, 0x01860900, 
    0x17000322, 0x1722c382, 0x01840b00, 0x15000e22, 0x08200184, 0x12221d82, 0x01860800, 0xe7823f20, 0x01000d22, 0x23200184, 0x23200b82, 0x09207d82, 
    0x03200386, 0x4c207d82, 0x5a200386, 0x00220784, 0x63847d00, 0x05820b20, 0x17200383, 0x03830782, 0x22000b24, 0x03862c00, 0x07845820, 0x03000022, 
    0x03831b82, 0x07821520, 0x0e200387, 0x0e200b82, 0x0383ad82, 0x33001528, 0x3b002b00, 0x13822100, 0x5b850385, 0x02820e82, 0x3d860920, 0x0a820783, 
    0x0020ad82, 0x17240388, 0x37001a00, 0x38200382, 0x14230784, 0x85003600, 0x84292003, 0x00202307, 0x0383000c, 0x05203583, 0x0389d782, 0x79820d20, 
    0x03820120, 0x24000d28, 0x18001e00, 0x03822300, 0x35001c26, 0x46001c00, 0x35200382, 0x03983083, 0x2a003222, 0x30221b82, 0x33822700, 0xa2001922, 
    0x02850b82, 0x3f821c20, 0xd1843520, 0x0e24d785, 0x09000600, 0x0820f186, 0x6f831782, 0x0220038d, 0x22086141, 0x820b0000, 0x00002829, 0x002c0022, 
    0x822b0033, 0x8212200b, 0x82082003, 0x85918303, 0x00002217, 0x852f8403, 0x8e08202b, 0x410b203b, 0x37830a5b, 0x41000821, 0x37200519, 0x14227988, 
    0x0d412900, 0x20478306, 0x06af4103, 0x00212b85, 0x246f8500, 0x00230018, 0x8b19820e, 0x82522002, 0x8267200c, 0x00002903, 0x0062004d, 0x00480085, 
    0x00201183, 0x15870582, 0x13851c83, 0x23826720, 0x00200d83, 0x4d202982, 0x85200884, 0x62260582, 0x7a007f00, 0x39827900, 0x09823a20, 0x77000024, 
    0x0f824000, 0x11820020, 0x13820020, 0x11822082, 0x13820020, 0x0f830385, 0x0d843a20, 0x73003a22, 0x40213384, 0x83098300, 0x001b2a17, 0x0068001b, 
    0x00440045, 0x230e83a3, 0x4f009b00, 0x83220182, 0x0d824300, 0x03823120, 0xa6003424, 0x1f822f00, 0x27821d20, 0x09824220, 0x1b841282, 0x07200783, 
    0x66200482, 0x84283982, 0xa0003100, 0x1d006400, 0x00200f82, 0x4f200582, 0x4f220782, 0x01820700, 0x4100002e, 0x26000200, 0x16003d00, 0x47001300, 
    0x1a820982, 0x02200286, 0x022a0782, 0x6e003c00, 0x02002800, 0x21824a00, 0x05821082, 0x06821f20, 0x11821f20, 0x00000224, 0x01821300, 0x3d823e20, 
    0x7c003c22, 0x02830d82, 0x1f001f26, 0x3b003e00, 0x28200a82, 0x81200382, 0x07200d82, 0x9c222b82, 0x0d828c00, 0x4e000025, 0x83004900, 0x82662013, 
    0x82452013, 0x00652237, 0x24dd8257, 0x005f0076, 0x20bb8253, 0x20078426, 0x206b8242, 0x83418243, 0x821d2003, 0x2627836f, 0x00760068, 0x828d009d, 
    0x003c22cb, 0x23918284, 0x00550061, 0x37830383, 0x03832383, 0x83206083, 0x88207b82, 0x03839382, 0x42000022, 0x9922d182, 0x75848b00, 0x7d831d83, 
    0x34200789, 0x0383fb82, 0x2f821b20, 0x07210383, 0x83a98300, 0x002f2333, 0x59460026, 0x83158408, 0x23038719, 0x00280031, 0x4d830387, 0x07839f83, 
    0xcb826520, 0xbb826420, 0x80220383, 0x12836a00, 0x00910024, 0x9f870089, 0x1884a387, 0x72200486, 0x06870786, 0x70006f26, 0x39006f00, 0x11830582, 
    0x5b005b24, 0x08835900, 0x39201182, 0x00220382, 0x2b457500, 0x8418840a, 0x000f2404, 0x940f0004, 0x00042201, 0x84019c10, 0x2004d63e, 0x20958204, 
    0xb35bd604, 0x903f2056, 0x002e2234, 0x8313822e, 0x05754705, 0x0d825a20, 0x5a200285, 0x4d260682, 0x38003900, 0x03844a00, 0x47000022, 0x02871182, 
    0x64220b87, 0x12826400, 0x03822c20, 0x0a200283, 0x20066f45, 0x20078801, 0x8309826b, 0x0903450d, 0x1f00152e, 0x4e000900, 0x0d002400, 0x23001a00, 
    0x00203683, 0x08836783, 0x06001924, 0x01840300, 0x05823620, 0x1d000624, 0x11824100, 0x07000622, 0x03200182, 0x202a0386, 0x13001400, 0x1e001700, 
    0x05824600, 0x36833120, 0x06843f82, 0x0b220490, 0x13825d00, 0x03820b20, 0x2c003924, 0x01821000, 0x02860a82, 0x0b001024, 0x0b865c00, 0x0a000022, 
    0x5222018a, 0xb5880500, 0x0122bb85, 0xd1847f00, 0x20076947, 0x47218200, 0x1a200765, 0x06241982, 0x19000c00, 0x0c200382, 0x19200784, 0x0220bb82, 
    0x02220384, 0xc3821c00, 0x05821c20, 0x1387bd83, 0x38000222, 0x0f201d82, 0x0f24c582, 0x17000f00, 0x2722e182, 0x39820a00, 0x19200385, 0x03205b82, 
    0x02200382, 0x01200788, 0x03202d82, 0x02206582, 0x0b830386, 0x05210f85, 0x87258300, 0x20138329, 0x20d18406, 0x89718201, 0x821d2003, 0x22038537, 
    0x8441006b, 0x840420ad, 0x82012005, 0x84038379, 0x23048232, 0x00070001, 0x00200387, 0x5d890b82, 0x1f896185, 0x15003e24, 0x03822000, 0x07883d20, 
    0x14001f23, 0x82038300, 0x09002146, 0x0389d582, 0x0f861320, 0x24001328, 0x1a001e00, 0x03822700, 0x31002323, 0x20038500, 0x83838254, 0x20038733, 
    0x85088636, 0x820520c7, 0x820020f9, 0x8213203f, 0x48172033, 0x2083067b, 0xa7820120, 0x03820320, 0x9783c185, 0x0c000a22, 0x1c210f82, 0x8db38300, 
    0x840f207f, 0x4148207f, 0x52220861, 0x42831900, 0x01222984, 0x65410600, 0x84002008, 0x8403204f, 0x8351870f, 0x4183832b, 0x0c200599, 0x20067f41, 
    0x21698402, 0x6d850001, 0x01227183, 0x13823e00, 0xf9883e20, 0x20001526, 0x14001f00, 0x06201382, 0x19207782, 0x57830782, 0x200bab41, 0x22d18202, 
    0x84410027, 0x20048989, 0x840a8945, 0x003f2109, 0x05851185, 0x51000022, 0x0d8d1584, 0x6a000022, 0x1c831786, 0x66006a2a, 0x60006100, 0x33003f00, 
    0x00240982, 0x2a005f00, 0x00200f82, 0x00201182, 0x21831382, 0x04825f20, 0x03822a20, 0x2a000022, 0x00200182, 0x0d832782, 0x5b003322, 0x2a203384, 
    0x5b200f82, 0x04831d84, 0x04822520, 0x7e000e22, 0x00240582, 0x3c007a00, 0x11830782, 0x2e000022, 0x26200982, 0x02830382, 0x04828120, 0x1b003a22, 
    0x02830582, 0x00202383, 0x22064d48, 0x8225000e, 0x007c2229, 0x20188243, 0x8553842f, 0x262b833d, 0x002d003b, 0x82040008, 0x82722001, 0x00302207, 
    0x200b8418, 0x20058437, 0x22058608, 0x82280029, 0x8240201b, 0x8422200d, 0x84292011, 0x20298305, 0x22178235, 0x82490008, 0x0008220f, 0x21158462, 
    0x3b830004, 0x04201183, 0x04263582, 0x55006800, 0x25820e00, 0x34006c22, 0x00217984, 0x83138500, 0x20038507, 0x2417825e, 0x003a0004, 0x20bb8230, 
    0x850b8418, 0x82492017, 0x8a2920b5, 0x8404200f, 0x244b8347, 0x00290025, 0x834f824f, 0x00432203, 0x23278440, 0x0022002f, 0x3b830383, 0x65006d23, 
    0x20038300, 0x83558400, 0x823c2011, 0x20558595, 0x22258804, 0x82260004, 0x200387fb, 0x24a38200, 0x00500050, 0x20898848, 0x837b8871, 0x24038773, 
    0x0018001b, 0x87d9822e, 0x85738703, 0x005e215d, 0x03838f83, 0x53006723, 0x85758300, 0x840420f7, 0x8285854b, 0x20028a0a, 0x830b8a63, 0x0058260a, 
    0x00580059, 0x83058232, 0x004b240d, 0x834a004b, 0x20118208, 0x22038232, 0x455d0000, 0x18840a2b, 0x10220484, 0x5b470b00, 0x000b2216, 0x84019c11, 
    0x2004ca3e, 0x224b8639, 0x82010039, 0x400c8693, 0x38208606, 0x2c228790, 0x13822c00, 0x02240583, 0x05007500, 0x00240182, 0x0b000a00, 0x0d26bb82, 
    0x03001100, 0x01821300, 0x16000822, 0x09240182, 0x1e001b00, 0x202e1b82, 0x0e002000, 0x27002400, 0x29000f00, 0x1f822a00, 0x2f002d2c, 0x32001500, 
    0x18003e00, 0x01824100, 0x4400252a, 0x26004600, 0x4e004800, 0x502c2182, 0x30005e00, 0x6d006c00, 0x6f003f00, 0x412a0182, 0x74007100, 0x7a004200, 
    0x25827c00, 0x86008126, 0x88004900, 0x4f220182, 0x01829100, 0x93005034, 0x51009700, 0x9e009900, 0xa1005600, 0x5c00d000, 0x0182d300, 0xd5008c22, 
    0x8d220182, 0x0182d700, 0xd9008e22, 0x8f280182, 0xe300db00, 0xe5009000, 0x99220182, 0x0182e700, 0xe9009a22, 0x9b220182, 0x0182eb00, 0xed009c22, 
    0x9d220182, 0x0182ef00, 0xf1009e28, 0x9f00f900, 0x0182fb00, 0x00a84408, 0x00fe00fd, 0x010401a9, 0x01ab0004, 0x00060106, 0x010801ac, 0x01ad0008, 
    0x0010010b, 0x011201ae, 0x01b40024, 0x003d0127, 0x014c01c7, 0x01de004d, 0x0053014f, 0x015801e0, 0x01e50062, 0x00750164, 0x827701f0, 0x01022a01, 
    0x0181017a, 0x01830103, 0x2e398284, 0x01870186, 0x0189010d, 0x010f018b, 0x8293018d, 0x01952645, 0x01190195, 0x22018297, 0x8299011a, 0x011b3401, 
    0x01ab019b, 0x01ad011c, 0x012d01af, 0x01bc01b1, 0x82c40130, 0x013c2201, 0x2e0182c6, 0x01c9013d, 0x013e01cd, 0x01d101d0, 0x82d40143, 0x01452201, 
    0x2e0182d7, 0x01da0146, 0x014701db, 0x01e001df, 0x82e30149, 0x014b2e01, 0x01eb01e5, 0x01ed014c, 0x015301ef, 0x220182f1, 0x82f30156, 0x01572201, 
    0x220182f6, 0x82f80158, 0x01592201, 0x080182fa, 0xfe015aac, 0x5b01ff01, 0x07020102, 0x0a025d01, 0x64010f02, 0x16021202, 0x18026a01, 0x6f011802, 
    0x21021a02, 0x24027001, 0x78012402, 0x28022802, 0x2a027901, 0x7a013002, 0x34023302, 0x36028101, 0x83013802, 0x41023a02, 0x47028601, 0x8e014702, 
    0x4f024902, 0x52028f01, 0x96015302, 0x57025502, 0x59029801, 0x9b015e02, 0x65026202, 0x6702a101, 0xa5016702, 0x6e026902, 0x7102a601, 0xac019e02, 
    0xa602a102, 0xa802da01, 0xe001ad02, 0xb102b002, 0xb402e601, 0xe801b502, 0xc602b702, 0xcb02ea01, 0xfa01d802, 0xdc02db02, 0xdf020802, 0x9f82e602, 
    0xf002e922, 0x3e089f82, 0x02f902f9, 0x0301031a, 0x031b0205, 0x020a0308, 0x030d0320, 0x0323020f, 0x02120311, 0x031c0326, 0x03280238, 0x02690367, 
    0x03af0345, 0x034802af, 0x02b903b8, 0x03bb0349, 0x004b02bc, 0x82010000, 0xdf002403, 0x8331cbd6, 0x65e12b07, 0x00009902, 0xb1e20000, 0xfa05844b, 
    0xb4b82d1e, 
};

